1.0,-0.0,0.0,0.9954704640236598,-0.09507131668657712,0.9954704640236598,-0.09507131668657712,0.0,0.0
1.0380761523046091,-0.0,0.0,0.995119248730331,-0.09867968791185726,0.9951192487303311,-0.09867968791185726,-9.765182674515979e-17,9.683514613479722e-18
1.0761523046092185,-0.0,-1.570092458683775e-17,0.994754953893027,-0.10228676212140876,0.994754953893027,-0.10228676212140878,0.0,0.0
1.1142284569138277,-0.0,0.0,0.994377584299928,-0.10589249190494801,0.994377584299928,-0.105892491904948,-9.822850367995039e-17,4.292622270881087e-18
1.1523046092184368,1.25607396694702e-16,-0.0,0.993987144911065,-0.10949682986986226,0.993987144911065,-0.10949682986986226,-1.3431261470972739e-18,-1.2192591564480311e-17
1.190380761523046,-1.25607396694702e-16,0.0,0.9935836408582539,-0.11309972864183228,0.9935836408582539,-0.11309972864183226,-9.750113634894455e-17,1.1098564438732637e-17
1.2284569138276553,0.0,1.570092458683775e-17,0.9931670774450296,-0.11670114086545522,0.9931670774450293,-0.11670114086545517,0.0,0.0
1.2665330661322645,1.25607396694702e-16,-0.0,0.9927374601465739,-0.1203010192048669,0.9927374601465739,-0.12030101920486691,0.0,0.0
1.3046092184368736,-1.25607396694702e-16,-3.14018491736755e-17,0.9922947946096458,-0.12389931634436412,0.9922947946096456,-0.12389931634436412,-9.737466086298563e-17,1.2158336389272594e-17
1.342685370741483,-0.0,-3.14018491736755e-17,0.9918390866525063,-0.12749598498902653,0.9918390866525063,-0.12749598498902656,-1.5639100354978937e-18,-1.2166242735788308e-17
1.3807615230460921,-0.0,0.0,0.9913703422648417,-0.13109097786533808,0.9913703422648417,-0.13109097786533808,-9.567593616776873e-17,2.5024552688559164e-17
1.4188376753507013,1.25607396694702e-16,-4.710277376051325e-17,0.9908885676076853,-0.13468424772180862,0.9908885676076854,-0.13468424772180865,-9.88887504752021e-17,1.0620867641818623e-18
1.4569138276553106,-2.51214793389404e-16,1.570092458683775e-17,0.9903937690133363,-0.13827574732959477,0.9903937690133363,-0.13827574732959472,-9.888425008549204e-17,1.4205927886971742e-18
1.4949899799599198,2.51214793389404e-16,-0.0,0.9898859529852767,-0.14186542948312086,0.989885952985277,-0.1418654294831209,-9.713827935869909e-17,1.3921365061211438e-17
1.5330661322645291,3.76822190084106e-16,-3.14018491736755e-17,0.9893651261980854,-0.14545324700069917,0.9893651261980857,-0.14545324700069923,-9.887135026901213e-17,2.1375441103640208e-18
1.5711422845691383,-2.51214793389404e-16,3.14018491736755e-17,0.9888312954973508,-0.14903915272515025,0.9888312954973507,-0.14903915272515017,-9.886295101179345e-17,2.4959799841259663e-18
1.6092184368737474,-0.0,-3.14018491736755e-17,0.9882844678995811,-0.15262309952442268,0.9882844678995811,-0.1526230995244227,-1.87212794987687e-18,-1.2122640547526873e-17
1.6472945891783568,1.25607396694702e-16,-3.14018491736755e-17,0.9877246505921111,-0.15620504029221258,0.9877246505921113,-0.1562050402922126,-9.692618907192129e-17,1.532852223569989e-17
1.685370741482966,-1.25607396694702e-16,-3.14018491736755e-17,0.9871518509330093,-0.15978492794858262,0.9871518509330093,-0.15978492794858265,-1.9599774248703124e-18,-1.2108747474419125e-17
1.723446893787575,1.25607396694702e-16,3.14018491736755e-17,0.9865660764509794,-0.163362715440581,0.9865660764509795,-0.163362715440581,-9.881636109824022e-17,3.92934831029652e-18
1.7615230460921842,-1.25607396694702e-16,0.0,0.9859673348452628,-0.16693835574286,0.9859673348452624,-0.16693835574285998,0.0,0.0
1.7995991983967936,-2.51214793389404e-16,3.14018491736755e-17,0.985355633985536,-0.17051180185829362,0.9853556339855362,-0.1705118018582936,-9.460215864159214e-17,2.8819170341848215e-17
1.8376753507014028,-1.25607396694702e-16,0.0,0.9847309819118096,-0.17408300681859581,0.9847309819118094,-0.1740830068185958,0.0,0.0
1.875751503006012,-0.0,-6.2803698347351e-17,0.9840933868343192,-0.1776519236849375,0.9840933868343194,-0.17765192368493754,-1.0092813073257727e-16,-6.709340979931186e-18
1.9138276553106213,-1.25607396694702e-16,0.0,0.9834428571334205,-0.18121850554856353,0.9834428571334203,-0.18121850554856347,-9.872890247803602e-17,5.719861390268269e-18
1.9519038076152304,1.25607396694702e-16,-3.14018491736755e-17,0.9827794013594771,-0.1847827055314095,0.9827794013594773,-0.18478270553140952,-9.644090791401689e-17,1.8132870778128175e-17
1.9899799599198396,-0.0,-3.14018491736755e-17,0.98210302823275,-0.1883444767867176,0.98210302823275,-0.1883444767867176,-4.620597541211978e-18,-2.4093633723105303e-17
2.0280561122244487,-1.25607396694702e-16,3.14018491736755e-17,0.9814137466432806,-0.19190377249965251,0.9814137466432806,-0.19190377249965246,-9.866085348140862e-17,6.79330473050129e-18
2.0661322645290583,1.25607396694702e-16,-0.0,0.9807115656507766,-0.19546054588791664,0.9807115656507769,-0.1954605458879167,-9.384040263991492e-17,3.1210444265022645e-17
2.1042084168336674,-0.0,-3.14018491736755e-17,0.9799964944844907,-0.19901475020236506,0.9799964944844907,-0.1990147502023651,-2.4411840504653806e-18,-1.2020977386926832e-17
2.1422845691382766,-0.0,0.0,0.9792685425430999,-0.20256633872762014,0.9792685425430998,-0.20256633872762012,-2.4847490689017145e-18,-1.2012048075571661e-17
2.1803607214428857,1.25607396694702e-16,-3.14018491736755e-17,0.9785277193945828,-0.20611526478268516,0.978527719394583,-0.20611526478268521,-9.855196848070819e-17,8.22329054691219e-18
2.218436873747495,-1.25607396694702e-16,0.0,0.9777740347760933,-0.20966148172155818,0.9777740347760931,-0.20966148172155816,0.0,0.0
2.256513026052104,-0.0,-3.14018491736755e-17,0.9770074985938316,-0.21320494293384507,0.9770074985938316,-0.21320494293384507,0.0,0.0
2.2945891783567136,-0.0,-3.14018491736755e-17,0.976228120922916,-0.21674560184537212,0.976228120922916,-0.21674560184537212,-5.317353670473357e-18,-2.3949506415876607e-17
2.3326653306613228,-1.25607396694702e-16,-3.14018491736755e-17,0.9754359120072488,-0.2202834119187982,0.9754359120072486,-0.2202834119187982,-2.7020728423971615e-18,-1.1965035698218058e-17
2.370741482965932,2.51214793389404e-16,-6.2803698347351e-17,0.9746308822593822,-0.22381832665422652,0.9746308822593825,-0.22381832665422663,-9.564128738973567e-17,2.1963466674688937e-17
2.408817635270541,-1.25607396694702e-16,-3.14018491736755e-17,0.9738130422603821,-0.2273502995898156,0.9738130422603822,-0.22735029958981562,-9.556103211380816e-17,2.2310061929091653e-17
2.44689378757515,-1.25607396694702e-16,3.14018491736755e-17,0.9729824027596881,-0.23087928430239008,0.9729824027596883,-0.23087928430239002,-1.0114361179952366e-16,-1.2135162563601024e-18
2.4849699398797593,1.25607396694702e-16,-6.2803698347351e-17,0.9721389746749723,-0.23440523440805097,0.9721389746749725,-0.23440523440805106,-8.964616251404568e-17,4.6851556815782593e-17
2.5230460921843685,-0.0,-3.14018491736755e-17,0.9712827690919965,-0.23792810356278535,0.9712827690919965,-0.23792810356278535,-5.837017517388461e-18,-2.3828183609388096e-17
2.561122244488978,-1.25607396694702e-16,-3.14018491736755e-17,0.9704137972644653,-0.24144784546307513,0.9704137972644653,-0.2414478454630751,-1.011508278262111e-16,-1.1340030593037067e-19
2.599198396793587,-1.25607396694702e-16,-3.14018491736755e-17,0.9695320706138801,-0.2449644138465059,0.9695320706138799,-0.2449644138465059,6.009637169160785e-18,2.3785234258170595e-17
2.6372745490981964,-0.0,0.0,0.9686376007293865,-0.24847776249237535,0.9686376007293868,-0.24847776249237533,-1.0114899108517061e-16,6.200258133879866e-19
2.6753507014028055,-2.51214793389404e-16,0.0,0.9677303993676247,-0.25198784522229994,0.9677303993676243,-0.25198784522229983,0.0,0.0
2.7134268537074147,2.51214793389404e-16,-6.2803698347351e-17,0.9668104784525718,-0.2554946159008226,0.9668104784525722,-0.25549461590082273,-8.86058936737368e-17,4.879035187243116e-17
2.751503006012024,-1.25607396694702e-16,3.14018491736755e-17,0.9658778500753886,-0.2589980284360189,0.9658778500753887,-0.2589980284360188,-1.0113626507677534e-16,1.7200918223807918e-18
2.7895791583166334,2.51214793389404e-16,-3.14018491736755e-17,0.9649325264942579,-0.26249803678010264,0.9649325264942581,-0.2624980367801027,-1.0112936437370316e-16,2.0867417013066445e-18
2.8276553106212425,0.0,6.2803698347351e-17,0.9639745201342245,-0.26599459493003136,0.9639745201342246,-0.26599459493003136,-8.80700060961553e-17,4.975114929105012e-17
2.8657314629258517,1.25607396694702e-16,-1.570092458683775e-16,0.9630038435870318,-0.26948765692811105,0.9630038435870321,-0.2694876569281112,-1.0111157543514285e-16,2.819954357894723e-18
2.903807615230461,-1.25607396694702e-16,-3.14018491736755e-17,0.9620205096109568,-0.2729771768625998,0.9620205096109566,-0.2729771768625998,0.0,0.0
2.94188376753507,-0.0,0.0,0.9610245311306409,-0.2764631088683116,0.9610245311306409,-0.27646310886831155,-6.7823850365376165e-18,-2.3576521389661408e-17
2.979959919839679,0.0,3.14018491736755e-17,0.9600159212369218,-0.279945407127219,0.9600159212369217,-0.27994540712721894,0.0,0.0
3.0180360721442883,-1.25607396694702e-16,-6.2803698347351e-17,0.9589946931866604,-0.2834240258690556,0.9589946931866602,-0.2834240258690556,-6.95315508791874e-18,-2.3526723995158373e-17
3.0561122244488974,-1.25607396694702e-16,3.14018491736755e-17,0.9579608604025668,-0.2868989193719173,0.9579608604025668,-0.2868989193719173,-7.03840358922456e-18,-2.3501361291129542e-17
3.094188376753507,0.0,6.2803698347351e-17,0.956914436473024,-0.2903700419628637,0.9569144364730239,-0.29037004196286365,0.0,0.0
3.132264529058116,-2.51214793389404e-16,-3.14018491736755e-17,0.9558554351519086,-0.2938373480185176,0.9558554351519083,-0.29383734801851746,-9.379883814524434e-17,2.883448776271963e-17
3.1703406813627253,-2.51214793389404e-16,0.0,0.9547838703584115,-0.29730079196566545,0.9547838703584114,-0.2973007919656654,-1.0098727421119688e-16,5.750937049708931e-18
3.2084168336673344,-0.0,-6.2803698347351e-17,0.9536997561768537,-0.3007603282818563,0.9536997561768535,-0.3007603282818563,-7.37846130166561e-18,-2.3396824922216136e-17
3.2464929859719436,-2.51214793389404e-16,0.0,0.952603106856501,-0.30421591149599936,0.9526031068565008,-0.30421591149599936,-7.463236069554365e-18,-2.3369921159283224e-17
3.2845691382765527,-0.0,0.0,0.951493936811378,-0.3076674961889629,0.951493936811378,-0.3076674961889629,0.0,0.0
3.3226452905811623,-0.0,0.0,0.9503722606200775,-0.31111503699416987,0.9503722606200774,-0.31111503699416987,0.0,0.0
3.3607214428857715,-0.0,-6.2803698347351e-17,0.9492380930255692,-0.3145584885981953,0.9492380930255692,-0.31455848859819535,-7.716967355671762e-18,-2.3287368302418966e-17
3.3987975951903806,1.25607396694702e-16,-0.0,0.9480914489350062,-0.3179978057413612,0.9480914489350063,-0.3179978057413612,-9.303695213221417e-17,3.120537229203121e-17
3.4368737474949898,-1.25607396694702e-16,0.0,0.9469323434195289,-0.3214329432183318,0.9469323434195288,-0.3214329432183318,0.0,0.0
3.474949899799599,-1.25607396694702e-16,0.0,0.9457607917140667,-0.32486385587870753,0.9457607917140668,-0.3248638558787076,-7.96978578459518e-18,-2.320206073107895e-17
3.513026052104208,2.51214793389404e-16,-1.25607396694702e-16,0.944576809217138,-0.3282904986276185,0.9445768092171382,-0.32829049862761867,-9.269205779996322e-17,3.2215402259547515e-17
3.551102204408817,1.25607396694702e-16,-6.2803698347351e-17,0.9433804114906478,-0.3317128264263174,0.9433804114906478,-0.33171282642631744,0.0,0.0
3.5891783567134268,-2.51214793389404e-16,-6.2803698347351e-17,0.9421716142596827,-0.335130794292771,0.9421716142596825,-0.33513079429277093,-9.24560341459404e-17,3.2886645799486446e-17
3.627254509018036,-0.0,0.0,0.9409504334123053,-0.3385443573022519,0.9409504334123053,-0.33854435730225185,-1.0894700941631224e-16,-1.2946477963608376e-17
3.665330661322645,-2.51214793389404e-16,0.0,0.9397168849993441,-0.34195347058792874,0.9397168849993439,-0.34195347058792863,-1.0060418973643693e-16,1.0502372923876956e-17
3.703406813627254,1.25607396694702e-16,-1.25607396694702e-16,0.9384709852341833,-0.3453580893414562,0.9384709852341834,-0.3453580893414563,-9.209288853810774e-17,3.389025822627862e-17
3.7414829659318634,2.51214793389404e-16,-1.25607396694702e-16,0.9372127504925496,-0.3487581688135632,0.9372127504925498,-0.3487581688135633,-9.196941698316444e-17,3.422391067240867e-17
3.7795591182364725,-2.51214793389404e-16,0.0,0.9359421973122969,-0.35215366431464207,0.9359421973122967,-0.35215366431464196,-8.639278322473078e-18,-2.2961184152561856e-17
3.817635270541082,-0.0,0.0,0.9346593423931884,-0.3555445312153353,0.9346593423931885,-0.35554453121533536,-8.722465424804002e-18,-2.29297122645294e-17
3.8557114228456912,2.51214793389404e-16,-6.2803698347351e-17,0.9333642025966782,-0.35893072494712247,0.9333642025966785,-0.3589307249471226,-9.15917559814025e-17,3.5222151526836095e-17
3.8937875751503004,-1.25607396694702e-16,0.0,0.9320567949456892,-0.3623122010029053,0.932056794945689,-0.36231220100290523,-1.7776989202618176e-17,-4.573172952528738e-17
3.9318637274549095,-0.0,0.0,0.9307371366243883,-0.3656889149375938,0.9307371366243884,-0.36568891493759387,0.0,0.0
3.9699398797595187,1.25607396694702e-16,-0.0,0.9294052449779625,-0.3690608223686896,0.9294052449779626,-0.36906082236868964,0.0,0.0
4.008016032064128,-0.0,-6.2803698347351e-17,0.9280611375123895,-0.3724278789768696,0.9280611375123894,-0.3724278789768696,-9.136659440393384e-18,-2.2767840518838882e-17
4.046092184368737,-0.0,0.0,0.9267048318942077,-0.3757900405065684,0.9267048318942077,-0.3757900405065684,0.0,0.0
4.084168336673347,-0.0,-1.88411095042053e-16,0.9253363459502847,-0.37914726276655997,0.9253363459502847,-0.3791472627665601,-1.0010548018891473e-16,1.4505022085608495e-17
4.122244488977956,-2.51214793389404e-16,0.0,0.9239556976675826,-0.38249950163053864,0.9239556976675826,-0.3824995016305386,-1.0005223555036751e-16,1.4867850918372915e-17
4.160320641282565,-1.25607396694702e-16,0.0,0.9225629051929215,-0.38584671303769913,0.9225629051929213,-0.3858467130376991,0.0,0.0
4.198396793587174,-1.25607396694702e-16,-6.2803698347351e-17,0.9211579868327409,-0.3891888529933151,0.9211579868327405,-0.38918885299331507,0.0,0.0
4.236472945891784,1.25607396694702e-16,-6.2803698347351e-17,0.919740961052859,-0.39252587756931817,0.9197409610528591,-0.3925258775693182,0.0,0.0
4.274549098196393,-0.0,0.0,0.9183118464782309,-0.3958577429048748,0.9183118464782309,-0.3958577429048748,-9.711457138226946e-18,-2.2528664138678797e-17
4.312625250501002,-1.25607396694702e-16,0.0,0.9168706618927028,-0.399184405206963,0.9168706618927028,-0.3991844052069629,-1.0955937024662153e-16,-5.814339479590393e-18
4.350701402805611,-1.25607396694702e-16,-1.25607396694702e-16,0.9154174262387657,-0.40250582075094765,0.9154174262387655,-0.4025058207509477,-9.874552402146662e-18,-2.24576562107062e-17
4.38877755511022,1.25607396694702e-16,-0.0,0.9139521586173054,-0.40582194588115583,0.9139521586173055,-0.40582194588115583,-7.973093110273089e-17,6.224533279731719e-17
4.426853707414829,0.0,6.2803698347351e-17,0.912474878287353,-0.4091327370114498,0.9124748782873531,-0.4091327370114498,-9.957899883643443e-17,1.7763046481124216e-17
4.4649298597194385,-1.25607396694702e-16,6.2803698347351e-17,0.9109856046658307,-0.41243815062580075,0.9109856046658307,-0.41243815062580064,-8.939572674095623e-17,4.047287687319078e-17
4.503006012024048,-1.25607396694702e-16,0.0,0.9094843573272969,-0.41573814327885966,0.9094843573272969,-0.41573814327885966,0.0,0.0
4.541082164328658,-0.0,0.0,0.9079711560036888,-0.41903267159652946,0.9079711560036888,-0.41903267159652946,0.0,0.0
4.579158316633267,2.51214793389404e-16,-0.0,0.9064460205840633,-0.4223216922765346,0.9064460205840634,-0.42232169227653465,1.0360689127843077e-17,2.2237563455046186e-17
4.617234468937876,0.0,6.2803698347351e-17,0.904908971114335,-0.4256051620889901,0.904908971114335,-0.42560516208899,-7.835818046866933e-17,6.396482145051792e-17
4.655310621242485,-0.0,0.0,0.9033600277970139,-0.4288830378769698,0.9033600277970139,-0.42888303787696974,-1.0969073617715411e-16,-2.2370850082631468e-18
4.693386773547094,2.51214793389404e-16,-1.25607396694702e-16,0.9017992109909383,-0.43215527655707386,0.9017992109909385,-0.4321552765570741,-8.84942587764907e-17,4.240773379391645e-17
4.731462925851703,-0.0,-6.2803698347351e-17,0.9002265412110084,-0.43542183511999516,0.9002265412110085,-0.4354218351199952,-8.833993146639895e-17,4.2728283729259664e-17
4.7695390781563125,-2.51214793389404e-16,6.2803698347351e-17,0.8986420391279167,-0.43868267063108357,0.8986420391279166,-0.4386826706310835,-1.0762068014267541e-17,-2.204611076079612e-17
4.807615230460922,-0.0,-6.2803698347351e-17,0.8970457255678749,-0.44193774023091165,0.8970457255678749,-0.4419377402309116,-1.097116428362992e-16,-6.462032037508948e-19
4.845691382765531,-0.0,0.0,0.895437621512342,-0.445187001135837,0.895437621512342,-0.4451870011358369,-8.786999104739154e-17,4.368654707421392e-17
4.88376753507014,-0.0,0.0,0.8938177480977472,-0.44843041063856515,0.8938177480977472,-0.4484304106385651,-8.771103160787418e-17,4.400482537425497e-17
4.921843687374749,-1.25607396694702e-16,-6.2803698347351e-17,0.8921861266152127,-0.45166792610871037,0.8921861266152127,-0.4516679261087103,-1.0971218196544665e-16,5.470656276381257e-19
4.959919839679358,-1.25607396694702e-16,0.0,0.8905427785102741,-0.4548995049933567,0.890542778510274,-0.45489950499335663,0.0,0.0
4.997995991983967,-2.51214793389404e-16,0.0,0.8888877253825973,-0.4581251048176166,0.8888877253825973,-0.4581251048176166,0.0,0.0
5.0360721442885765,-1.25607396694702e-16,-6.2803698347351e-17,0.8872209889856963,-0.46134468318518945,0.8872209889856963,-0.46134468318518956,0.0,0.0
5.074148296593186,-1.25607396694702e-16,0.0,0.8855425912266459,-0.464558197778919,0.8855425912266459,-0.46455819777891894,-8.689898402051536e-17,4.5587457684525394e-17
5.112224448897795,0.0,6.2803698347351e-17,0.8838525541657948,-0.46776560636134923,0.8838525541657948,-0.46776560636134923,0.0,0.0
5.150300601202405,-0.0,-6.2803698347351e-17,0.8821509000164744,-0.4709668667752797,0.8821509000164744,-0.4709668667752798,-2.0174904678849325e-17,6.63912500422114e-17
5.188376753507014,-0.0,0.0,0.8804376511447082,-0.4741619369443198,0.8804376511447082,-0.4741619369443198,0.0,0.0
5.226452905811623,-0.0,-2.51214793389404e-16,0.878712830068917,-0.47735077487344124,0.8787128300689168,-0.47735077487344135,-6.653578873798533e-17,-1.969298550200741e-17
5.264529058116232,1.25607396694702e-16,-0.0,0.8769764594596228,-0.48053333864953085,0.8769764594596229,-0.48053333864953085,-2.3577555348742657e-17,-4.302919142002348e-17
5.302605210420841,1.25607396694702e-16,-6.2803698347351e-17,0.8752285621391516,-0.48370958644194073,0.8752285621391517,-0.48370958644194084,-6.667682934077703e-17,-1.9210030974180842e-17
5.340681362725451,-0.0,0.0,0.873469161081333,-0.48687947650303814,0.873469161081333,-0.48687947650303814,-4.285710445958264e-17,2.3888931073291388e-17
5.37875751503006,-0.0,-6.2803698347351e-17,0.8716982794111978,-0.49004296716875484,0.8716982794111977,-0.49004296716875484,-4.2770215460973244e-17,2.4044148974458837e-17
5.416833667334669,-0.0,-6.2803698347351e-17,0.8699159404046749,-0.4932000168591343,0.8699159404046748,-0.4932000168591342,-6.688181515035692e-17,-1.8483713457029586e-17
5.454909819639278,-0.0,-1.25607396694702e-16,0.8681221674882844,-0.4963505840788777,0.8681221674882844,-0.4963505840788779,-4.2594752137174015e-17,2.4353634653922912e-17
5.492985971943887,-0.0,-6.2803698347351e-17,0.8663169842388309,-0.4994946274178906,0.8663169842388309,-0.4994946274178905,-1.0952025860087532e-16,6.509616610647646e-18
5.531062124248496,-1.25607396694702e-16,-6.2803698347351e-17,0.8645004143830924,-0.5026321055518255,0.8645004143830924,-0.5026321055518255,-6.707888936159876e-17,-1.7755209460394486e-17
5.5691382765531054,-0.0,0.0,0.8626724817975094,-0.5057629772426269,0.8626724817975094,-0.5057629772426269,-4.232736118700893e-17,2.4815457389065693e-17
5.607214428857715,-2.51214793389404e-16,-1.25607396694702e-16,0.8608332105078703,-0.5088872013390717,0.86083321050787,-0.5088872013390716,-6.720586528581618e-17,-1.7268367964368157e-17
5.645290581162325,-1.25607396694702e-16,0.0,0.8589826246889959,-0.5120047367773112,0.8589826246889958,-0.5120047367773111,-4.2146316911393366e-17,2.5121711750763358e-17
5.683366733466934,-1.25607396694702e-16,0.0,0.8571207486644221,-0.51511554258141,0.8571207486644221,-0.51511554258141,0.0,0.0
5.721442885771543,-1.25607396694702e-16,-6.2803698347351e-17,0.8552476069060798,-0.5182195778638855,0.8552476069060797,-0.5182195778638855,-6.738970215802992e-17,-1.6536411461381417e-17
5.759519038076152,-0.0,-1.25607396694702e-16,0.8533632240339729,-0.521316801826244,0.8533632240339729,-0.5213168018262441,-2.5578611847891557e-17,-4.187059883043168e-17
5.797595190380761,-1.25607396694702e-16,0.0,0.8514676248158555,-0.5244071737595184,0.8514676248158553,-0.5244071737595183,-4.1777590516773757e-17,2.5730242149984118e-17
5.83567134268537,0.0,6.2803698347351e-17,0.8495608341669055,-0.5274906530448022,0.8495608341669054,-0.5274906530448021,-6.756556735282434e-17,-1.580249882958537e-17
5.8737474949899795,-2.51214793389404e-16,-6.2803698347351e-17,0.8476428771493976,-0.530567199153784,0.8476428771493975,-0.5305671991537839,-8.317985556683041e-17,5.206497238852055e-17
5.911823647294589,-0.0,0.0,0.8457137789723745,-0.5336367716492798,0.8457137789723745,-0.5336367716492798,-4.149527583029632e-17,2.618309596384031e-17
5.949899799599198,-0.0,-6.2803698347351e-17,0.8437735649913142,-0.5366993301857647,0.8437735649913143,-0.5366993301857648,-2.6333361590790706e-17,-4.1400078475924586e-17
5.987975951903807,-0.0,0.0,0.8418222607077976,-0.539754834509903,0.8418222607077976,-0.539754834509903,0.0,0.0
6.026052104208416,-0.0,0.0,0.8398598917691735,-0.5428032444610775,0.8398598917691735,-0.5428032444610775,-4.1208052575554714e-17,2.6632852521169482e-17
6.064128256513025,-2.51214793389404e-16,0.0,0.8378864839682205,-0.5458445199719176,0.8378864839682202,-0.5458445199719174,-4.111122655348645e-17,2.6782073888180402e-17
6.102204408817634,-1.25607396694702e-16,6.2803698347351e-17,0.835902063242809,-0.5488786210688251,0.8359020632428089,-0.548878621068825,0.0,0.0
6.140280561122244,-0.0,-6.2803698347351e-17,0.8339066556755601,-0.5519055078725006,0.8339066556755601,-0.5519055078725006,-4.091595472882514e-17,2.7079458619270374e-17
6.1783567134268536,-0.0,0.0,0.8319002874935026,-0.5549251405984664,0.8319002874935026,-0.5549251405984664,-4.08175114928254e-17,2.7227618074615178e-17
6.216432865731463,-0.0,0.0,0.8298829850677277,-0.5579374795575913,0.8298829850677277,-0.5579374795575913,-2.737541965845022e-17,-4.07185317639006e-17
6.254509018036072,-1.25607396694702e-16,6.2803698347351e-17,0.8278547749130437,-0.56094248515661,0.8278547749130437,-0.56094248515661,0.0,0.0
6.292585170340681,-0.0,-6.2803698347351e-17,0.8258156836876264,-0.5639401178986456,0.8258156836876263,-0.5639401178986456,-4.0518968038147743e-17,2.766994144568445e-17
6.33066132264529,-0.0,-6.2803698347351e-17,0.8237657381926689,-0.5669303383837271,0.8237657381926689,-0.5669303383837271,-4.041838666432445e-17,2.781665777797908e-17
6.368737474949899,-1.25607396694702e-16,-1.25607396694702e-16,0.8217049653720297,-0.5699131073093083,0.8217049653720297,-0.5699131073093084,-6.828028254015684e-17,-1.2354265546945445e-17
6.406813627254508,-0.0,0.0,0.8196333923118787,-0.5728883854707842,0.8196333923118787,-0.5728883854707842,-4.021563150482128e-17,2.810899167797506e-17
6.444889779559118,-2.51214793389404e-16,0.0,0.8175510462403405,-0.5758561337620054,0.8175510462403404,-0.5758561337620053,-4.01134603840934e-17,2.825460540332874e-17
6.482965931863727,2.51214793389404e-16,-1.88411095042053e-16,0.8154579545271368,-0.5788163131757936,0.8154579545271367,-0.5788163131757937,-6.841060978303793e-17,-1.1610914265509189e-17
6.521042084168336,-2.51214793389404e-16,0.0,0.8133541446832266,-0.5817688848044532,0.8133541446832262,-0.5817688848044529,-1.1362820939937006e-17,6.845225461045834e-17
6.559118236472945,-0.0,0.0,0.8112396443604453,-0.5847138098402828,0.8112396443604452,-0.5847138098402827,-3.9803788993613834e-17,2.868921072870271e-17
6.597194388777554,-1.25607396694702e-16,-1.25607396694702e-16,0.8091144813511404,-0.5876510495760857,0.8091144813511402,-0.5876510495760857,-6.853284458307114e-17,-1.0866189503257555e-17
6.635270541082164,-0.0,0.0,0.8069786835878064,-0.5905805654056786,0.8069786835878064,-0.5905805654056786,-3.9594723294367974e-17,2.89770653746455e-17
6.673346693386773,-0.0,-6.2803698347351e-17,0.804832279142718,-0.5935023188243985,0.804832279142718,-0.5935023188243985,-1.0809924059287609e-16,1.875143556274334e-17
6.7114228456913825,-0.0,0.0,0.8026752962275605,-0.5964162714296098,0.8026752962275605,-0.5964162714296098,-3.938357591808306e-17,2.926339656274768e-17
6.749498997995992,-0.0,-6.2803698347351e-17,0.8005077631930599,-0.5993223849212075,0.8005077631930599,-0.5993223849212076,-3.927722506585127e-17,2.940598615266133e-17
6.787575150300601,0.0,1.25607396694702e-16,0.7983297085286092,-0.6022206211021223,0.7983297085286092,-0.6022206211021222,-9.62216872649014e-18,6.871854720500897e-17
6.82565130260521,-0.0,0.0,0.7961411608618951,-0.6051109418788211,0.7961411608618952,-0.6051109418788212,0.0,0.0
6.863727454909819,-0.0,0.0,0.7939421489585206,-0.6079933092618095,0.7939421489585206,-0.6079933092618096,0.0,0.0
6.901803607214428,-0.0,-1.25607396694702e-16,0.7917327017216276,-0.6108676853661292,0.7917327017216276,-0.6108676853661293,0.0,0.0
6.939879759519037,-0.0,-1.25607396694702e-16,0.789512848191517,-0.6137340324118572,0.789512848191517,-0.6137340324118573,-6.88508545283403e-17,-8.62465603287526e-18
6.9779559118236465,-2.51214793389404e-16,-6.2803698347351e-17,0.7872826175452667,-0.6165923127246018,0.7872826175452667,-0.6165923127246018,-3.862832814564519e-17,3.025334188410266e-17
7.016032064128256,-0.0,-6.2803698347351e-17,0.7850420390963484,-0.6194424887359984,0.7850420390963483,-0.6194424887359984,0.0,0.0
7.054108216432865,-0.0,-1.88411095042053e-16,0.7827911422942418,-0.6222845229842022,0.7827911422942416,-0.6222845229842023,-3.840795216377021e-17,3.05326323966602e-17
7.092184368737474,0.0,6.2803698347351e-17,0.7805299567240483,-0.6251183781143819,0.7805299567240483,-0.6251183781143819,-6.896868281535079e-17,-7.62532961147431e-18
7.130260521042084,-1.25607396694702e-16,-6.2803698347351e-17,0.7782585121061013,-0.6279440168792098,0.7782585121061012,-0.6279440168792098,-6.899587456693404e-17,-7.375239230831266e-18
7.168336673346693,0.0,6.2803698347351e-17,0.7759768382955765,-0.6307614021393514,0.7759768382955766,-0.6307614021393515,-3.0948553772743745e-17,-3.8073605685036376e-17
7.206412825651302,-0.0,-6.2803698347351e-17,0.7736849652820987,-0.6335704968639542,0.7736849652820986,-0.6335704968639542,-3.108638309908209e-17,-3.796115404332629e-17
7.244488977955911,-2.51214793389404e-16,-6.2803698347351e-17,0.7713829231893481,-0.636371264131133,0.771382923189348,-0.636371264131133,-3.122380383547977e-17,-3.784820345178253e-17
7.2825651302605205,1.25607396694702e-16,-1.25607396694702e-16,0.7690707422746637,-0.6391636671284577,0.7690707422746637,-0.6391636671284578,-6.909556957071378e-17,-6.3739412192726335e-18
7.32064128256513,-1.25607396694702e-16,-2.51214793389404e-16,0.7667484529286467,-0.6419476691534343,0.7667484529286464,-0.6419476691534343,-6.91182236830673e-17,-6.123399045102658e-18
7.358717434869739,-2.51214793389404e-16,0.0,0.7644160856747598,-0.6447232336139891,0.7644160856747596,-0.6447232336139889,-3.7506372856703455e-17,3.1633596469860676e-17
7.396793587174348,-1.25607396694702e-16,-6.2803698347351e-17,0.7620736711689273,-0.6474903240289491,0.7620736711689273,-0.6474903240289492,0.0,0.0
7.434869739478957,-0.0,-1.88411095042053e-16,0.7597212401991313,-0.6502489040285219,0.7597212401991311,-0.6502489040285219,-3.7276018435579396e-17,3.1904715640080376e-17
7.472945891783566,2.51214793389404e-16,-0.0,0.757358823685007,-0.6529989373547728,0.7573588236850072,-0.652998937354773,-5.120458453631147e-18,6.919975264545914e-17
7.511022044088175,-1.25607396694702e-16,0.0,0.7549864526774368,-0.6557403878621023,0.7549864526774368,-0.6557403878621023,0.0,0.0
7.549098196392785,1.25607396694702e-16,-1.88411095042053e-16,0.7526041583581418,-0.6584732195177211,0.7526041583581418,-0.6584732195177214,-6.923506092569277e-17,-4.618571162567742e-18
7.587174348697395,-2.51214793389404e-16,-1.25607396694702e-16,0.750211972039272,-0.6611973964021233,0.7502119720392718,-0.6611973964021232,-4.367534810025738e-18,6.925135017204575e-17
7.625250501002004,-0.0,-1.88411095042053e-16,0.7478099251629953,-0.6639128827095582,0.747809925162995,-0.6639128827095582,-3.669158512585302e-17,3.257514407391509e-17
7.663326653306613,-1.25607396694702e-16,-1.25607396694702e-16,0.745398049301083,-0.6666196427485018,0.7453980493010829,-0.6666196427485018,-6.928119780672256e-17,-3.865293188604128e-18
7.701402805611222,-0.0,-6.2803698347351e-17,0.7429763761544963,-0.6693176409421259,0.7429763761544962,-0.6693176409421259,0.0,0.0
7.739478957915831,-0.0,-1.25607396694702e-16,0.7405449375529686,-0.6720068418287645,0.7405449375529684,-0.6720068418287645,-6.93074030096127e-17,-3.3628483509099795e-18
7.77755511022044,-0.0,-1.25607396694702e-16,0.738103765454587,-0.6746872100623814,0.738103765454587,-0.6746872100623815,-3.621534862082328e-17,3.3103790640291914e-17
7.8156312625250495,-2.51214793389404e-16,6.2803698347351e-17,0.7356528919453739,-0.6773587104130337,0.7356528919453738,-0.6773587104130335,-3.609509555788567e-17,3.323486884510222e-17
7.853707414829659,-0.0,0.0,0.733192349238863,-0.6800213077673354,0.7331923492388631,-0.6800213077673355,0.0,0.0
7.891783567134268,-2.51214793389404e-16,0.0,0.7307221696756775,-0.6826749671289186,0.7307221696756775,-0.6826749671289186,-3.349571305066591e-17,-3.585316775002585e-17
7.929859719438877,-0.0,0.0,0.7282423857231045,-0.6853196536188941,0.7282423857231045,-0.6853196536188941,0.0,0.0
7.967935871743486,-2.51214793389404e-16,-1.88411095042053e-16,0.7257530299746678,-0.687955332476309,0.7257530299746677,-0.687955332476309,-1.031189474404628e-16,-3.746391371962216e-17
8.006012024048095,-1.25607396694702e-16,6.2803698347351e-17,0.7232541351497007,-0.690581969058604,0.7232541351497005,-0.6905819690586038,0.0,0.0
8.044088176352705,-0.0,-1.25607396694702e-16,0.7207457340929143,-0.6931995288420686,0.7207457340929143,-0.6931995288420686,-1.0473944487667658e-16,3.266053948338655e-17
8.082164328657315,-0.0,0.0,0.7182278597739679,-0.6958079774222953,0.718227859773968,-0.6958079774222954,-6.938021888407661e-17,-1.1000402564043298e-18
8.120240480961924,-2.51214793389404e-16,-6.2803698347351e-17,0.7157005452870333,-0.6984072805146314,0.7157005452870333,-0.6984072805146314,-6.938375103302823e-17,-8.485007689115649e-19
8.158316633266534,0.0,6.2803698347351e-17,0.7131638238503617,-0.7009974039546297,0.7131638238503617,-0.7009974039546297,-3.499166067604803e-17,3.439471054706463e-17
8.196392785571142,1.25607396694702e-16,-1.25607396694702e-16,0.710617728805846,-0.7035783136984974,0.710617728805846,-0.7035783136984975,-6.938807941989091e-17,-3.453916429247634e-19
8.234468937875752,-0.0,-1.25607396694702e-16,0.7080622936185832,-0.7061499758235437,0.7080622936185832,-0.7061499758235438,-3.464752349188363e-17,-3.4741352109027323e-17
8.27254509018036,-1.25607396694702e-16,-6.2803698347351e-17,0.7054975518764343,-0.7087123565286257,0.7054975518764341,-0.7087123565286257,-3.4615512056907957e-17,3.477324769880007e-17
8.31062124248497,0.0,6.2803698347351e-17,0.7029235372895827,-0.711265422134593,0.7029235372895827,-0.711265422134593,0.0,0.0
8.348697394789578,-0.0,0.0,0.700340283690091,-0.7138091390847294,0.7003402836900913,-0.7138091390847294,-1.037482606901571e-16,3.568417795308485e-17
8.386773547094188,-0.0,-1.25607396694702e-16,0.6977478250314574,-0.7163434739451953,0.6977478250314574,-0.7163434739451954,-3.4235268692028046e-17,3.514767144589652e-17
8.424849699398797,-1.25607396694702e-16,6.2803698347351e-17,0.6951461953881676,-0.7188683934054659,0.6951461953881675,-0.7188683934054657,-6.937917632292884e-17,1.1639388815738542e-18
8.462925851703407,-1.25607396694702e-16,-6.2803698347351e-17,0.6925354289552482,-0.7213838642787697,0.692535428955248,-0.7213838642787697,-6.937450060919452e-17,1.4154597108214996e-18
8.501002004008015,-1.25607396694702e-16,-6.2803698347351e-17,0.6899155600478174,-0.7238898535025245,0.6899155600478173,-0.7238898535025245,-3.5517937496938015e-17,-3.385097556123972e-17
8.539078156312625,-0.0,-6.2803698347351e-17,0.6872866231006333,-0.7263863281387721,0.6872866231006333,-0.7263863281387724,-6.936241374331958e-17,1.9184422505356923e-18
8.577154308617235,-0.0,0.0,0.6846486526676414,-0.7288732553746113,0.6846486526676413,-0.7288732553746112,-3.3592552700045965e-17,3.5762450049999074e-17
8.615230460921843,-0.0,-1.25607396694702e-16,0.6820016834215207,-0.7313506025226286,0.6820016834215206,-0.7313506025226286,0.0,0.0
8.653306613226453,-2.51214793389404e-16,0.0,0.679345750153228,-0.7338183370213283,0.679345750153228,-0.7338183370213284,-3.600508240628302e-17,-3.3332363723576725e-17
8.691382765531062,0.0,6.2803698347351e-17,0.6766808877715401,-0.7362764264355612,0.6766808877715401,-0.7362764264355612,0.0,0.0
8.729458917835672,1.25607396694702e-16,-1.25607396694702e-16,0.6740071313025959,-0.7387248384569489,0.6740071313025959,-0.738724838456949,-3.307042231116534e-17,3.6245821809488927e-17
8.76753507014028,-2.51214793389404e-16,-1.25607396694702e-16,0.6713245158894348,-0.7411635409043107,0.6713245158894346,-0.7411635409043108,-6.930427643602374e-17,3.426678953052644e-18
8.80561122244489,-1.25607396694702e-16,-1.25607396694702e-16,0.6686330767915359,-0.7435925017240854,0.6686330767915359,-0.7435925017240854,-1.0577605343995304e-16,-2.9128828865720366e-17
8.843687374749498,-0.0,0.0,0.6659328493843544,-0.7460116889907521,0.6659328493843544,-0.7460116889907521,-6.92776084932031e-17,3.92909944269227e-18
8.881763527054108,-0.0,0.0,0.6632238691588556,-0.7484210709072515,0.6632238691588556,-0.7484210709072515,0.0,0.0
8.919839679358716,-2.51214793389404e-16,0.0,0.6605061717210496,-0.7508206158054022,0.6605061717210496,-0.750820615805402,-7.367861166877311e-17,-6.481598494583191e-17
8.957915831663327,-0.0,0.0,0.6577797927915229,-0.7532102921463179,0.6577797927915228,-0.7532102921463176,3.6956556234435514e-17,3.2274221629267063e-17
8.995991983967935,-2.51214793389404e-16,-6.2803698347351e-17,0.6550447682049689,-0.7555900685208207,0.6550447682049689,-0.7555900685208207,-7.414664177755609e-17,-6.42800531661802e-17
9.034068136272545,1.25607396694702e-16,-0.0,0.6523011339097169,-0.7579599136498564,0.6523011339097169,-0.7579599136498564,-3.2005409098203804e-17,3.718959826269515e-17
9.072144288577153,-1.25607396694702e-16,0.0,0.6495489259672591,-0.7603197963849028,0.6495489259672591,-0.7603197963849028,-6.917575777185183e-17,5.435015883893123e-18
9.110220440881763,-1.25607396694702e-16,0.0,0.6467881805517779,-0.7626696857083811,0.6467881805517778,-0.762669685708381,0.0,0.0
9.148296593186371,-1.25607396694702e-16,-6.2803698347351e-17,0.644018933949669,-0.7650095507340623,0.6440189339496689,-0.7650095507340622,-3.159903973262311e-17,3.7535491450894184e-17
9.186372745490981,-0.0,-6.2803698347351e-17,0.6412412225590653,-0.7673393607074742,0.6412412225590653,-0.7673393607074742,-7.529960896862715e-17,-6.292550048357205e-17
9.22444889779559,-0.0,-6.2803698347351e-17,0.6384550828893587,-0.7696590850063048,0.6384550828893586,-0.7696590850063045,-6.908966987433625e-17,6.4375754460295904e-18
9.2625250501002,0.0,1.88411095042053e-16,0.6356605515607192,-0.7719686931408051,0.6356605515607192,-0.7719686931408049,3.7876944482510846e-17,3.118893244650794e-17
9.30060120240481,-0.0,0.0,0.6328576653036144,-0.77426815475419,0.6328576653036144,-0.7742681547541901,-6.904117620287443e-17,6.9383607207853286e-18
9.338677354709418,-1.25607396694702e-16,0.0,0.630046460958327,-0.7765574396230375,0.6300464609583268,-0.7765574396230374,0.0,0.0
9.376753507014028,-2.51214793389404e-16,-6.2803698347351e-17,0.627226975474469,-0.7788365176576851,0.6272269754744689,-0.7788365176576851,-3.821391696630826e-17,-3.0775135752359275e-17
9.414829659318636,-1.25607396694702e-16,0.0,0.6243992459104987,-0.7811053589026263,0.6243992459104986,-0.7811053589026262,-3.063639210037218e-17,3.832523854532803e-17
9.452905811623246,-1.25607396694702e-16,-6.2803698347351e-17,0.6215633094332308,-0.7833639335369033,0.6215633094332308,-0.7833639335369033,-3.049724577298892e-17,3.843605638909843e-17
9.490981963927855,1.25607396694702e-16,-6.2803698347351e-17,0.6187192033173499,-0.7856122118744999,0.6187192033173498,-0.7856122118744998,0.0,0.0
9.529058116232465,-0.0,-1.25607396694702e-16,0.6158669649449193,-0.7878501643647309,0.6158669649449192,-0.7878501643647311,-6.887392746419748e-17,8.438422638417326e-18
9.567134268537073,-0.0,-6.2803698347351e-17,0.6130066318048906,-0.7900777615926317,0.6130066318048905,-0.7900777615926317,-3.8765472976573393e-17,-3.007740905375e-17
9.605210420841683,0.0,6.2803698347351e-17,0.6101382414926101,-0.7922949742793433,0.6101382414926103,-0.7922949742793434,-6.881093174659937e-17,8.937591013966413e-18
9.643286573146291,-1.25607396694702e-16,0.0,0.607261831709326,-0.7945017732824982,0.607261831709326,-0.7945017732824982,-6.877807703297017e-17,9.187000632138383e-18
9.681362725450901,-1.25607396694702e-16,-6.2803698347351e-17,0.6043774402616912,-0.7966981295966031,0.6043774402616912,-0.7966981295966031,0.0,0.0
9.71943887775551,-0.0,-1.25607396694702e-16,0.6014851050612672,-0.7988840143534206,0.6014851050612672,-0.7988840143534207,-2.9512100858353556e-17,3.9197555196853956e-17
9.75751503006012,-0.0,-1.25607396694702e-16,0.5985848641240263,-0.8010593988223476,0.5985848641240263,-0.8010593988223477,-2.936979940760581e-17,3.9304291282772705e-17
9.79559118236473,-2.51214793389404e-16,0.0,0.5956767555698507,-0.8032242544107943,0.5956767555698506,-0.8032242544107941,0.0,0.0
9.833667334669338,-2.51214793389404e-16,-1.25607396694702e-16,0.5927608176220326,-0.8053785526645586,0.5927608176220326,-0.8053785526645587,-3.951621224763366e-17,-2.9084040298486936e-17
9.871743486973948,-0.0,-6.2803698347351e-17,0.5898370886067714,-0.8075222652682015,0.5898370886067714,-0.8075222652682016,-3.962139434115132e-17,-2.894058639604642e-17
9.909819639278556,-0.0,0.0,0.5869056069526697,-0.809655364045418,0.5869056069526697,-0.809655364045418,0.0,0.0
9.947895791583166,-1.25607396694702e-16,6.2803698347351e-17,0.5839664111902284,-0.8117778209594083,0.5839664111902284,-0.8117778209594081,-2.865253932295019e-17,3.983019483797233e-17
9.985971943887774,-0.0,0.0,0.5810195399513405,-0.8138896081132457,0.5810195399513404,-0.8138896081132456,0.0,0.0
10.024048096192384,0.0,6.2803698347351e-17,0.5780650319687828,-0.815990697750244,0.5780650319687829,-0.8159906977502441,4.0036901277930313e-17,2.836298585384317e-17
10.062124248496993,-1.25607396694702e-16,0.0,0.5751029260757076,-0.8180810622543215,0.5751029260757076,-0.8180810622543215,-2.8217648974951283e-17,4.0139465826172567e-17
10.100200400801603,1.25607396694702e-16,-0.0,0.5721332612051315,-0.8201606741503646,0.5721332612051317,-0.8201606741503649,-6.831344400540064e-17,1.2169561581629909e-17
10.138276553106211,2.51214793389404e-16,6.2803698347351e-17,0.5691560763894241,-0.8222295061045888,0.5691560763894242,-0.8222295061045889,0.0,0.0
10.176352705410821,-0.0,-6.2803698347351e-17,0.5661714107597948,-0.8242875309248976,0.5661714107597947,-0.8242875309248974,-1.0866739795440025e-16,-1.51148527693864e-17
10.21442885771543,-2.51214793389404e-16,1.25607396694702e-16,0.5631793035457782,-0.8263347215612401,0.5631793035457782,-0.8263347215612399,-6.817704662674584e-17,1.2911823040245405e-17
10.25250501002004,-1.25607396694702e-16,6.2803698347351e-17,0.5601797940747196,-0.8283710511059671,0.5601797940747196,-0.828371051105967,-6.812978782866181e-17,1.315890844217761e-17
10.29058116232465,-1.25607396694702e-16,-1.25607396694702e-16,0.5571729217712569,-0.8303964927941838,0.5571729217712567,-0.8303964927941837,-4.074372722042511e-17,-2.7337906332995472e-17
10.328657314629258,-0.0,0.0,0.5541587261568025,-0.8324110200041022,0.5541587261568026,-0.8324110200041023,-6.803258443394728e-17,1.3652557130659591e-17
10.366733466933868,-2.51214793389404e-16,-1.25607396694702e-16,0.5511372468490247,-0.8344146062573913,0.5511372468490245,-0.8344146062573912,-8.188175504377009e-17,-5.408352718608698e-17
10.404809619238476,-0.0,-1.25607396694702e-16,0.5481085235613262,-0.8364072252195237,0.5481085235613262,-0.8364072252195238,-2.689315810574802e-17,4.103864614705613e-17
10.442885771543086,-2.51214793389404e-16,0.0,0.5450725961023222,-0.8383888507001239,0.5450725961023221,-0.8383888507001238,4.113587537277568e-17,2.67441991429826e-17
10.480961923847694,-2.51214793389404e-16,-1.25607396694702e-16,0.5420295043753176,-0.8403594566533105,0.5420295043753176,-0.8403594566533106,-6.782745258371089e-17,1.4637675258473978e-17
10.519038076152304,-0.0,-6.2803698347351e-17,0.5389792883777825,-0.8423190171780399,0.5389792883777825,-0.84231901717804,-6.777393914830856e-17,1.4883481894014555e-17
10.557114228456912,-0.0,-6.2803698347351e-17,0.5359219882008255,-0.844267506518446,0.5359219882008255,-0.8442675065184461,-4.1424313909261473e-17,-2.6295221003654098e-17
10.595190380761522,-0.0,-1.88411095042053e-16,0.532857644028668,-0.8462048990641791,0.5328576440286679,-0.8462048990641791,-4.151937282881039e-17,-2.6144867763794218e-17
10.63326653306613,-1.25607396694702e-16,0.0,0.5297862961381151,-0.8481311693507422,0.5297862961381151,-0.8481311693507422,4.1613886030382877e-17,2.5994170883764492e-17
10.67134268537074,-1.25607396694702e-16,0.0,0.5267079848980276,-0.8500462920598261,0.5267079848980276,-0.850046292059826,-6.755098461600497e-17,1.5864719927447422e-17
10.709418837675349,-0.0,0.0,0.5236227507687896,-0.8519502420196418,0.5236227507687895,-0.8519502420196416,0.0,0.0
10.747494989979959,-1.25607396694702e-16,1.25607396694702e-16,0.5205306343017774,-0.8538429942052513,0.5205306343017777,-0.8538429942052516,-6.743417717289821e-17,1.635410070845427e-17
10.785571142284569,-0.0,0.0,0.5174316761388273,-0.8557245237388981,0.5174316761388272,-0.8557245237388978,-2.538798664342744e-17,4.1986456919787765e-17
10.823647294589177,0.0,6.2803698347351e-17,0.5143259170117008,-0.85759480589033,0.514325917011701,-0.8575948058903302,0.0,0.0
10.861723446893787,-0.0,-6.2803698347351e-17,0.5112133977415481,-0.8594538160771302,0.5112133977415482,-0.8594538160771305,0.0,0.0
10.899799599198396,-0.0,-6.2803698347351e-17,0.5080941592383739,-0.8613015298650352,0.5080941592383738,-0.861301529865035,-6.718993263797917e-17,1.7330257155388936e-17
10.937875751503006,0.0,6.2803698347351e-17,0.5049682425004979,-0.863137922968258,0.5049682425004979,-0.8631379229682579,-2.4776463419525984e-17,4.235019823926371e-17
10.975951903807614,-2.51214793389404e-16,0.0,0.5018356886140165,-0.8649629712498078,0.5018356886140164,-0.8649629712498076,-2.462276344347645e-17,4.243974494375106e-17
11.014028056112224,-2.51214793389404e-16,-6.2803698347351e-17,0.4986965387522629,-0.8667766507218065,0.4986965387522629,-0.8667766507218065,-2.4468739833332154e-17,4.252873383317153e-17
11.052104208416832,-2.51214793389404e-16,-6.2803698347351e-17,0.49555083417526535,-0.8685789375458045,0.4955508341752654,-0.8685789375458045,-1.0954872208929703e-16,-6.011625489182596e-18
11.090180360721442,-1.25607396694702e-16,-6.2803698347351e-17,0.4923986162292062,-0.8703698080330928,0.4923986162292062,-0.8703698080330928,-1.095697968039191e-16,-5.614426129900061e-18
11.12825651302605,-1.25607396694702e-16,0.0,0.4892399263458767,-0.872149238645016,0.4892399263458767,-0.8721492386450159,-6.679708941518756e-17,1.8787594487520902e-17
11.16633266533066,-0.0,0.0,0.4860748060421334,-0.8739172059932808,0.4860748060421334,-0.8739172059932808,-2.3849449603841633e-17,4.287908795762642e-17
11.204408817635269,-0.0,-6.2803698347351e-17,0.4829032969193526,-0.8756736868402634,0.48290329691935263,-0.8756736868402635,-6.66591086481976e-17,1.927143210028462e-17
11.242484969939879,-1.25607396694702e-16,-6.2803698347351e-17,0.4797254406628835,-0.8774186580993146,0.4797254406628835,-0.8774186580993149,-4.305088806844287e-17,-2.3537915519485754e-17
11.280561122244489,-0.0,-6.2803698347351e-17,0.4765412790414991,-0.8791520968350653,0.47654127904149907,-0.8791520968350653,0.0,0.0
11.318637274549097,-0.0,-6.2803698347351e-17,0.47335085390684895,-0.8808739802637249,0.4733508539068489,-0.8808739802637248,1.9995280857255186e-17,6.644556873417198e-17
11.356713426853707,-0.0,-6.2803698347351e-17,0.4701542071929086,-0.8825842857533821,0.4701542071929086,-0.8825842857533822,0.0,0.0
11.394789579158315,1.25607396694702e-16,-0.0,0.4669513809154275,-0.8842829908243035,0.46695138091542754,-0.8842829908243036,6.386422714762057e-17,8.920999183531713e-17
11.432865731462925,-2.51214793389404e-16,-6.2803698347351e-17,0.4637424171713777,-0.8859700731492278,0.4637424171713776,-0.8859700731492275,-1.0969463540358733e-16,-2.0369379210629897e-18
11.470941883767534,-0.0,-1.25607396694702e-16,0.4605273581384002,-0.8876455105536587,0.46052735813840007,-0.8876455105536589,8.710534513155057e-17,4.51919082519165e-17
11.509018036072144,-1.25607396694702e-16,-1.25607396694702e-16,0.45730624607425047,-0.8893092810161588,0.45730624607425024,-0.8893092810161586,0.0,0.0
11.547094188376752,-0.0,-6.2803698347351e-17,0.4540791233162434,-0.8909613626686353,0.45407912331624345,-0.8909613626686356,-2.227956897389293e-17,4.371536614077015e-17
11.585170340681362,-0.0,0.0,0.45084603228069625,-0.892601733796632,0.45084603228069636,-0.892601733796632,-1.0971263928111662e-16,-4.460206181466244e-19
11.62324649298597,-1.25607396694702e-16,-6.2803698347351e-17,0.44760701546237225,-0.8942303728396098,0.4476070154623723,-0.8942303728396098,-1.097135352773227e-16,-4.826356691854218e-20
11.66132264529058,-1.25607396694702e-16,0.0,0.4443621154339209,-0.8958472583912342,0.44436211543392085,-0.8958472583912341,0.0,0.0
11.699398797595189,-1.25607396694702e-16,-6.2803698347351e-17,0.4411113748453181,-0.8974523691996547,0.44111137484531804,-0.8974523691996547,-1.0821650673191653e-17,2.2016924951691638e-17
11.737474949899799,-0.0,-6.2803698347351e-17,0.43785483642330714,-0.8990456841677841,0.43785483642330714,-0.8990456841677842,-1.0741759010413319e-17,2.2056013261313015e-17
11.775551102204409,-0.0,0.0,0.43459254297083627,-0.9006271823535762,0.43459254297083627,-0.9006271823535762,-1.0661726161229914e-17,2.209481167342136e-17
11.813627254509017,-0.0,-1.25607396694702e-16,0.43132453736649595,-0.9021968429703012,0.43132453736649584,-0.9021968429703012,-1.0581553177568802e-17,2.2133319678062187e-17
11.851703406813627,0.0,6.2803698347351e-17,0.42805086256395514,-0.9037546453868185,0.4280508625639552,-0.9037546453868185,0.0,0.0
11.889779559118235,-1.25607396694702e-16,0.0,0.4247715615913971,-0.9053005691278482,0.4247715615913971,-0.9053005691278482,-1.0420791023718489e-17,2.2209462444215063e-17
11.927855711422845,-1.25607396694702e-16,6.2803698347351e-17,0.4214866775509544,-0.90683459387424,0.42148667755095437,-0.9068345938742399,0.0,0.0
11.965931863727453,-2.51214793389404e-16,-6.2803698347351e-17,0.41819625361814095,-0.9083566994632403,0.4181962536181409,-0.9083566994632403,-1.0259481000869537e-17,2.228443755659559e-17
12.004008016032063,-1.25607396694702e-16,0.0,0.41490033304128565,-0.9098668658887574,0.41490033304128565,-0.9098668658887574,0.0,0.0
12.042084168336672,-0.0,0.0,0.41159895914096334,-0.9113650733016245,0.41159895914096345,-0.9113650733016248,0.0,0.0
12.080160320641282,-0.0,0.0,0.4082921753094265,-0.91285130200986,0.4082921753094265,-0.9128513020098599,-2.0033014543528887e-17,4.478940453704207e-17
12.11823647294589,-0.0,0.0,0.40498002501003305,-0.9143255324789268,0.40498002501003305,-0.9143255324789268,-9.93525129977843e-18,2.2430869114487344e-17
12.1563126252505,-3.76822190084106e-16,-6.2803698347351e-17,0.4016625517766764,-0.9157877453319896,0.40166255177667626,-0.9157877453319891,-9.972082928567713e-17,-1.6948717831565455e-17
12.194388777555108,0.0,6.2803698347351e-17,0.3983397992132137,-0.9172379213501677,0.3983397992132138,-0.9172379213501678,-9.772348667785564e-18,2.2502317861416877e-17
12.232464929859718,-0.0,-6.2803698347351e-17,0.39501181099289123,-0.9186760414727905,0.39501181099289123,-0.9186760414727906,-9.690704148921239e-18,2.2537598823279554e-17
12.270541082164328,-2.51214793389404e-16,-6.2803698347351e-17,0.3916786308577714,-0.9201020867976454,0.3916786308577713,-0.9201020867976453,-9.989926648965814e-17,-1.5863145475770385e-17
12.308617234468937,-1.25607396694702e-16,-6.2803698347351e-17,0.38834030261815733,-0.9215160385812272,0.38834030261815733,-0.9215160385812273,-9.527034070995998e-18,2.260727160519581e-17
12.346693386773547,-2.51214793389404e-16,0.0,0.38499687015201794,-0.9229178782389851,0.3849968701520179,-0.9229178782389851,0.0,0.0
12.384769539078155,-0.0,0.0,0.3816483774044099,-0.924307587345566,0.38164837740441,-0.9243075873455662,-9.070302327471676e-17,-3.745145245197271e-17
12.422845691382765,-1.25607396694702e-16,0.0,0.3782948683869008,-0.9256851476350569,0.3782948683869008,-0.925685147635057,0.0,0.0
12.460921843687373,-2.51214793389404e-16,-1.25607396694702e-16,0.37493638717699046,-0.927050541001226,0.3749363871769903,-0.927050541001226,-9.198199906136446e-18,2.2743047863199043e-17
12.498997995991983,-0.0,0.0,0.3715729779175324,-0.9284037494977587,0.3715729779175325,-0.9284037494977587,-1.0933635568372917e-16,9.089745773193443e-18
12.537074148296592,1.25607396694702e-16,6.2803698347351e-17,0.3682046848161518,-0.9297447553384953,0.368204684816152,-0.9297447553384953,-1.0026962991113951e-16,-1.3323068229214734e-17
12.575150300601202,-2.51214793389404e-16,-6.2803698347351e-17,0.36483155214466617,-0.9310735408976639,0.364831552144666,-0.9310735408976637,-1.0031727263884252e-16,-1.295946140321133e-17
12.61322645290581,-2.51214793389404e-16,-1.25607396694702e-16,0.36145362423850314,-0.9323900887101123,0.3614536242385029,-0.9323900887101121,-8.867431399699881e-18,2.2874041356800672e-17
12.65130260521042,-2.51214793389404e-16,0.0,0.3580709454961169,-0.9336943814715374,0.35807094549611684,-0.9336943814715373,0.0,0.0
12.689378757515028,-2.51214793389404e-16,6.2803698347351e-17,0.3546835603784055,-0.9349864020387131,0.3546835603784055,-0.934986402038713,-1.0045228716594818e-16,-1.1867638041626936e-17
12.727454909819638,-1.25607396694702e-16,0.0,0.3512915134081259,-0.9362661334297148,0.3512915134081259,-0.9362661334297147,-1.72362548750534e-17,4.593826235684413e-17
12.765531062124248,-0.0,0.0,0.3478948491693094,-0.9375335588241434,0.34789484916930935,-0.9375335588241432,-8.534798110869719e-18,2.30002245386367e-17
12.803607214428856,-0.0,0.0,0.3444936123066749,-0.938788661563346,0.3444936123066749,-0.9387886615633458,-9.212406236365275e-17,-3.380542642171515e-17
12.841683366733466,-2.51214793389404e-16,-6.2803698347351e-17,0.3410878475250426,-0.9400314251506346,0.3410878475250426,-0.9400314251506346,-9.224601572217331e-17,-3.347121607173442e-17
12.879759519038075,-1.25607396694702e-16,-6.2803698347351e-17,0.33767759958874627,-0.9412618332515041,0.33767759958874627,-0.9412618332515041,-1.0065089807376464e-16,-1.0044876629497937e-17
12.917835671342685,-0.0,-1.25607396694702e-16,0.3342629133210451,-0.9424798696938453,0.334262913321045,-0.9424798696938453,-8.200369990985018e-18,2.3121570872930836e-17
12.955911823647293,-1.25607396694702e-16,-6.2803698347351e-17,0.33084383360353437,-0.9436855184681583,0.33084383360353437,-0.9436855184681583,-1.6232981504466844e-17,4.630229737237324e-17
12.993987975951903,0.0,6.2803698347351e-17,0.32742040537555467,-0.9448787637277639,0.32742040537555467,-0.9448787637277639,0.0,0.0
13.032064128256511,1.25607396694702e-16,-6.2803698347351e-17,0.3239926736336034,-0.9460595897890096,0.3239926736336034,-0.9460595897890098,0.0,0.0
13.070140280561121,-0.0,0.0,0.3205606834307412,-0.9472279811314782,0.3205606834307412,-0.9472279811314783,0.0,0.0
13.10821643286573,-3.76822190084106e-16,-1.88411095042053e-16,0.3171244798760008,-0.9483839223981899,0.3171244798760006,-0.9483839223981898,-9.306565278089602e-17,-3.11196721448327e-17
13.14629258517034,-2.51214793389404e-16,-6.2803698347351e-17,0.31368410813379377,-0.9495273983958054,0.31368410813379366,-0.9495273983958052,-1.0087337941764575e-16,-7.487600044130984e-18
13.184368737474948,-3.76822190084106e-16,-1.25607396694702e-16,0.31023961342331763,-0.9506583940948246,0.31023961342331746,-0.9506583940948241,-9.328884845954448e-17,-3.0444054838807526e-17
13.222444889779558,-0.0,0.0,0.3067910410179604,-0.9517768946297847,0.30679104101796034,-0.9517768946297845,-7.526410935844441e-18,2.3349651946995105e-17
13.260521042084168,-1.25607396694702e-16,-6.2803698347351e-17,0.30333843624470624,-0.9528828852994561,0.3033384362447062,-0.952882885299456,-9.350713951359453e-17,-2.9766836948546393e-17
13.298597194388776,1.25607396694702e-16,6.2803698347351e-17,0.2998818444835394,-0.9539763515670344,0.29988184448353944,-0.9539763515670346,8.625753248300728e-17,5.283124945995635e-17
13.336673346693386,-3.76822190084106e-16,0.0,0.29642131116684817,-0.955057279060333,0.2964213111668481,-0.9550572790603327,-1.0099252798610815e-16,-5.657925461894148e-18
13.374749498997994,-1.25607396694702e-16,0.0,0.29295688177882756,-0.9561256535719698,0.2929568817788275,-0.9561256535719694,-7.187021731257052e-18,2.3456338722303827e-17
13.412825651302605,-1.25607396694702e-16,0.0,0.28948860185488057,-0.9571814610595559,0.2894886018548806,-0.9571814610595561,-7.101935478863405e-18,2.3482240525023854e-17
13.450901803607213,-1.25607396694702e-16,-9.42055475210265e-17,0.2860165169810209,-0.9582246876458804,0.2860165169810209,-0.9582246876458806,-7.016755880795325e-18,2.350783368433458e-17
13.488977955911823,1.25607396694702e-16,3.14018491736755e-17,0.2825406727932739,-0.9592553196190909,0.28254067279327394,-0.9592553196190909,-9.413247145538932e-17,-2.7725936226509966e-17
13.527054108216431,1.25607396694702e-16,-3.14018491736755e-17,0.27906111497707553,-0.9602733434328745,0.27906111497707564,-0.9602733434328747,-6.846121127146755e-18,2.3558092731234553e-17
13.565130260521041,-1.25607396694702e-16,-3.14018491736755e-17,0.2755778892666726,-0.9612787457066372,0.2755778892666725,-0.961278745706637,0.0,0.0
13.60320641282565,-0.0,-6.2803698347351e-17,0.27209104144452206,-0.9622715132256776,0.272091041444522,-0.9622715132256776,0.0,0.0
13.64128256513026,-1.25607396694702e-16,-3.14018491736755e-17,0.26860061734068835,-0.9632516329413624,0.2686006173406883,-0.9632516329413623,0.0,0.0
13.67935871743487,-1.25607396694702e-16,0.0,0.2651066628322415,-0.9642190919712967,0.2651066628322415,-0.9642190919712967,0.0,0.0
13.717434869739478,-0.0,-6.2803698347351e-17,0.2616092238426541,-0.9651738775994945,0.26160922384265406,-0.9651738775994946,0.0,0.0
13.755511022044088,0.0,3.14018491736755e-17,0.25810834634119806,-0.9661159772765443,0.25810834634119817,-0.9661159772765443,-1.0113780638526384e-16,-1.6269447237314568e-18
13.793587174348696,-2.51214793389404e-16,-9.42055475210265e-17,0.25460407634234006,-0.967045378619775,0.25460407634233995,-0.9670453786197748,-9.489691601099403e-17,-2.4984496263453507e-17
13.831663326653306,-2.51214793389404e-16,-9.42055475210265e-17,0.25109645990513574,-0.967962069413419,0.2510964599051357,-0.967962069413419,-9.498687159237187e-17,-2.4640291131202902e-17
13.869739478957914,-1.25607396694702e-16,-6.2803698347351e-17,0.2475855431326261,-0.9688660376087721,0.24758554313262598,-0.9688660376087719,0.0,0.0
13.907815631262524,-1.25607396694702e-16,-9.42055475210265e-17,0.24407137217123115,-0.9697572713243517,0.2440713721712311,-0.9697572713243517,-1.0115076460417393e-16,-1.601547632263072e-19
13.945891783567133,-2.51214793389404e-16,-3.14018491736755e-17,0.24055399321014218,-0.9706357588460539,0.24055399321014212,-0.9706357588460537,-9.524924281831201e-17,-2.360575066534451e-17
13.983967935871743,-0.0,-3.14018491736755e-17,0.23703345248071558,-0.9715014886273065,0.23703345248071556,-0.9715014886273065,0.0,0.0
14.02204408817635,-1.25607396694702e-16,-6.2803698347351e-17,0.2335097962558656,-0.972354449289221,0.23350979625586554,-0.9723544492892209,-9.54178992497888e-17,-2.2914498133132456e-17
14.06012024048096,-0.0,0.0,0.22998307084945505,-0.9731946296207428,0.2299830708494551,-0.9731946296207428,-9.550034679994236e-17,-2.256841782285411e-17
14.09819639278557,-2.51214793389404e-16,0.0,0.2264533226156873,-0.9740220185787976,0.2264533226156873,-0.9740220185787973,-5.555510220043353e-18,2.3895384780664337e-17
14.13627254509018,0.0,6.2803698347351e-17,0.22292059794849683,-0.9748366052884374,0.22292059794849686,-0.9748366052884373,-5.468842964440824e-18,2.3915368787691676e-17
14.17434869739479,-1.25607396694702e-16,-3.14018491736755e-17,0.21938494328093955,-0.9756383790429828,0.2193849432809395,-0.9756383790429827,-2.6910519140169595e-18,1.196751922920195e-17
14.212424849699397,-1.25607396694702e-16,3.14018491736755e-17,0.21584640508458225,-0.9764273293041641,0.21584640508458222,-0.9764273293041639,-2.6476469754477014e-18,1.1977196767134428e-17
14.250501002004007,-3.76822190084106e-16,-6.2803698347351e-17,0.21230502986889205,-0.9772034457022595,0.21230502986889196,-0.9772034457022593,-9.849794228057124e-17,-8.846941015666639e-18
14.288577154308616,-1.25607396694702e-16,3.14018491736755e-17,0.20876086418062492,-0.977966718036232,0.20876086418062487,-0.9779667180362317,-2.5607332696742728e-18,1.1996079444003197e-17
14.326653306613226,-0.0,-3.14018491736755e-17,0.205213954603214,-0.9787171362738625,0.20521395460321398,-0.9787171362738624,-9.855950032284809e-17,-8.13252082394746e-18
14.364729458917834,-3.76822190084106e-16,0.0,0.20166434775615732,-0.9794546905518825,0.2016643477561573,-0.9794546905518822,-9.858833638797665e-17,-7.775148043129983e-18
14.402805611222444,-1.25607396694702e-16,0.0,0.1981120902944046,-0.9801793711761035,0.1981120902944046,-0.9801793711761034,-2.430111710510342e-18,1.202322061594535e-17
14.440881763527052,-1.25607396694702e-16,-6.2803698347351e-17,0.1945572289077453,-0.9808911686215446,0.1945572289077453,-0.9808911686215446,-1.9489773487629454e-16,-2.6152152965665777e-17
14.478957915831662,-2.51214793389404e-16,-3.14018491736755e-17,0.19099981032019328,-0.9815900735325568,0.19099981032019323,-0.9815900735325566,-9.866706826228376e-17,-6.702435331076684e-18
14.51703406813627,-3.76822190084106e-16,-3.14018491736755e-17,0.18743988128937375,-0.9822760767229474,0.18743988128937367,-0.982276076722947,-9.86907189635508e-17,-6.344681969875286e-18
14.55511022044088,-0.0,0.0,0.18387748860590822,-0.9829491691760994,0.18387748860590822,-0.9829491691760994,0.0,0.0
14.593186372745489,-3.76822190084106e-16,-6.2803698347351e-17,0.18031267909280022,-0.983609342045091,0.1803126790928002,-0.9836093420450909,-1.0094590654050471e-16,6.436364056893973e-18
14.631262525050099,-0.0,0.0,0.17674549960481914,-0.9842565866528113,0.17674549960481914,-0.9842565866528112,-9.658586525708828e-17,-1.7344173502238917e-17
14.669338677354709,-1.25607396694702e-16,3.14018491736755e-17,0.17317599702788394,-0.9848908944920745,0.17317599702788394,-0.9848908944920742,-9.877234730863368e-17,-4.912881637499e-18
14.707414829659317,-1.25607396694702e-16,0.0,0.16960421827844815,-0.9855122572257314,0.16960421827844815,-0.9855122572257315,0.0,0.0
14.745490981963927,-0.0,0.0,0.16603021030288292,-0.9861206666867806,0.1660302103028829,-0.9861206666867804,0.0,0.0
14.783567134268536,-2.51214793389404e-16,-6.2803698347351e-17,0.16245402007685913,-0.9867161148784728,0.16245402007685908,-0.9867161148784725,-9.881993811300847e-17,-3.838336903217727e-18
14.821643286573146,-3.76822190084106e-16,-6.2803698347351e-17,0.15887569460473067,-0.987298593974419,0.15887569460473058,-0.9872985939744185,-9.688437980427056e-17,-1.5590595622939626e-17
14.859719438877754,-3.76822190084106e-16,-6.2803698347351e-17,0.1552952809189162,-0.9878680963186913,0.1552952809189161,-0.9878680963186908,-9.884517136776685e-17,-3.1217136509021436e-18
14.897795591182364,-1.25607396694702e-16,-6.2803698347351e-17,0.15171282607928196,-0.9884246144259246,0.15171282607928188,-0.9884246144259244,-9.885583928760297e-17,-2.76333812354615e-18
14.935871743486974,-1.25607396694702e-16,0.0,0.1481283771725217,-0.9889681409814147,0.1481283771725217,-0.9889681409814145,-9.704821375208947e-17,-1.4535952994727636e-17
14.973947895791584,1.25607396694702e-16,3.14018491736755e-17,0.14454198131153875,-0.9894986688412141,0.14454198131153875,-0.9894986688412142,9.53272727170417e-17,2.63215515342882e-17
15.012024048096192,1.25607396694702e-16,-0.0,0.14095368563482713,-0.9900161910322267,0.14095368563482716,-0.9900161910322268,-9.715105971965844e-17,-1.3831894927432855e-17
15.050100200400802,-0.0,-1.570092458683775e-17,0.13736353730585088,-0.9905207007522983,0.13736353730585088,-0.9905207007522984,0.0,0.0
15.08817635270541,-0.0,-3.14018491736755e-17,0.13377158351242519,-0.9910121913703072,0.13377158351242516,-0.9910121913703072,0.0,0.0
15.12625250501002,0.0,1.570092458683775e-17,0.13017787146609475,-0.9914906564262504,0.13017787146609475,-0.9914906564262503,0.0,0.0
15.16432865731463,-0.0,0.0,0.1265824484015156,-0.9919560896313292,0.1265824484015156,-0.9919560896313293,0.0,0.0
15.202404809619239,-2.51214793389404e-16,0.0,0.12298536157583197,-0.9924084848680313,0.12298536157583198,-0.9924084848680313,-1.5085811620211806e-18,1.2173227172070995e-17
15.240480961923849,-1.25607396694702e-16,1.570092458683775e-17,0.11938665826805628,-0.9928478361902121,0.1193866582680563,-0.9928478361902121,-1.4644382172979076e-18,1.2178616407990282e-17
15.278557114228457,-2.51214793389404e-16,0.0,0.11578638577844727,-0.9932741378231714,0.1157863857784473,-0.9932741378231714,-9.889104059955712e-17,8.216373763270847e-19
15.316633266533067,-0.0,-3.14018491736755e-17,0.1121845914278892,-0.9936873841637306,0.1121845914278892,-0.9936873841637307,-1.3760951639175726e-18,1.2188914595036569e-17
15.354709418837675,-3.76822190084106e-16,0.0,0.10858132255726854,-0.9940875697803057,0.10858132255726853,-0.9940875697803057,-6.659481082073351e-19,6.096911705403668e-18
15.392785571142285,-2.51214793389404e-16,-1.570092458683775e-17,0.1049766265268526,-0.9944746894129795,0.10497662652685258,-0.9944746894129791,-9.75885756374505e-17,-1.0301438102992148e-17
15.430861723446894,-2.51214793389404e-16,0.0,0.10137055071566692,-0.9948487379735688,0.10137055071566689,-0.9948487379735685,-6.217231922316006e-19,6.101580082122543e-18
15.468937875751504,-1.25607396694702e-16,1.570092458683775e-17,0.09776314252087234,-0.9952097105456937,0.09776314252087238,-0.9952097105456938,-9.826030216482716e-17,-3.489779310981737e-18
15.507014028056112,-1.25607396694702e-16,-1.570092458683775e-17,0.09415444935714225,-0.995557602384841,0.09415444935714226,-0.9955576023848411,-9.827230832001174e-17,-3.1335217597852357e-18
15.545090180360722,1.25607396694702e-16,-0.0,0.09054451865603921,-0.9958924089184263,0.09054451865603923,-0.9958924089184265,0.0,0.0
15.58316633266533,0.0,1.570092458683775e-17,0.08693339786539164,-0.9962141257458547,0.08693339786539168,-0.9962141257458548,-9.829244550578622e-17,-2.4208877823105703e-18
15.62124248496994,1.25607396694702e-16,-1.570092458683775e-17,0.08332113444867012,-0.9965227486385781,0.08332113444867013,-0.9965227486385783,-9.778955328401618e-17,-8.176367802927118e-18
15.65931863727455,-1.25607396694702e-16,0.0,0.07970777588436355,-0.9968182735401514,0.07970777588436354,-0.9968182735401513,0.0,0.0
15.697394789579159,-1.25607396694702e-16,0.0,0.0760933696653549,-0.9971006965662855,0.0760933696653549,-0.9971006965662855,-9.831296161523606e-17,-1.351709881451185e-18
15.735470941883769,-0.0,0.0,0.07247796329829782,-0.9973700140048981,0.07247796329829781,-0.997370014004898,0.0,0.0
15.773547094188377,-1.25607396694702e-16,-7.850462293418875e-18,0.06886160430299101,-0.9976262223161632,0.06886160430299101,-0.9976262223161629,-9.832017819339704e-17,-6.38827974609717e-19
15.811623246492987,-0.0,-1.570092458683775e-17,0.06524434021175421,-0.9978693181325562,0.06524434021175421,-0.9978693181325564,0.0,0.0
15.849699398797595,-0.0,0.0,0.06162621856880407,-0.9980992982589006,0.06162621856880408,-0.9980992982589008,0.0,0.0
15.887775551102205,-2.51214793389404e-16,0.0,0.05800728692962802,-0.9983161596724075,0.05800728692962802,-0.9983161596724074,-9.832131086991259e-17,4.3054614677014294e-19
15.925851703406813,-1.25607396694702e-16,0.0,0.05438759286036028,-0.9985198995227165,0.05438759286036026,-0.9985198995227162,-1.6678427616409214e-19,3.06204797673105e-18
15.963927855711423,-1.25607396694702e-16,7.850462293418875e-18,0.0507671839371553,-0.998710515131933,0.050767183937155326,-0.9987105151319332,-9.815992249138107e-17,-1.9191907744727194e-18
16.00200400801603,-3.76822190084106e-16,-2.3551386880256626e-17,0.04714610774556473,-0.9988880039946638,0.04714610774556471,-0.9988880039946637,-9.816623526711391e-17,-1.5633074631672144e-18
16.04008016032064,-1.25607396694702e-16,-1.570092458683775e-17,0.04352441187990965,-0.9990523637780494,0.04352441187990963,-0.9990523637780493,-1.3347138840096215e-19,3.0636808246056926e-18
16.07815631262525,-0.0,-7.850462293418875e-18,0.03990214394265622,-0.9992035923217948,0.03990214394265622,-0.9992035923217949,-1.223633892376543e-19,3.0641445800667722e-18
16.11623246492986,-2.51214793389404e-16,0.0,0.03627935154378947,-0.9993416876381982,0.036279351543789466,-0.9993416876381981,-1.1125378176726838e-19,3.0645680613458038e-18
16.15430861723447,-0.0,-3.9252311467094376e-18,0.03265608230018849,-0.999466647912177,0.03265608230018849,-0.9994666479121769,-9.80784404120538e-17,-3.204566784355166e-18
16.19238476953908,-1.25607396694702e-16,-3.9252311467094376e-18,0.02903238383499919,-0.999578471501291,0.029032383834999193,-0.999578471501291,-9.817844407393664e-17,2.1632374731365756e-19
16.230460921843687,-1.25607396694702e-16,-3.9252311467094376e-18,0.025408303777009058,-0.9996771569357656,0.025408303777009054,-0.9996771569357655,-9.813805621136551e-17,-9.605382307259133e-19
16.268537074148295,-0.0,0.0,0.021783889760021755,-0.9997627029185092,0.02178388976002175,-0.9997627029185091,0.0,0.0
16.306613226452907,-3.76822190084106e-16,-7.850462293418875e-18,0.018159189422229754,-0.9998351083251317,0.01815918942222974,-0.9998351083251312,-9.814244108487865e-17,-2.4893480861448654e-19
16.344689378757515,-2.51214793389404e-16,-3.9252311467094376e-18,0.014534250405589276,-0.9998943722039582,0.014534250405589273,-0.9998943722039582,-9.81204133298614e-17,-1.4262573096523323e-18
16.382765531062123,-2.51214793389404e-16,-1.9626155733547188e-18,0.010909120355192557,-0.9999404937760427,0.010909120355192556,-0.9999404937760423,-1.6726882422423338e-20,1.5332021761819282e-18
16.42084168336673,-2.51214793389404e-16,9.813077866773594e-19,0.00728384691864495,-0.9999734724351769,0.007283846918644952,-0.999973472435177,-5.584137264243892e-21,7.666263710714352e-19
16.458917835671343,-1.25607396694702e-16,-9.813077866773594e-19,0.0036584777454342003,-0.9999933077479001,0.0036584777454342003,-0.9999933077479,-9.813152433178685e-17,2.4311518976280435e-20
16.49699398797595,-1.25607396694702e-16,3.833233541708435e-21,3.306048630750188e-5,-0.9999999994535023,3.306048630750188e-5,-0.999999999453502,-9.813077861410768e-17,-3.2442512644891817e-21
16.53507014028056,-1.25607396694702e-16,0.0,-0.003592357207356371,-0.9999935474640299,-0.0035923572073563695,-0.9999935474640296,0.0,-0.0
16.573146292585168,-0.0,-9.813077866773594e-19,-0.007217727684172262,-0.9999739518642858,-0.007217727684172266,-0.9999739518642861,-9.812822254389549e-17,7.08281237859499e-19
16.61122244488978,-1.25607396694702e-16,0.0,-0.010843003293376292,-0.9999412129118289,-0.010843003293376292,-0.999941212911829,9.811669709221471e-17,-1.8306339956898886e-18
16.649298597194388,0.0,3.9252311467094376e-18,-0.01446813638545126,-0.99989533103697,-0.014468136385451262,-0.9998953310369703,-2.218389827148961e-20,-1.5331329284514295e-18
16.687374749498996,-2.51214793389404e-16,3.9252311467094376e-18,-0.018093079312753405,-0.9998363068427664,-0.0180930793127534,-0.9998363068427663,-9.814245733015179e-17,2.4244553441456437e-19
16.725450901803608,0.0,3.9252311467094376e-18,-0.021717784430137752,-0.999764141105014,-0.021717784430137745,-0.9997641411050138,-3.329973589167889e-20,-1.5329317757924256e-18
16.763527054108216,-1.25607396694702e-16,0.0,-0.02534220409558547,-0.9996788347722371,-0.02534220409558547,-0.9996788347722371,0.0,-0.0
16.801603206412825,-2.51214793389404e-16,3.9252311467094376e-18,-0.028966290670830307,-0.9995803889656764,-0.028966290670830303,-0.9995803889656764,0.0,-0.0
16.839679358717433,-1.25607396694702e-16,3.9252311467094376e-18,-0.032589996521982696,-0.9994688049792735,-0.032589996521982696,-0.9994688049792736,0.0,-0.0
16.877755511022045,-1.25607396694702e-16,1.570092458683775e-17,-0.036213274020158094,-0.9993440842796544,-0.03621327402015807,-0.9993440842796543,-9.817746429666133e-17,4.890613668512665e-19
16.915831663326653,-2.51214793389404e-16,0.0,-0.03983607554210185,-0.9992062285061096,-0.03983607554210184,-0.9992062285061095,0.0,-0.0
16.95390781563126,-1.25607396694702e-16,7.850462293418875e-18,-0.043458353470815426,-0.9990552394705738,-0.04345835347081542,-0.9990552394705738,0.0,-0.0
16.99198396793587,-2.51214793389404e-16,7.850462293418875e-18,-0.04708006019618224,-0.9988911191576005,-0.04708006019618222,-0.9988911191576004,-1.4437509271172633e-19,-3.063186353975673e-18
17.030060120240478,-1.25607396694702e-16,7.850462293418875e-18,-0.0507011481155934,-0.9987138697243373,-0.05070114811559339,-0.9987138697243373,-1.55479473247856e-19,-3.0626428031974065e-18
17.06813627254509,0.0,7.850462293418875e-18,-0.05432156963457344,-0.9985234935004964,-0.05432156963457344,-0.9985234935004966,0.0,-0.0
17.106212424849698,-1.25607396694702e-16,-1.570092458683775e-17,-0.05794127716740606,-0.9983199929883253,-0.05794127716740609,-0.9983199929883253,-9.832128218685309e-17,-4.37047246528897e-19
17.144288577154306,-1.25607396694702e-16,7.850462293418875e-18,-0.06156022313775874,-0.9981033708625722,-0.06156022313775872,-0.9981033708625721,0.0,-0.0
17.182364729458918,-2.51214793389404e-16,7.850462293418875e-18,-0.0651783599793091,-0.9978736299704525,-0.06517835997930908,-0.9978736299704524,-3.9975020106597487e-19,-6.1201322700625435e-18
17.220440881763526,-1.25607396694702e-16,7.850462293418875e-18,-0.06879564013637064,-0.9976307733316104,-0.06879564013637061,-0.9976307733316102,0.0,-0.0
17.258517034068134,-1.25607396694702e-16,0.0,-0.07241201606451461,-0.9973748041380796,-0.07241201606451461,-0.9973748041380794,-9.831728162373233e-17,9.88774636708275e-19
17.296593186372743,0.0,1.570092458683775e-17,-0.0760274402311994,-0.9971057257542407,-0.07602744023119941,-0.9971057257542411,0.0,-0.0
17.334669338677354,-1.25607396694702e-16,1.570092458683775e-17,-0.07964186511639194,-0.9968235417167787,-0.07964186511639193,-0.9968235417167786,-4.88457389901396e-19,-6.113691896437365e-18
17.372745490981963,-1.25607396694702e-16,0.0,-0.08325524321319389,-0.9965282557346339,-0.08325524321319389,-0.9965282557346339,0.0,-0.0
17.41082164328657,-0.0,0.0,-0.08686752702846487,-0.9962198716889555,-0.08686752702846487,-0.9962198716889555,-5.32773629265241e-19,-6.109989483319325e-18
17.44889779559118,-2.51214793389404e-16,0.0,-0.09047866908344807,-0.9958983936330492,-0.09047866908344807,-0.9958983936330492,-9.772828484115852e-17,8.878742249979165e-18
17.48697394789579,-2.51214793389404e-16,0.0,-0.09408862191439346,-0.9955638257923248,-0.09408862191439343,-0.9955638257923245,-9.827251529669562e-17,3.1270238923316933e-18
17.5250501002004,-2.51214793389404e-16,0.0,-0.09769733807318194,-0.9952161725642396,-0.09769733807318194,-0.9952161725642396,-5.991947411803993e-19,-6.103833622278293e-18
17.563126252505008,-0.0,-1.570092458683775e-17,-0.1013047701279483,-0.9948554385182422,-0.10130477012794828,-0.9948554385182419,-9.824725859209021e-17,3.839494797684874e-18
17.60120240480962,-2.51214793389404e-16,0.0,-0.10491087066370576,-0.9944816283957101,-0.10491087066370573,-0.9944816283957099,-6.434365893087237e-19,-6.099328535326814e-18
17.639278557114228,-1.25607396694702e-16,0.0,-0.1085155922829687,-0.9940947471098902,-0.10851559228296871,-0.9940947471098902,-9.821683657641946e-17,4.551763843105804e-18
17.677354709418836,-2.51214793389404e-16,0.0,-0.11211888760637459,-0.9936947997458321,-0.11211888760637459,-0.9936947997458319,-9.888733367516015e-17,-1.1866918129683941e-18
17.715430861723444,1.25607396694702e-16,-0.0,-0.11572070927330914,-0.9932817915603216,-0.11572070927330916,-0.9932817915603218,0.0,-0.0
17.753507014028056,0.0,1.570092458683775e-17,-0.11932100994252655,-0.9928557279818128,-0.11932100994252659,-0.992855727981813,-9.889333864371223e-17,-4.696495943663448e-19
17.791583166332664,-2.51214793389404e-16,0.0,-0.12291974229277224,-0.9924166146103552,-0.12291974229277229,-0.9924166146103554,-9.889439140761598e-17,-1.1111686948689397e-19
17.829659318637272,-3.76822190084106e-16,-1.570092458683775e-17,-0.12651685902340573,-0.9919644572175214,-0.1265168590234057,-0.991964457217521,0.0,-0.0
17.86773547094188,-1.25607396694702e-16,0.0,-0.13011231285502148,-0.9914992617463299,-0.13011231285502148,-0.9914992617463297,-9.889259742549309e-17,6.059482492667437e-19
17.905811623246493,-2.51214793389404e-16,4.710277376051325e-17,-0.13370605653007073,-0.9910210343111683,-0.13370605653007067,-0.991021034311168,-9.724966577305997e-17,1.3120679439888156e-17
17.9438877755511,-1.25607396694702e-16,0.0,-0.13729804281348235,-0.9905297811977118,-0.13729804281348237,-0.990529781197712,0.0,-0.0
17.98196392785571,-1.25607396694702e-16,3.14018491736755e-17,-0.1408882244932839,-0.9900255088628425,-0.14088822449328384,-0.9900255088628422,0.0,-0.0
18.020040080160317,-1.25607396694702e-16,0.0,-0.14447655438122212,-0.9895082239345611,-0.14447655438122212,-0.9895082239345613,0.0,-0.0
18.05811623246493,-0.0,0.0,-0.1480629853133831,-0.9889779332119039,-0.14806298531338308,-0.9889779332119037,0.0,-0.0
18.096192384769537,0.0,3.14018491736755e-17,-0.15164747015081248,-0.9884346436648497,-0.15164747015081248,-0.9884346436648499,-9.699586124499782e-17,1.4881284328891472e-17
18.134268537074146,-1.25607396694702e-16,6.2803698347351e-17,-0.15522996178013404,-0.9878783624342311,-0.15522996178013398,-0.9878783624342311,0.0,-0.0
18.172344689378757,-1.25607396694702e-16,3.14018491736755e-17,-0.1588104131141704,-0.9873090968316389,-0.15881041311417038,-0.9873090968316389,-9.883343414525763e-17,3.4735131922098845e-18
18.210420841683366,-0.0,0.0,-0.16238877709256105,-0.9867268543393265,-0.16238877709256105,-0.9867268543393266,-1.991917142874302e-18,-1.2103534318585472e-17
18.248496993987974,-0.0,0.0,-0.16596500668238084,-0.9861316426101118,-0.16596500668238084,-0.9861316426101118,0.0,-0.0
18.286573146292582,-0.0,0.0,-0.1695390548787586,-0.9855234694672763,-0.16953905487875862,-0.9855234694672762,-9.878981038788308e-17,4.548226288075538e-18
18.324649298597194,-1.25607396694702e-16,0.0,-0.1731108747054946,-0.984902342904462,-0.17311087470549455,-0.9849023429044619,-2.123438116337882e-18,-1.208115422761154e-17
18.362725450901802,-0.0,0.0,-0.17668041921567812,-0.9842682710855675,-0.17668041921567815,-0.9842682710855676,0.0,-0.0
18.40080160320641,-1.25607396694702e-16,0.0,-0.1802476414923046,-0.9836212623446392,-0.18024764149230468,-0.9836212623446394,-9.87345005646037e-17,5.622401364160163e-18
18.43887775551102,-1.25607396694702e-16,0.0,-0.1838124946488921,-0.982961325185763,-0.18381249464889207,-0.9829613251857627,-9.871346814434285e-17,5.980318198661262e-18
18.47695390781563,-2.51214793389404e-16,3.14018491736755e-17,-0.18737493183009768,-0.9822884682829511,-0.18737493183009757,-0.9822884682829508,0.0,-0.0
18.51503006012024,0.0,3.14018491736755e-17,-0.1909349062123338,-0.98160270048003,-0.19093490621233378,-0.9816027004800298,-2.342073877683431e-18,-1.2040679667557213e-17
18.553106212424847,-2.51214793389404e-16,0.0,-0.19449237100438177,-0.9809040307905222,-0.19449237100438171,-0.9809040307905221,0.0,-0.0
18.59118236472946,-3.76822190084106e-16,3.14018491736755e-17,-0.19804727944800957,-0.9801924683975297,-0.19804727944800948,-0.9801924683975293,-9.61870501680997e-17,1.9434533745259867e-17
18.629258517034067,-1.25607396694702e-16,3.14018491736755e-17,-0.2015995848185845,-0.9794680226536109,-0.20159958481858445,-0.9794680226536108,-9.858885027281395e-17,7.768629269446662e-18
18.667334669338675,-0.0,0.0,-0.20514924042568802,-0.9787307030806601,-0.20514924042568802,-0.97873070308066,0.0,-0.0
18.705410821643284,-1.25607396694702e-16,-3.14018491736755e-17,-0.20869619961372912,-0.9779805193697808,-0.20869619961372912,-0.9779805193697809,9.341004981599685e-17,-3.247576930904667e-17
18.743486973947896,-1.25607396694702e-16,0.0,-0.21224041576255778,-0.9772174813811594,-0.21224041576255778,-0.9772174813811594,-2.6034146579429766e-18,-1.1986889046957115e-17
18.781563126252504,2.51214793389404e-16,-0.0,-0.21578184228807767,-0.9764415991439341,-0.21578184228807773,-0.9764415991439342,-9.581897444756355e-17,2.117484020608766e-17
18.819639278557112,0.0,3.14018491736755e-17,-0.21932043264285833,-0.9756528828560644,-0.2193204326428583,-0.9756528828560644,-2.6902606041235523e-18,-1.196769713801087e-17
18.85771543086172,1.25607396694702e-16,-0.0,-0.22285614031674716,-0.9748513428841972,-0.2228561403167472,-0.9748513428841972,-9.566292136251431e-17,2.1869046580168624e-17
18.895791583166332,-2.51214793389404e-16,3.14018491736755e-17,-0.2263889188374806,-0.9740369897635288,-0.22638891883748052,-0.9740369897635286,-9.55830082566726e-17,2.221572088726884e-17
18.93386773547094,-0.0,0.0,-0.22991872177129538,-0.9732098341976686,-0.22991872177129538,-0.9732098341976686,0.0,-0.0
18.97194388777555,-0.0,-3.14018491736755e-17,-0.2334455027235372,-0.9723698870584974,-0.23344550272353726,-0.9723698870584975,0.0,-0.0
19.010020040080157,-0.0,-3.14018491736755e-17,-0.23696921533927298,-0.971517159386024,-0.23696921533927304,-0.971517159386024,-5.813493405381315e-18,-2.3833933834904367e-17
19.04809619238477,0.0,3.14018491736755e-17,-0.24048981330389865,-0.970651662388241,-0.2404898133038987,-0.9706516623882412,-5.8998631602925054e-18,-2.381270086132261e-17
19.086172344689377,-1.25607396694702e-16,-3.14018491736755e-17,-0.244007250343748,-0.9697734074409771,-0.244007250343748,-0.9697734074409771,0.0,-0.0
19.124248496993985,1.25607396694702e-16,3.14018491736755e-17,-0.24752148022670106,-0.9688824060877476,-0.2475214802267011,-0.9688824060877476,-6.072368897909196e-18,-2.3769296236715052e-17
19.162324649298597,0.0,3.14018491736755e-17,-0.2510324567627919,-0.9679786700396021,-0.2510324567627919,-0.9679786700396023,0.0,-0.0
19.200400801603205,-0.0,0.0,-0.25454013380481544,-0.9670622111749723,-0.2545401338048155,-0.9670622111749724,0.0,-0.0
19.238476953907814,-1.25607396694702e-16,-6.2803698347351e-17,-0.25804446524893415,-0.9661330415395136,-0.2580444652489343,-0.9661330415395136,-1.0113791373934491e-16,1.620257390052313e-18
19.276553106212422,-1.25607396694702e-16,0.0,-0.2615454050352842,-0.9651911733459486,-0.2615454050352842,-0.9651911733459486,-6.416413563270205e-18,-2.367874035091591e-17
19.314629258517034,1.25607396694702e-16,-0.0,-0.26504290714858036,-0.9642366189739058,-0.26504290714858036,-0.9642366189739058,0.0,-0.0
19.352705410821642,-0.0,-3.14018491736755e-17,-0.26853692561872183,-0.9632693909697561,-0.2685369256187219,-0.9632693909697563,8.793844099965668e-17,-4.998333146266956e-17
19.39078156312625,-0.0,-3.14018491736755e-17,-0.27202741452139434,-0.9622895020464504,-0.2720274145213945,-0.9622895020464506,-1.0110378364109493e-16,3.086707471053901e-18
19.42885771543086,-1.25607396694702e-16,3.14018491736755e-17,-0.2755143279786766,-0.9612969650833494,-0.2755143279786765,-0.9612969650833492,0.0,-0.0
19.46693386773547,1.25607396694702e-16,-3.14018491736755e-17,-0.2789976201596412,-0.9602917931260564,-0.27899762015964125,-0.9602917931260564,-6.844563428177704e-18,-2.3558545351924077e-17
19.50501002004008,1.25607396694702e-16,-6.2803698347351e-17,-0.2824772452809579,-0.959273999386245,-0.282477245280958,-0.959273999386245,-1.0106423252431984e-16,4.186135906466079e-18
19.543086172344687,-1.25607396694702e-16,3.14018491736755e-17,-0.2859531576074952,-0.9582435972414859,-0.2859531576074952,-0.9582435972414859,-7.015201504630331e-18,-2.3508297587669838e-17
19.5811623246493,0.0,9.42055475210265e-17,-0.2894253114529212,-0.9572006002350708,-0.2894253114529211,-0.9572006002350707,-1.010312230370485e-16,4.918821118454216e-18
19.619238476953907,-2.51214793389404e-16,3.14018491736755e-17,-0.2928936611803045,-0.956145022075834,-0.29289366118030447,-0.9561450220758337,-1.0101272629519796e-16,5.285069154572017e-18
19.657314629258515,-1.25607396694702e-16,6.2803698347351e-17,-0.2963581612027139,-0.9550768766379731,-0.29635816120271385,-0.9550768766379731,0.0,-0.0
19.695390781563123,-1.25607396694702e-16,6.2803698347351e-17,-0.2998187659838175,-0.9539961779608663,-0.29981876598381757,-0.9539961779608663,-1.0832711227193966e-16,-1.7386744929480184e-17
19.733466933867735,0.0,6.2803698347351e-17,-0.30327543003848123,-0.9529029402488872,-0.30327543003848123,-0.9529029402488872,-7.44016352511716e-18,-2.337727688034959e-17
19.771543086172343,-1.25607396694702e-16,0.0,-0.306728107933367,-0.951797177871219,-0.3067281079333669,-0.9517971778712188,-7.524867017695663e-18,-2.3350149549564066e-17
19.80961923847695,-1.25607396694702e-16,0.0,-0.31017675428752883,-0.9506789053616652,-0.31017675428752883,-0.9506789053616651,-1.0090033285184759e-16,7.115171111333447e-18
19.84769539078156,-2.51214793389404e-16,6.2803698347351e-17,-0.313621323773011,-0.9495481374184588,-0.3136213237730109,-0.9495481374184586,-7.693976177162922e-18,-2.3294974526842917e-17
19.88577154308617,-1.25607396694702e-16,6.2803698347351e-17,-0.31706177111544226,-0.9484048889040687,-0.3170617711154422,-0.9484048889040686,0.0,-0.0
19.92384769539078,-1.25607396694702e-16,0.0,-0.3204980510946319,-0.9472491748450049,-0.32049805109463186,-0.9472491748450048,0.0,-0.0
19.961923847695388,1.25607396694702e-16,-1.25607396694702e-16,-0.32393011854516374,-0.9460810104316206,-0.3239301185451638,-0.9460810104316206,0.0,-0.0
19.999999999999996,-1.25607396694702e-16,-6.2803698347351e-17,-0.3273579283569896,-0.9449004110179124,-0.3273579283569896,-0.9449004110179124,0.0,-0.0
