1.0,-0.0,-1.570092458683775e-17,0.9939346555883438,-0.10997227114359451,0.9939346555883439,-0.10997227114359454,-1.3489580748975399e-18,-1.2191947712216516e-17
1.0380761523046091,1.25607396694702e-16,-1.570092458683775e-17,0.9934644854772992,-0.11414164925795191,0.9934644854772992,-0.11414164925795192,-9.748944353862901e-17,1.1200808920102426e-17
1.0761523046092185,2.51214793389404e-16,-1.570092458683775e-17,0.9929768256487153,-0.11830901793439365,0.9929768256487156,-0.11830901793439369,-9.744158909992514e-17,1.160975605331719e-17
1.1142284569138277,-2.51214793389404e-16,0.0,0.9924716846877336,-0.12247430380733695,0.9924716846877335,-0.12247430380733694,0.0,0.0
1.1523046092184368,1.25607396694702e-16,1.570092458683775e-17,0.9919490714872462,-0.12663743354786614,0.9919490714872462,-0.1266374335478661,-1.553378745316971e-18,-1.2167591847972642e-17
1.190380761523046,-0.0,-1.570092458683775e-17,0.9914089952477402,-0.13079833386502385,0.9914089952477403,-0.13079833386502387,0.0,0.0
1.2284569138276553,-1.25607396694702e-16,-1.570092458683775e-17,0.9908514654771357,-0.13495693150710128,0.9908514654771355,-0.13495693150710125,-9.723302585133859e-17,1.3243428775400151e-17
1.2665330661322645,-0.0,-1.570092458683775e-17,0.9902764919906183,-0.13911315326292764,0.9902764919906183,-0.13911315326292764,-9.888301351197025e-17,1.5042066456910112e-18
1.3046092184368736,1.25607396694702e-16,-6.2803698347351e-17,0.989684084910466,-0.14326692596315904,0.9896840849104662,-0.14326692596315913,-9.887583176259196e-17,1.9190862661814602e-18
1.342685370741483,-0.0,-3.14018491736755e-17,0.9890742546658718,-0.14741817648156677,0.9890742546658715,-0.14741817648156677,-1.808282555989233e-18,-1.2132328346321567e-17
1.3807615230460921,0.0,3.14018491736755e-17,0.9884470119927586,-0.15156683173632443,0.9884470119927586,-0.15156683173632438,-9.885624636095723e-17,2.7487368486564332e-18
1.4188376753507013,-0.0,0.0,0.9878023679335922,-0.15571281869129472,0.9878023679335923,-0.15571281869129475,-1.9100275183405926e-18,-1.2116726941894601e-17
1.4569138276553106,1.25607396694702e-16,-6.2803698347351e-17,0.9871403338371854,-0.15985606435731511,0.9871403338371855,-0.15985606435731517,-9.882969962253971e-17,3.578193868421571e-18
1.4949899799599198,-2.51214793389404e-16,6.2803698347351e-17,0.9864609213584987,-0.16399649579348302,0.9864609213584985,-0.16399649579348294,-2.0116379788743204e-18,-1.210027229227521e-17
1.5330661322645291,-0.0,-3.14018491736755e-17,0.9857641424584349,-0.1681340401084394,0.9857641424584349,-0.1681340401084394,-9.879619341672839e-17,4.407398916121106e-18
1.5711422845691383,3.76822190084106e-16,-0.0,0.9850500094036292,-0.1722686244616527,0.9850500094036295,-0.17226862446165273,-9.666372444943877e-17,1.6904854258441767e-17
1.6092184368737474,-0.0,-3.14018491736755e-17,0.9843185347662324,-0.17640017606470065,0.9843185347662324,-0.17640017606470068,2.163785829294349e-18,1.2073993034211912e-17
1.6472945891783568,-1.25607396694702e-16,0.0,0.9835697314236898,-0.18052862218255167,0.9835697314236899,-0.18052862218255167,-9.8732890401946e-17,5.650606314259479e-18
1.685370741482966,-1.25607396694702e-16,-3.14018491736755e-17,0.9828036125585154,-0.18465389013484587,0.9828036125585151,-0.18465389013484587,-2.2650287528698738e-18,-1.205541047222887e-17
1.723446893787575,2.51214793389404e-16,-3.14018491736755e-17,0.9820201916580578,-0.18877590729717414,0.9820201916580581,-0.18877590729717422,-9.636640607484452e-17,1.852472677678004e-17
1.7615230460921842,-0.0,-3.14018491736755e-17,0.9812194825142654,-0.1928946011023567,0.9812194825142653,-0.1928946011023567,-2.3661121758720726e-18,-1.203597898288472e-17
1.7995991983967936,1.25607396694702e-16,-6.2803698347351e-17,0.9804014992234411,-0.1970098990417208,0.9804014992234411,-0.19700989904172087,0.0,0.0
1.8376753507014028,-2.51214793389404e-16,0.0,0.9795662561859959,-0.2011217286663772,0.9795662561859956,-0.20112172866637712,-9.859262845629975e-17,7.720531906511363e-18
1.875751503006012,-0.0,0.0,0.9787137681061945,-0.20523001758849538,0.9787137681061946,-0.2052300175884954,0.0,0.0
1.9138276553106213,-1.25607396694702e-16,-3.14018491736755e-17,0.9778440499918967,-0.20933469348257822,0.9778440499918966,-0.2093346934825782,-9.595659804131732e-17,2.0542176473617226e-17
1.9519038076152304,-1.25607396694702e-16,-3.14018491736755e-17,0.9769571171542932,-0.21343568408673508,0.9769571171542931,-0.21343568408673508,-2.618076234364026e-18,-1.1983695328917164e-17
1.9899799599198396,-1.25607396694702e-16,0.0,0.9760529852076358,-0.21753291720395407,0.9760529852076358,-0.217532917203954,-9.844917377827947e-17,9.374069618663958e-18
2.0280561122244487,-1.25607396694702e-16,-3.14018491736755e-17,0.9751316700689635,-0.22162632070337296,0.9751316700689633,-0.22162632070337296,0.0,0.0
2.0661322645290583,2.51214793389404e-16,-6.2803698347351e-17,0.9741931879578201,-0.22571582252154915,0.9741931879578202,-0.2257158225215492,-9.559833610710493e-17,2.2149669421668112e-17
2.1042084168336674,-1.25607396694702e-16,-3.14018491736755e-17,0.9732375553959712,-0.2298013506637282,0.9732375553959712,-0.22980135066372817,-5.6376463698822705e-18,-2.3876139784922613e-17
2.1422845691382766,-0.0,0.0,0.9722647892071121,-0.23388283320511122,0.9722647892071121,-0.23388283320511122,-5.737776134858443e-18,-2.3852275209029015e-17
2.1803607214428857,-0.0,-6.2803698347351e-17,0.9712749065165712,-0.23796019829212145,0.9712749065165713,-0.2379601982921215,-5.837804887583683e-18,-2.3827990719225896e-17
2.218436873747495,-0.0,-3.14018491736755e-17,0.9702679247510096,-0.24203337414366882,0.9702679247510095,-0.2420333741436688,-5.937730867074421e-18,-2.3803286743036198e-17
2.256513026052104,-0.0,-6.2803698347351e-17,0.9692438616381133,-0.24610228905241383,0.9692438616381134,-0.24610228905241388,-6.0375523141564e-18,-2.3778163715367847e-17
2.2945891783567136,-1.25607396694702e-16,3.14018491736755e-17,0.9682027352062819,-0.25016687138602994,0.9682027352062818,-0.2501668713860299,0.0,0.0
2.3326653306613228,-0.0,0.0,0.9671445637843105,-0.25422704958846465,0.9671445637843106,-0.25422704958846465,-9.490664912842221e-17,2.4947498334517156e-17
2.370741482965932,1.25607396694702e-16,-3.14018491736755e-17,0.9660693660010681,-0.258282752181199,0.966069366001068,-0.258282752181199,-6.3363718969967324e-18,-2.3700284783182695e-17
2.408817635270541,-0.0,-6.2803698347351e-17,0.9649771607851677,-0.2623339077645064,0.9649771607851678,-0.26233390776450644,-6.4357576599702595e-18,-2.3673490046107387e-17
2.44689378757515,1.25607396694702e-16,-0.0,0.9638679673646358,-0.2663804450187091,0.9638679673646358,-0.2663804450187091,-6.535030122885987e-18,-2.36462785425949e-17
2.4849699398797593,-1.25607396694702e-16,3.14018491736755e-17,0.962741805266571,-0.2704222927054343,0.962741805266571,-0.27042229270543416,-1.0110879054486508e-16,2.91809940060106e-18
2.5230460921843685,-0.0,-6.2803698347351e-17,0.9615986943168029,-0.27445937966886746,0.9615986943168031,-0.2744593796688675,-1.0109565679907852e-16,3.342305479773225e-18
2.561122244488978,-2.51214793389404e-16,-3.14018491736755e-17,0.9604386546395409,-0.2784916348370061,0.9604386546395408,-0.27849163483700606,-1.010807432871224e-16,3.766452718413467e-18
2.599198396793587,-0.0,0.0,0.9592617066570214,-0.2825189872229099,0.9592617066570214,-0.2825189872229099,-9.41330982203948e-17,2.772380820460429e-17
2.6372745490981964,-0.0,-6.2803698347351e-17,0.9580678710891469,-0.28654136592595114,0.9580678710891468,-0.28654136592595114,0.0,0.0
2.6753507014028055,-0.0,0.0,0.9568571689531228,-0.29055870013306273,0.9568571689531228,-0.29055870013306273,-7.128187873185659e-18,-2.3474284765793827e-17
2.7134268537074147,1.25607396694702e-16,-6.2803698347351e-17,0.9556296215630863,-0.2945709191199847,0.9556296215630864,-0.29457091911998473,-9.377667888193949e-17,2.8906473666114767e-17
2.751503006012024,-2.51214793389404e-16,6.2803698347351e-17,0.9543852505297313,-0.29857795225250927,0.9543852505297313,-0.2985779522525092,-9.365456778348478e-17,2.929968694755681e-17
2.7895791583166334,-0.0,-6.2803698347351e-17,0.9531240777599289,-0.30257972898772467,0.9531240777599289,-0.3025797289877247,-7.423096103659485e-18,-2.3382701979387382e-17
2.8276553106212425,-0.0,-6.2803698347351e-17,0.9518461254563401,-0.30657617887525657,0.9518461254563402,-0.3065761788752566,-7.521139788502008e-18,-2.3351350365724535e-17
2.8657314629258517,-1.25607396694702e-16,-1.25607396694702e-16,0.9505514161170261,-0.31056723155850885,0.9505514161170259,-0.3105672315585089,-7.619051065379883e-18,-2.331958765682071e-17
2.903807615230461,-1.25607396694702e-16,0.0,0.9492399725350519,-0.31455281677590186,0.9492399725350518,-0.3145528167759018,-1.543365642117446e-17,-4.657482882370245e-17
2.94188376753507,1.25607396694702e-16,-1.25607396694702e-16,0.9479118177980851,-0.31853286436210915,0.9479118177980852,-0.31853286436210937,-7.814469502779527e-18,-2.3254831197218785e-17
2.979959919839679,-2.51214793389404e-16,6.2803698347351e-17,0.9465669752879895,-0.32250730424929364,0.9465669752879894,-0.3225073042492935,-8.497538112317006e-17,5.486973147855909e-17
3.0180360721442883,-0.0,-6.2803698347351e-17,0.9452054686804137,-0.3264760664683398,0.9452054686804133,-0.32647606646833977,0.0,0.0
3.0561122244488974,-2.51214793389404e-16,0.0,0.9438273219443725,-0.3304390811500868,0.9438273219443725,-0.33043908115008674,-1.0072507111416247e-16,9.271616827937907e-18
3.094188376753507,-2.51214793389404e-16,0.0,0.9424325593418283,-0.3343962785265575,0.9424325593418283,-0.33439627852655746,-9.248164089004087e-17,3.281456719540419e-17
3.132264529058116,-0.0,-6.2803698347351e-17,0.9410212054272611,-0.3383475889321872,0.9410212054272611,-0.3383475889321872,-1.0064372172199528e-16,1.0116526454409408e-17
3.1703406813627253,-0.0,-6.2803698347351e-17,0.939593285047237,-0.3422929428050501,0.9395932850472372,-0.3422929428050502,-9.220302069266136e-17,3.358947300993038e-17
3.2084168336673344,-0.0,-6.2803698347351e-17,0.9381488233399717,-0.34623227068808377,0.9381488233399717,-0.34623227068808377,0.0,0.0
3.2464929859719436,0.0,6.2803698347351e-17,0.9366878457348865,-0.3501655032303118,0.9366878457348865,-0.3501655032303118,0.0,0.0
3.2845691382765527,-1.25607396694702e-16,0.0,0.9352103779521617,-0.3540925711880651,0.9352103779521616,-0.35409257118806503,-1.737368986557277e-17,-4.588646130329662e-17
3.3226452905811623,-1.25607396694702e-16,-6.2803698347351e-17,0.9337164460022835,-0.35801340542620047,0.9337164460022832,-0.3580134054262004,0.0,0.0
3.3607214428857715,-0.0,-6.2803698347351e-17,0.9322060761855857,-0.36192793691931835,0.9322060761855856,-0.36192793691931835,8.879067567874981e-18,2.2869527033721573e-17
3.3987975951903806,-0.0,0.0,0.9306792950917875,-0.36583609675297696,0.9306792950917876,-0.365836096752977,-8.974945259783705e-18,-2.2832070979324178e-17
3.4368737474949898,1.25607396694702e-16,-0.0,0.9291361295995246,-0.3697378161249067,0.9291361295995247,-0.36973781612490675,0.0,0.0
3.474949899799599,-0.0,-6.2803698347351e-17,0.9275766068758765,-0.3736330263462204,0.9275766068758766,-0.3736330263462205,-1.0019003965954049e-16,1.3908946134660773e-17
3.513026052104208,-2.51214793389404e-16,0.0,0.9260007543758879,-0.37752165884262356,0.9260007543758879,-0.37752165884262345,-1.0013079866035726e-16,1.432920057770781e-17
3.551102204408817,-0.0,-6.2803698347351e-17,0.9244085998420858,-0.3814036451556205,0.9244085998420859,-0.3814036451556206,-9.356859171458475e-18,-2.2678233927413853e-17
3.5891783567134268,-2.51214793389404e-16,0.0,0.9228001713039903,-0.3852789169437203,0.9228001713039902,-0.38527891694372024,0.0,0.0
3.627254509018036,-0.0,-6.2803698347351e-17,0.921175497077622,-0.3891474059836397,0.9211754970776221,-0.38914740598363967,-1.0948933780071785e-16,-7.010496443228766e-18
3.665330661322645,-2.51214793389404e-16,-6.2803698347351e-17,0.9195346057650035,-0.3930090441715045,0.9195346057650035,-0.3930090441715045,-1.9283141764006183e-17,-4.511732343782469e-17
3.703406813627254,-0.0,-1.25607396694702e-16,0.9178775262536548,-0.3968637635240477,0.9178775262536548,-0.39686376352404773,-9.736137534905756e-18,-2.2518009093221598e-17
3.7414829659318634,-0.0,0.0,0.916204287716086,-0.4007114961798069,0.9162042877160861,-0.400711496179807,0.0,0.0
3.7795591182364725,-1.25607396694702e-16,-6.2803698347351e-17,0.9145149196092831,-0.4045521744003195,0.9145149196092829,-0.4045521744003194,-8.974206116452087e-17,3.969901988562905e-17
3.817635270541082,0.0,6.2803698347351e-17,0.9128094516741893,-0.4083857305713139,0.9128094516741893,-0.4083857305713138,-7.955589983361847e-17,6.246888530476956e-17
3.8557114228456912,-0.0,-6.2803698347351e-17,0.911087913935182,-0.41221209720390106,0.911087913935182,-0.4122120972039011,0.0,0.0
3.8937875751503004,-1.25607396694702e-16,0.0,0.9093503366995436,-0.4160312069357619,0.9093503366995435,-0.4160312069357618,0.0,0.0
3.9318637274549095,-1.25607396694702e-16,6.2803698347351e-17,0.9075967505569283,-0.4198429925323332,0.9075967505569282,-0.4198429925323331,-1.0299879943847573e-17,-2.2265793962114567e-17
3.9699398797595187,-0.0,0.0,0.9058271863788234,-0.42364738688799236,0.9058271863788234,-0.4236473868879924,0.0,0.0
4.008016032064128,-1.25607396694702e-16,-1.25607396694702e-16,0.904041675318006,-0.4274443230272369,0.904041675318006,-0.427444323027237,-1.0486361063941505e-17,-2.2178578386760113e-17
4.046092184368737,-2.51214793389404e-16,6.2803698347351e-17,0.9022402488079945,-0.4312337341058651,0.9022402488079945,-0.431233734105865,-9.911686368980129e-17,2.0182917575378856e-17
4.084168336673347,-0.0,0.0,0.9004229385624952,-0.43501555341215203,0.9004229385624952,-0.4350155534121521,-1.067210374722764e-17,-2.2089801022857154e-17
4.122244488977956,-0.0,-6.2803698347351e-17,0.8985897765748437,-0.43878971436802444,0.8985897765748436,-0.43878971436802444,-1.076469408558192e-17,-2.2044828619539067e-17
4.160320641282565,1.25607396694702e-16,-6.2803698347351e-17,0.896740795117442,-0.4425561505302324,0.8967407951174422,-0.44255615053023256,-8.799787248799927e-17,4.342837965572748e-17
4.198396793587174,-0.0,0.0,0.8948760267411908,-0.4463147955915192,0.8948760267411908,-0.44631479559151926,0.0,0.0
4.236472945891784,0.0,6.2803698347351e-17,0.8929955042749153,-0.45006558338178876,0.8929955042749153,-0.45006558338178865,-2.2082643074401877e-17,-4.381517209064248e-17
4.274549098196393,-0.0,0.0,0.8910992608247881,-0.45380844786927044,0.8910992608247881,-0.45380844786927044,0.0,0.0
4.312625250501002,-1.25607396694702e-16,-6.2803698347351e-17,0.8891873297737461,-0.4575433231616819,0.889187329773746,-0.4575433231616818,-2.244954128803969e-17,-4.36283225260913e-17
4.350701402805611,-1.25607396694702e-16,-6.2803698347351e-17,0.8872597447809033,-0.46127014350738793,0.8872597447809033,-0.46127014350738793,-2.263239917927914e-17,-4.353374481794335e-17
4.38877755511022,2.51214793389404e-16,-1.25607396694702e-16,0.8853165397809573,-0.46498884329655976,0.8853165397809575,-0.46498884329656,-8.687680141613098e-17,4.5629717264501277e-17
4.426853707414829,-0.0,-6.2803698347351e-17,0.8833577489835925,-0.4686993570623288,0.8833577489835924,-0.4686993570623288,-4.334229187496918e-17,2.2996916434796764e-17
4.4649298597194385,-1.25607396694702e-16,0.0,0.8813834068728779,-0.4724016194819394,0.8813834068728778,-0.47240161948193937,0.0,0.0
4.503006012024048,-1.25607396694702e-16,6.2803698347351e-17,0.8793935482066595,-0.4760955653778992,0.8793935482066596,-0.4760955653778992,-4.314778682045135e-17,2.3359814275394618e-17
4.541082164328658,-1.25607396694702e-16,0.0,0.8773882080159495,-0.4797811297191264,0.8773882080159492,-0.47978112971912623,-6.659004194795924e-17,-1.9508746098535347e-17
4.579158316633267,0.0,6.2803698347351e-17,0.8753674216043078,-0.4834582476220941,0.8753674216043078,-0.4834582476220941,-4.295024335119951e-17,2.3721067146247597e-17
4.617234468937876,-1.25607396694702e-16,-6.2803698347351e-17,0.8733312245472223,-0.48712685435197395,0.8733312245472221,-0.4871268543519739,-4.285033654983313e-17,2.3901068763761995e-17
4.655310621242485,-0.0,-6.2803698347351e-17,0.8712796526914814,-0.4907868853237739,0.8712796526914814,-0.49078688532377396,-6.141870114760223e-17,9.091097459471957e-17
4.693386773547094,-0.0,-1.25607396694702e-16,0.8692127421545441,-0.4944382761034767,0.8692127421545441,-0.49443827610347685,-1.8388455089188105e-17,6.69080681263553e-17
4.731462925851703,-1.25607396694702e-16,0.0,0.8671305293239024,-0.49808096240917377,0.8671305293239023,-0.4980809624091737,0.0,0.0
4.7695390781563125,-0.0,-1.25607396694702e-16,0.8650330508564421,-0.5017148801121969,0.8650330508564421,-0.5017148801121969,-2.461683592729983e-17,-4.2443183426934945e-17
4.807615230460922,-0.0,-6.2803698347351e-17,0.8629203436777975,-0.5053399652382463,0.8629203436777974,-0.5053399652382463,-4.233952262666628e-17,2.4794702140377864e-17
4.845691382765531,-0.0,0.0,0.8607924449817002,-0.5089561539685188,0.8607924449817003,-0.5089561539685189,0.0,0.0
4.88376753507014,0.0,6.2803698347351e-17,0.8586493922293257,-0.5125633826408297,0.8586493922293258,-0.5125633826408297,-1.6980844803464324e-17,6.727908865857762e-17
4.921843687374749,-2.51214793389404e-16,6.2803698347351e-17,0.8564912231486328,-0.5161615877507343,0.8564912231486326,-0.5161615877507341,-6.734974458700567e-17,-1.6698406062651226e-17
4.959919839679358,1.25607396694702e-16,-1.25607396694702e-16,0.8543179757336999,-0.5197507059526454,0.8543179757336999,-0.5197507059526455,-1.6415673350176678e-17,6.741921483841524e-17
4.997995991983967,0.0,6.2803698347351e-17,0.8521296882440563,-0.5233306740609492,0.8521296882440562,-0.5233306740609491,0.0,0.0
5.0360721442885765,-1.25607396694702e-16,0.0,0.8499263992040083,-0.5269014290511167,0.849926399204008,-0.5269014290511166,-4.170196968207715e-17,2.5852623756964446e-17
5.074148296593186,-1.25607396694702e-16,-6.2803698347351e-17,0.8477081474019607,-0.5304629080608141,0.8477081474019607,-0.5304629080608141,-4.159313029376914e-17,2.6027369111179654e-17
5.112224448897795,-1.25607396694702e-16,0.0,0.8454749718897351,-0.5340150483910091,0.845474971889735,-0.534015048391009,-6.768521492726012e-17,-1.5281902408361722e-17
5.150300601202405,-0.0,0.0,0.843226911981881,-0.5375577875070747,0.8432269119818808,-0.5375577875070746,-4.1373256733186204e-17,2.6375482133487285e-17
5.188376753507014,0.0,6.2803698347351e-17,0.8409640072549845,-0.5410910630398901,0.8409640072549847,-0.5410910630398901,-2.6548843673128706e-17,-4.126222643173559e-17
5.226452905811623,-0.0,-1.25607396694702e-16,0.8386862975469717,-0.5446148127869389,0.8386862975469715,-0.5446148127869389,-4.11504697181224e-17,2.6721737826382773e-17
5.264529058116232,-1.25607396694702e-16,-6.2803698347351e-17,0.8363938229564066,-0.5481289747134039,0.8363938229564063,-0.5481289747134038,-6.793215010928535e-17,-1.4143827010311285e-17
5.302605210420841,-1.25607396694702e-16,0.0,0.8340866238417858,-0.5516334869532591,0.8340866238417857,-0.551633486953259,-2.706611180696083e-17,-4.09247849369687e-17
5.340681362725451,2.51214793389404e-16,-6.2803698347351e-17,0.8317647408208279,-0.5551282878103594,0.831764740820828,-0.5551282878103595,-6.804844641421651e-17,-1.3573275270898908e-17
5.37875751503006,-2.51214793389404e-16,-1.25607396694702e-16,0.8294282147697578,-0.5586133157595263,0.8294282147697578,-0.5586133157595263,-8.139243656434646e-17,5.4817159649648164e-17
5.416833667334669,2.51214793389404e-16,-6.2803698347351e-17,0.8270770868225891,-0.5620885094476311,0.8270770868225891,-0.5620885094476312,-4.0580859274071654e-17,2.757909155614155e-17
5.454909819639278,-2.51214793389404e-16,-1.25607396694702e-16,0.8247113983703964,-0.5655538076946749,0.8247113983703962,-0.5655538076946748,-6.821390361291289e-17,-1.2715668085331464e-17
5.492985971943887,-1.25607396694702e-16,-6.2803698347351e-17,0.8223311910605904,-0.569009149494866,0.8223311910605903,-0.569009149494866,-4.034800005077123e-17,2.7918655454498686e-17
5.531062124248496,-1.25607396694702e-16,6.2803698347351e-17,0.8199365067961821,-0.5724544740176937,0.8199365067961821,-0.5724544740176937,-2.808770164359275e-17,-4.0230503935006357e-17
5.5691382765531054,-0.0,0.0,0.8175273877350464,-0.5758897206089991,0.8175273877350464,-0.5758897206089991,0.0,0.0
5.607214428857715,-0.0,-6.2803698347351e-17,0.8151038762891795,-0.5793148287920429,0.8151038762891795,-0.579314828792043,-6.84176966592382e-17,-1.1569081416108889e-17
5.645290581162325,1.25607396694702e-16,-1.25607396694702e-16,0.8126660151239519,-0.5827297382685707,0.8126660151239519,-0.5827297382685708,-3.987377443045974e-17,2.8591861484570407e-17
5.683366733466934,-0.0,-6.2803698347351e-17,0.8102138471573583,-0.5861343889198729,0.8102138471573583,-0.5861343889198729,0.0,0.0
5.721442885771543,-1.25607396694702e-16,0.0,0.8077474155592608,-0.5895287208078457,0.8077474155592608,-0.5895287208078457,-2.89254562099341e-17,-3.963244142784077e-17
5.759519038076152,-2.51214793389404e-16,-1.25607396694702e-16,0.8052667637506299,-0.5929126741760437,0.8052667637506297,-0.5929126741760435,-3.9510727281048523e-17,2.909149119943238e-17
5.797595190380761,-1.25607396694702e-16,-1.25607396694702e-16,0.8027719354027794,-0.5962861894507333,0.8027719354027794,-0.5962861894507333,-5.851402807961757e-17,-7.877663511368015e-17
5.83567134268537,-2.51214793389404e-16,6.2803698347351e-17,0.8002629744365981,-0.5996492072419414,0.800262974436598,-0.5996492072419412,-9.843192593139786e-18,6.868723622728203e-17
5.8737474949899795,-0.0,-1.25607396694702e-16,0.7977399250217763,-0.6030016683445001,0.7977399250217764,-0.6030016683445002,-1.0786935164302304e-16,2.0031603244225562e-17
5.911823647294589,-0.0,-6.2803698347351e-17,0.7952028315760284,-0.6063435137390905,0.7952028315760284,-0.6063435137390906,-3.9016936530672076e-17,2.9750480571674004e-17
5.949899799599198,0.0,6.2803698347351e-17,0.7926517387643103,-0.6096746845932801,0.7926517387643103,-0.6096746845932801,0.0,0.0
5.987975951903807,1.25607396694702e-16,-1.88411095042053e-16,0.790086691498034,-0.6129951222625597,0.790086691498034,-0.6129951222625598,-6.884275545943317e-17,-8.689066792284182e-18
6.026052104208416,0.0,6.2803698347351e-17,0.7875077349342763,-0.616304768291375,0.7875077349342764,-0.6163047682913751,-3.023923340453561e-17,-3.863937361798277e-17
6.064128256513025,0.0,6.2803698347351e-17,0.7849149144749843,-0.6196035644141568,0.7849149144749844,-0.6196035644141568,-3.040109012063294e-17,-3.851215587267479e-17
6.102204408817634,-0.0,0.0,0.7823082757661757,-0.6228914525563449,0.7823082757661757,-0.6228914525563449,3.0562411632415615e-17,3.838426012957436e-17
6.140280561122244,-0.0,-6.2803698347351e-17,0.7796878646971349,-0.626168374835413,0.7796878646971349,-0.6261683748354131,-3.072319509985492e-17,-3.8255688640257095e-17
6.1783567134268536,-1.25607396694702e-16,-6.2803698347351e-17,0.7770537273996067,-0.629434273561885,0.7770537273996065,-0.629434273561885,-3.0883437692394244e-17,-3.8126443668195e-17
6.216432865731463,-1.25607396694702e-16,-1.25607396694702e-16,0.7744059102469817,-0.632689091240353,0.7744059102469817,-0.632689091240353,-1.0008280066671465e-16,-4.4949918388434113e-17
6.254509018036072,-0.0,0.0,0.7717444598534824,-0.6359327705704878,0.7717444598534825,-0.6359327705704879,0.0,0.0
6.292585170340681,-0.0,-6.2803698347351e-17,0.7690694230733408,-0.6391652544480488,0.7690694230733406,-0.6391652544480488,-6.909558272604098e-17,-6.373798609692379e-18
6.33066132264529,-0.0,-1.25607396694702e-16,0.766380846999974,-0.6423864859658882,0.766380846999974,-0.6423864859658884,-3.151894303673163e-17,-3.7602774636073224e-17
6.368737474949899,-0.0,-6.2803698347351e-17,0.763678778965156,-0.6455964084149542,0.763678778965156,-0.6455964084149542,-1.0661683236330312e-16,2.5882681646914852e-17
6.406813627254508,-2.51214793389404e-16,-6.2803698347351e-17,0.7609632665381831,-0.6487949652852879,0.7609632665381831,-0.6487949652852879,-3.1833377569576003e-17,-3.73369589414679e-17
6.444889779559118,-0.0,-6.2803698347351e-17,0.7582343575250375,-0.6519821002670191,0.7582343575250376,-0.6519821002670193,-3.198975558831425e-17,-3.7203063958281215e-17
6.482965931863727,1.25607396694702e-16,6.2803698347351e-17,0.755492099967545,-0.6551577572513576,0.7554920999675452,-0.6551577572513576,-4.1991457612496584e-17,1.0135965489285235e-16
6.521042084168336,-0.0,-1.25607396694702e-16,0.7527365421425297,-0.6583218803315803,0.7527365421425296,-0.6583218803315803,-3.230081936547303e-17,-3.693331150605273e-17
6.559118236472945,-2.51214793389404e-16,-6.2803698347351e-17,0.7499677325609636,-0.6614744138040165,0.7499677325609633,-0.6614744138040163,-3.6797458785941837e-17,3.245549964768615e-17
6.597194388777554,-0.0,0.0,0.7471857199671129,-0.664615302169027,0.7471857199671129,-0.664615302169027,-3.6660958254892845e-17,3.2609608558169616e-17
6.635270541082164,-0.0,-6.2803698347351e-17,0.7443905533376803,-0.6677444901319831,0.7443905533376803,-0.6677444901319831,-6.92869556998376e-17,-3.76066893209579e-18
6.673346693386773,-1.25607396694702e-16,0.0,0.7415822818809421,-0.6708619226042383,0.741582281880942,-0.6708619226042382,-3.6386023383586644e-17,3.2916101421844147e-17
6.7114228456913825,-2.51214793389404e-16,6.2803698347351e-17,0.7387609550358818,-0.6739675447040991,0.7387609550358817,-0.673967544704099,0.0,0.0
6.749498997995992,-0.0,-1.25607396694702e-16,0.7359266224713205,-0.6770613017577911,0.7359266224713203,-0.6770613017577911,-3.3220276373641485e-17,-3.61085262527138e-17
6.787575150300601,-0.0,-1.25607396694702e-16,0.7330793340850414,-0.680143139300421,0.7330793340850417,-0.6801431393004214,-6.934031087202961e-17,-2.597335006960866e-18
6.82565130260521,-0.0,-6.2803698347351e-17,0.7302191400029131,-0.6832130030769364,0.7302191400029132,-0.6832130030769366,-3.3522111993931027e-17,-3.582848640328518e-17
6.863727454909819,-2.51214793389404e-16,6.2803698347351e-17,0.7273460905780051,-0.6862708390430794,0.7273460905780051,-0.6862708390430794,0.0,0.0
6.901803607214428,-2.51214793389404e-16,-6.2803698347351e-17,0.7244602363897027,-0.6893165933663398,0.7244602363897027,-0.6893165933663399,-6.93675105831818e-17,-1.7243365275517691e-18
6.939879759519037,-0.0,-1.25607396694702e-16,0.7215616282428161,-0.6923502124269018,0.7215616282428161,-0.6923502124269019,-3.540370221811348e-17,3.397043272811214e-17
6.9779559118236465,-0.0,0.0,0.7186503171666858,-0.6953716428185879,0.7186503171666858,-0.6953716428185878,-3.64030348267569e-17,1.0349821837994192e-16
7.016032064128256,-0.0,-2.51214793389404e-16,0.7157263544142851,-0.6983808313497993,0.7157263544142851,-0.6983808313497997,-6.938371962933518e-17,-8.510648423585697e-19
7.054108216432865,-0.0,0.0,0.7127897914613166,-0.7013777250444532,0.7127897914613167,-0.7013777250444533,-3.44133711494087e-17,-3.4973308631256065e-17
7.092184368737474,-0.0,-6.2803698347351e-17,0.7098406800053071,-0.7043622711429135,0.7098406800053071,-0.7043622711429136,-6.938841839519252e-17,-2.6880026376344875e-19
7.130260521042084,1.25607396694702e-16,-0.0,0.7068790719646962,-0.7073344171029216,0.7068790719646963,-0.7073344171029217,0.0,0.0
7.168336673346693,-2.51214793389404e-16,0.0,0.7039050194779239,-0.7102941106005198,0.7039050194779237,-0.7102941106005196,3.13483243419726e-19,6.938823091291621e-17
7.206412825651302,-0.0,-1.25607396694702e-16,0.7009185749025113,-0.7132412995309739,0.7009185749025114,-0.7132412995309741,-3.499546205048119e-17,-3.4390842768931624e-17
7.244488977955911,-1.25607396694702e-16,-6.2803698347351e-17,0.6979197908141398,-0.7161759320096894,0.6979197908141397,-0.7161759320096894,-3.513945093560117e-17,-3.4243706260107454e-17
7.2825651302605205,-2.51214793389404e-16,0.0,0.6949087200057247,-0.7190979563731253,0.6949087200057246,-0.7190979563731252,-3.4095966898580723e-17,3.5282821198636195e-17
7.32064128256513,-1.25607396694702e-16,6.2803698347351e-17,0.6918854154864866,-0.7220073211797036,0.6918854154864866,-0.7220073211797036,0.0,0.0
7.358717434869739,1.25607396694702e-16,6.2803698347351e-17,0.6888499304810176,-0.7249039752107151,0.6888499304810178,-0.7249039752107153,-3.556769577338232e-17,-3.3798690031659026e-17
7.396793587174348,-0.0,-6.2803698347351e-17,0.6858023184283446,-0.7277878674712209,0.6858023184283446,-0.727787867471221,0.0,0.0
7.434869739478957,-0.0,0.0,0.6827426329809884,-0.7306589471909499,0.6827426329809884,-0.7306589471909499,0.0,0.0
7.472945891783566,-2.51214793389404e-16,-6.2803698347351e-17,0.6796709280040192,-0.733517163825193,0.6796709280040192,-0.7335171638251932,-6.933862392758627e-17,2.6419865247291715e-18
7.511022044088175,-0.0,-6.2803698347351e-17,0.6765872575741083,-0.7363624670556934,0.6765872575741083,-0.7363624670556935,-3.612991113693513e-17,-3.3197017211207634e-17
7.549098196392785,-0.0,0.0,0.673491675978576,-0.7391948067915309,0.673491675978576,-0.7391948067915309,0.0,0.0
7.587174348697395,-2.51214793389404e-16,0.0,0.6703842377144361,-0.7420141331700053,0.670384237714436,-0.7420141331700051,-1.0570708829718482e-16,-2.9378114918275344e-17
7.625250501002004,-1.25607396694702e-16,-6.2803698347351e-17,0.6672649974874363,-0.7448203965575134,0.6672649974874363,-0.7448203965575134,-6.928451963148383e-17,3.805285850316836e-18
7.663326653306613,-0.0,-1.25607396694702e-16,0.6641340102110954,-0.747613547550423,0.6641340102110954,-0.7476135475504232,-3.258599378087044e-17,3.668194978183573e-17
7.701402805611222,-0.0,0.0,0.6609913310057357,-0.750393536975943,0.6609913310057357,-0.750393536975943,0.0,0.0
7.739478957915831,-0.0,0.0,0.657837015197514,-0.7531603158929882,0.6578370151975141,-0.7531603158929883,-3.695410413010846e-17,-3.2277029268895653e-17
7.77755511022044,-0.0,0.0,0.6546711183174466,-0.7559138355930415,0.6546711183174466,-0.7559138355930416,0.0,0.0
7.8156312625250495,-1.25607396694702e-16,-6.2803698347351e-17,0.6514936961004318,-0.7586540476010116,0.6514936961004318,-0.7586540476010117,-6.91894480629868e-17,5.257864367530098e-18
7.853707414829659,-2.51214793389404e-16,-6.2803698347351e-17,0.6483048044842692,-0.7613809036760861,0.6483048044842691,-0.761380903676086,-7.471490094047878e-17,-6.361865527807563e-17
7.891783567134268,0.0,6.2803698347351e-17,0.6451044996086742,-0.7640943558125803,0.6451044996086741,-0.7640943558125802,0.0,0.0
7.929859719438877,-2.51214793389404e-16,-6.2803698347351e-17,0.6418928378142903,-0.7667943562407833,0.6418928378142902,-0.7667943562407832,-7.524612725593336e-17,-6.298944399595903e-17
7.967935871743486,-2.51214793389404e-16,-6.2803698347351e-17,0.6386698756416967,-0.7694808574277984,0.6386698756416965,-0.7694808574277981,-3.133658610417288e-17,3.7754877854653467e-17
8.006012024048095,-0.0,-1.25607396694702e-16,0.6354356698304136,-0.7721538120783799,0.6354356698304133,-0.7721538120783796,-3.117789853685641e-17,3.7886027415256024e-17
8.044088176352705,-2.51214793389404e-16,0.0,0.6321902773179024,-0.7748131731357655,0.6321902773179023,-0.7748131731357654,-6.903517209060482e-17,6.99784791122714e-18
8.082164328657315,-0.0,0.0,0.6289337552385647,-0.7774588937825055,0.6289337552385647,-0.7774588937825055,3.814632331451694e-17,3.08588795659918e-17
8.120240480961924,-2.51214793389404e-16,-1.25607396694702e-16,0.6256661609227345,-0.7800909274412867,0.6256661609227344,-0.7800909274412867,-6.897401884942533e-17,7.576911292024426e-18
8.158316633266534,-1.25607396694702e-16,-6.2803698347351e-17,0.622387551895671,-0.7827092277757516,0.6223875518956711,-0.7827092277757517,-7.68078659920568e-17,-6.107537510062811e-17
8.196392785571142,-2.51214793389404e-16,0.0,0.6190979858765441,-0.7853137486913152,0.6190979858765441,-0.7853137486913153,-3.853172482877874e-17,-3.037628371284613e-17
8.234468937875752,-1.25607396694702e-16,0.0,0.6157975207774198,-0.7879044443359762,0.6157975207774197,-0.7879044443359761,0.0,0.0
8.27254509018036,-0.0,-6.2803698347351e-17,0.6124862147022393,-0.7904812691011233,0.6124862147022392,-0.7904812691011233,-3.0051874585992415e-17,3.8785271229576673e-17
8.31062124248497,-2.51214793389404e-16,0.0,0.6091641259457972,-0.7930441776223395,0.6091641259457972,-0.7930441776223395,-6.879989634175315e-17,9.02214632624131e-18
8.348697394789578,-2.51214793389404e-16,-1.25607396694702e-16,0.6058313129927145,-0.7955931247802004,0.6058313129927145,-0.7955931247802004,-1.0779752208001422e-16,-2.04146120665828e-17
8.386773547094188,-1.25607396694702e-16,0.0,0.6024878345164095,-0.7981280657010675,0.6024878345164094,-0.7981280657010675,-2.9561300169466643e-17,3.9160464281909835e-17
8.424849699398797,-0.0,0.0,0.5991337493780642,-0.8006489557578795,0.5991337493780642,-0.8006489557578795,0.0,0.0
8.462925851703407,-0.0,0.0,0.5957691166255887,-0.8031557505709372,0.5957691166255888,-0.8031557505709374,0.0,0.0
8.501002004008015,-1.25607396694702e-16,0.0,0.592393995492582,-0.8056484060086849,0.5923939954925819,-0.8056484060086848,0.0,0.0
8.539078156312625,-0.0,-6.2803698347351e-17,0.5890084453972878,-0.8081268781884874,0.5890084453972878,-0.8081268781884875,-2.889992869435424e-17,3.9651059909481435e-17
8.577154308617235,-2.51214793389404e-16,-1.25607396694702e-16,0.5856125259415497,-0.8105911234774026,0.5856125259415496,-0.8105911234774026,-3.9771969063996204e-17,-2.873330658411199e-17
8.615230460921843,-0.0,-6.2803698347351e-17,0.5822062969097613,-0.8130410984929499,0.5822062969097613,-0.8130410984929501,-3.989217804199229e-17,-2.856617863050697e-17
8.653306613226453,2.51214793389404e-16,-6.2803698347351e-17,0.5787898182678147,-0.8154767601038733,0.5787898182678148,-0.8154767601038734,1.1613136951428772e-17,6.841023250300682e-17
8.691382765531062,-1.25607396694702e-16,0.0,0.5753631501620434,-0.8178980654309006,0.5753631501620434,-0.8178980654309006,-4.013048701578456e-17,-2.82304169710614e-17
8.729458917835672,-2.51214793389404e-16,-1.25607396694702e-16,0.5719263529181644,-0.8203049718474998,0.5719263529181641,-0.8203049718474996,-6.831037199243408e-17,1.2186793639976274e-17
8.76753507014028,-2.51214793389404e-16,-6.2803698347351e-17,0.5684794870402152,-0.8226974369806276,0.5684794870402151,-0.8226974369806276,-6.825863740937551e-17,1.2473302689484099e-17
8.80561122244489,-1.25607396694702e-16,6.2803698347351e-17,0.5650226132094902,-0.8250754187114768,0.5650226132094902,-0.8250754187114767,-4.048264664888274e-17,-2.7723054499563127e-17
8.843687374749498,-0.0,-6.2803698347351e-17,0.5615557922834714,-0.8274388751762167,0.5615557922834714,-0.8274388751762167,1.3045656979421641e-17,6.815156414157607e-17
8.881763527054108,-0.0,-6.2803698347351e-17,0.5580790852947569,-0.8297877647667309,0.5580790852947568,-0.8297877647667308,0.0,0.0
8.919839679358716,-0.0,0.0,0.5545925534499868,-0.8321220461313493,0.5545925534499868,-0.8321220461313493,0.0,0.0
8.957915831663327,-0.0,-6.2803698347351e-17,0.5510962581287653,-0.834441678175577,0.5510962581287653,-0.8344416781755771,0.0,0.0
8.995991983967935,-0.0,-1.25607396694702e-16,0.547590260882581,-0.8367466200628162,0.547590260882581,-0.8367466200628163,-6.792302803281835e-17,1.418756934154201e-17
9.034068136272545,-2.51214793389404e-16,-6.2803698347351e-17,0.5440746234337219,-0.8390368312150865,0.5440746234337219,-0.8390368312150864,-1.0903057080349934e-16,-1.2222797661883268e-17
9.072144288577153,-2.51214793389404e-16,0.0,0.5405494076741907,-0.8413122713137385,0.5405494076741907,-0.8413122713137384,-8.255862828673868e-17,-5.3044534283451766e-17
9.110220440881763,-2.51214793389404e-16,-1.25607396694702e-16,0.5370146756646128,-0.8435729003001641,0.5370146756646127,-0.8435729003001641,-4.139023278472774e-17,-2.6348834139485056e-17
9.148296593186371,-2.51214793389404e-16,-1.25607396694702e-16,0.5334704896331458,-0.8458186783765016,0.5334704896331457,-0.8458186783765014,-1.0917578279278086e-16,-1.0849451783558245e-17
9.186372745490981,-1.25607396694702e-16,-6.2803698347351e-17,0.5299169119743832,-0.8480495660063353,0.5299169119743832,-0.8480495660063353,-6.761046173114276e-17,1.5609302529894453e-17
9.22444889779559,-2.51214793389404e-16,-6.2803698347351e-17,0.526354005248256,-0.8502655239153938,0.5263540052482559,-0.8502655239153936,-8.343721793614803e-17,-5.165152838989293e-17
9.2625250501002,-1.25607396694702e-16,-6.2803698347351e-17,0.5227818321789307,-0.8524665130922389,0.5227818321789306,-0.8524665130922389,-4.182660135895556e-17,-2.565049413253206e-17
9.30060120240481,-1.25607396694702e-16,-6.2803698347351e-17,0.5192004556537063,-0.8546524947889544,0.5192004556537062,-0.8546524947889543,-2.5474772498970747e-17,4.193385740198161e-17
9.338677354709418,-1.25607396694702e-16,0.0,0.5156099387219067,-0.8568234305218266,0.5156099387219066,-0.8568234305218266,-4.20403752089338e-17,-2.5298602387802155e-17
9.376753507014028,0.0,6.2803698347351e-17,0.5120103445937698,-0.8589792820720236,0.5120103445937699,-0.8589792820720237,-4.2146152904590236e-17,-2.512198690046122e-17
9.414829659318636,-1.25607396694702e-16,0.0,0.5084017366393365,-0.8611200114862658,0.5084017366393366,-0.8611200114862659,-8.450237725351699e-17,-4.988985829244732e-17
9.452905811623246,-2.51214793389404e-16,-6.2803698347351e-17,0.5047841783873331,-0.8632455810774967,0.5047841783873331,-0.8632455810774967,-8.471096105261693e-17,-4.9534864484302324e-17
9.490981963927855,-0.0,-6.2803698347351e-17,0.5011577335240548,-0.8653559534255441,0.5011577335240548,-0.8653559534255442,-6.704852608024144e-17,1.786952745416824e-17
9.529058116232465,-3.76822190084106e-16,-6.2803698347351e-17,0.4975224658922424,-0.8674510913777804,0.4975224658922423,-0.8674510913777802,-6.697295901788838e-17,1.815069203519055e-17
9.567134268537073,-1.25607396694702e-16,0.0,0.49387843948996096,-0.8695309580497758,0.493878439489961,-0.8695309580497756,-2.423233791717809e-17,4.266387499456346e-17
9.605210420841683,-1.25607396694702e-16,-6.2803698347351e-17,0.4902257184694705,-0.871595516825948,0.4902257184694704,-0.871595516825948,4.276517337471901e-17,2.4053115738179714e-17
9.643286573146291,-0.0,-1.88411095042053e-16,0.4865643671360988,-0.8736447313602068,0.48656436713609863,-0.8736447313602067,-2.3873470109519754e-17,4.2865718883671033e-17
9.681362725450901,-0.0,0.0,0.4828944499471071,-0.8756785655765937,0.4828944499471072,-0.8756785655765938,-4.296550975133861e-17,-2.3693404193818834e-17
9.71943887775551,-1.25607396694702e-16,-6.2803698347351e-17,0.47921603151055786,-0.8776969836699178,0.4792160315105579,-0.8776969836699178,-2.3512921161096667e-17,4.306454422092607e-17
9.75751503006012,-1.25607396694702e-16,-6.2803698347351e-17,0.4755291765841757,-0.8796999501063848,0.4755291765841756,-0.8796999501063847,-6.649484473767022e-17,1.9830796360237763e-17
9.79559118236473,1.25607396694702e-16,-1.25607396694702e-16,0.4718339500742072,-0.8816874296242236,0.4718339500742073,-0.881687429624224,-6.641105346661767e-17,2.010962054396206e-17
9.833667334669338,-0.0,-1.25607396694702e-16,0.46813041703427966,-0.8836593872343073,0.4681304170342796,-0.8836593872343073,-2.2969001170812908e-17,4.3357091873178486e-17
9.871743486973948,-1.25607396694702e-16,0.0,0.46441864266425403,-0.8856157882207678,0.46441864266425403,-0.8856157882207678,-8.690616689854468e-17,-4.557376303245626e-17
9.909819639278556,-1.25607396694702e-16,-6.2803698347351e-17,0.46069869230907873,-0.8875565981416087,0.46069869230907856,-0.8875565981416085,0.0,0.0
9.947895791583166,-2.51214793389404e-16,-6.2803698347351e-17,0.4569706314576383,-0.8894817828293099,0.4569706314576381,-0.8894817828293096,-8.728553995980614e-17,-4.4842883893225016e-17
9.985971943887774,-1.25607396694702e-16,0.0,0.45323452574160045,-0.8913913083914304,0.45323452574160056,-0.8913913083914305,-2.2238128465062637e-17,4.373646159505151e-17
10.024048096192384,-1.25607396694702e-16,0.0,0.44949044093426177,-0.8932851412112052,0.4494904409342619,-0.8932851412112052,-2.2054423486291544e-17,4.382938323968701e-17
10.062124248496993,-2.51214793389404e-16,-6.2803698347351e-17,0.4457384429493877,-0.8951632479481356,0.4457384429493877,-0.8951632479481356,-2.1870330244383803e-17,4.392153327794506e-17
10.100200400801603,-2.51214793389404e-16,0.0,0.4419785978400542,-0.8970255955385776,0.4419785978400541,-0.8970255955385773,-8.802582017509015e-17,-4.3371703960518624e-17
10.138276553106211,-1.25607396694702e-16,-1.25607396694702e-16,0.43821097179748425,-0.8988721511963225,0.4382109717974842,-0.8988721511963225,-8.8207024119638e-17,-4.30019838832324e-17
10.176352705410821,-0.0,0.0,0.4344356311498816,-0.9007028824131762,0.43443563114988176,-0.9007028824131763,-2.1315753382873608e-17,4.41933375997396e-17
10.21442885771543,-0.0,0.0,0.4306526423612647,-0.9025177569595296,0.4306526423612648,-0.9025177569595297,-9.912984003445434e-17,-2.0119086567254645e-17
10.25250501002004,-0.0,-6.2803698347351e-17,0.4268620720302955,-0.9043167428849268,0.4268620720302954,-0.9043167428849268,-1.047207687801402e-17,2.2185326535392157e-17
10.29058116232465,1.25607396694702e-16,6.2803698347351e-17,0.42306398688910674,-0.9060998085186278,0.4230639868891068,-0.9060998085186277,-9.92951793755456e-17,-1.9286528519550037e-17
10.328657314629258,-0.0,0.0,0.4192584538021288,-0.9078669224701648,0.41925845380212884,-0.9078669224701649,0.0,0.0
10.366733466933868,-0.0,0.0,0.41544553976491033,-0.909618053629897,0.4154455397649104,-0.9096180536298971,-1.0191998577792128e-17,2.231538197323305e-17
10.404809619238476,-0.0,0.0,0.41162531190294077,-0.9113531711695564,0.41162531190294077,-0.9113531711695564,-2.0196556188192626e-17,4.47158981640895e-17
10.442885771543086,-3.76822190084106e-16,0.0,0.4077978374704674,-0.9130722445427911,0.4077978374704673,-0.9130722445427907,-9.960487016938041e-17,-1.7617396745775414e-17
10.480961923847694,-0.0,-6.2803698347351e-17,0.4039631838493118,-0.9147752434857029,0.4039631838493118,-0.9147752434857029,-9.910305446057685e-18,2.2441901737304943e-17
10.519038076152304,-1.25607396694702e-16,-6.2803698347351e-17,0.40012141854768324,-0.9164621380173813,0.40012141854768324,-0.9164621380173813,-9.974919981407452e-17,-1.6780940557937312e-17
10.557114228456912,-0.0,-6.2803698347351e-17,0.3962726091989913,-0.9181328984404292,0.39627260919899127,-0.9181328984404291,0.0,0.0
10.595190380761522,-1.25607396694702e-16,-6.2803698347351e-17,0.3924168235606536,-0.9197874953414874,0.39241682356065355,-0.9197874953414874,-9.62704211458162e-18,2.2564865781676677e-17
10.63326653306613,-5.02429586778808e-16,-6.2803698347351e-17,0.3885541295129042,-0.9214258995917519,0.388554129512904,-0.9214258995917516,0.0,0.0
10.67134268537074,-0.0,-6.2803698347351e-17,0.3846845950575983,-0.9230480823474861,0.3846845950575982,-0.9230480823474861,-9.4373497136212e-18,2.2644856767129817e-17
10.709418837675349,-0.0,-1.25607396694702e-16,0.3808082883170142,-0.9246540150505299,0.3808082883170142,-0.9246540150505301,-9.342253463919074e-18,2.2684254623789237e-17
10.747494989979959,-0.0,0.0,0.37692527753265564,-0.9262436694288013,0.37692527753265576,-0.9262436694288013,-1.0938699800902527e-16,8.458535274722658e-18
10.785571142284569,-1.25607396694702e-16,-1.25607396694702e-16,0.37303563106404886,-0.9278170174967943,0.3730356310640488,-0.9278170174967943,-1.0019897562491815e-16,-1.3844425350091174e-17
10.823647294589177,1.25607396694702e-16,-0.0,0.3691394173875403,-0.9293740315560723,0.36913941738754036,-0.9293740315560725,0.0,0.0
10.861723446893787,-0.0,-6.2803698347351e-17,0.36523670509509026,-0.9309146841957548,0.36523670509509015,-0.9309146841957548,8.239114226610406e-17,5.867880797735916e-17
10.899799599198396,-2.51214793389404e-16,-6.2803698347351e-17,0.36132756289306567,-0.9324389482930009,0.3613275628930656,-0.9324389482930008,-8.864338775202965e-18,2.2875240014029234e-17
10.937875751503006,-1.25607396694702e-16,0.0,0.357412059601031,-0.9339467970134856,0.357412059601031,-0.9339467970134857,0.0,0.0
10.975951903807614,-1.25607396694702e-16,6.2803698347351e-17,0.35349026415053575,-0.9354382038118736,0.35349026415053575,-0.9354382038118735,0.0,0.0
11.014028056112224,-2.51214793389404e-16,-1.25607396694702e-16,0.34956224558390203,-0.9369131424322854,0.34956224558390186,-0.9369131424322852,-9.194001621091553e-17,-3.430281535199063e-17
11.052104208416832,-1.25607396694702e-16,-6.2803698347351e-17,0.34562807305300774,-0.9383715869087602,0.3456280730530077,-0.9383715869087601,-1.0056232248756587e-16,-1.0895968312361846e-17
11.090180360721442,-1.25607396694702e-16,0.0,0.3416878158180705,-0.9398135115657129,0.34168781581807045,-0.9398135115657128,0.0,0.0
11.12825651302605,-0.0,0.0,0.3377415432464279,-0.9412388910183862,0.3377415432464279,-0.9412388910183861,-9.236450528799047e-17,-3.3142840627214783e-17
11.16633266533066,-1.25607396694702e-16,-6.2803698347351e-17,0.3337893248113155,-0.942647700173297,0.3337893248113155,-0.942647700173297,-9.250275282735612e-17,-3.2755006354712226e-17
11.204408817635269,-1.25607396694702e-16,0.0,0.329831230090645,-0.9440399142286792,0.329831230090645,-0.9440399142286792,0.0,0.0
11.242484969939879,-2.51214793389404e-16,0.0,0.3258673287657791,-0.9454155086749189,0.32586732876577906,-0.9454155086749187,-7.994403678540251e-18,2.319359000770586e-17
11.280561122244489,-1.25607396694702e-16,0.0,0.3218976906203032,-0.9467744592949874,0.3218976906203032,-0.9467744592949873,-9.290771491334176e-17,-3.1588071031916316e-17
11.318637274549097,-1.25607396694702e-16,0.0,0.3179223855387988,-0.9481167421648662,0.31792238553879876,-0.9481167421648661,0.0,0.0
11.356713426853707,-1.25607396694702e-16,-6.2803698347351e-17,0.3139414835056134,-0.9494423336539689,0.31394148350561346,-0.9494423336539691,0.0,0.0
11.394789579158315,-1.25607396694702e-16,0.0,0.30995505460362643,-0.9507512104255577,0.3099550546036264,-0.9507512104255575,0.0,0.0
11.432865731462925,-2.51214793389404e-16,0.0,0.3059631690130169,-0.9520433494371524,0.3059631690130169,-0.9520433494371524,0.0,0.0
11.470941883767534,1.25607396694702e-16,6.2803698347351e-17,0.30196589701002724,-0.9533187279409389,0.30196589701002735,-0.953318727940939,-1.0095794624255369e-16,-6.244671331850378e-18
11.509018036072144,-2.51214793389404e-16,0.0,0.29796330896572765,-0.9545773234841661,0.2979633089657276,-0.954577323484166,-9.367341605206447e-17,-2.9239371523222034e-17
11.547094188376752,-2.51214793389404e-16,-6.2803698347351e-17,0.29395547534477495,-0.9558191139095448,0.2939554753447749,-0.9558191139095447,-7.211519922306804e-18,2.3448818478362253e-17
11.585170340681362,1.25607396694702e-16,-0.0,0.2899424667041729,-0.9570440773556357,0.28994246670417295,-0.9570440773556357,-9.391548053025344e-17,-2.845228002652459e-17
11.62324649298597,-0.0,0.0,0.2859243536920317,-0.9582521922572335,0.2859243536920317,-0.9582521922572336,0.0,0.0
11.66132264529058,-2.51214793389404e-16,-3.14018491736755e-17,0.2819012070463218,-0.9594434373457493,0.28190120704632177,-0.9594434373457491,-6.9157962387075514e-18,2.3537732898596872e-17
11.699398797595189,-0.0,0.0,0.2778730975936293,-0.9606177916495828,0.2778730975936293,-0.9606177916495828,-6.816975859419657e-18,2.3566542974163623e-17
11.737474949899799,-1.25607396694702e-16,-3.14018491736755e-17,0.2738400962479103,-0.9617752344944921,0.2738400962479102,-0.961775234494492,0.0,0.0
11.775551102204409,-0.0,0.0,0.2698022740092413,-0.9629157455039575,0.26980227400924134,-0.9629157455039576,0.0,0.0
11.813627254509017,-1.25607396694702e-16,-6.2803698347351e-17,0.26575970196256915,-0.9640393045995409,0.2657597019625691,-0.9640393045995408,-6.5198016230230845e-18,2.3650481906663902e-17
11.851703406813627,-2.51214793389404e-16,-9.42055475210265e-17,0.2617124512764606,-0.9651458920012386,0.2617124512764605,-0.9651458920012382,-1.0113102956774833e-16,-2.0044171532889498e-18
11.889779559118235,-1.25607396694702e-16,3.14018491736755e-17,0.2576605932018482,-0.9662354882278295,0.2576605932018482,-0.9662354882278292,-9.481744083619688e-17,-2.5284434642888114e-17
11.927855711422845,-0.0,-6.2803698347351e-17,0.2536041990707771,-0.9673080740972183,0.2536041990707771,-0.9673080740972184,-6.221594382055718e-18,2.3730673630687014e-17
11.965931863727453,-0.0,-3.14018491736755e-17,0.2495433402951479,-0.968363630726774,0.2495433402951479,-0.9683636307267741,0.0,0.0
12.004008016032063,-2.51214793389404e-16,-3.14018491736755e-17,0.24547808836546134,-0.9694021395336606,0.24547808836546126,-0.9694021395336604,0.0,0.0
12.042084168336672,-2.51214793389404e-16,-3.14018491736755e-17,0.24140851484955772,-0.9704235822351654,0.2414085148495577,-0.9704235822351652,-5.922401384802198e-18,2.380710544056761e-17
12.080160320641282,-0.0,-3.14018491736755e-17,0.23733469139135807,-0.9714279408490208,0.2373346913913581,-0.971427940849021,-5.822459517775194e-18,2.383174506377744e-17
12.11823647294589,-2.51214793389404e-16,0.0,0.23325668970960328,-0.9724151976937206,0.2332566897096033,-0.9724151976937205,-5.722415147665461e-18,2.3855965134506294e-17
12.1563126252505,-1.25607396694702e-16,-6.2803698347351e-17,0.22917458159659007,-0.9733853353888314,0.22917458159659004,-0.9733853353888313,-5.622270035731492e-18,2.387976522636533e-17
12.194388777555108,-1.25607396694702e-16,0.0,0.22508843891690858,-0.9743383368552985,0.22508843891690855,-0.9743383368552984,0.0,0.0
12.232464929859718,-0.0,0.0,0.22099833360617652,-0.9752741853157465,0.22099833360617657,-0.9752741853157466,-5.421684640261546e-18,2.3926103804894005e-17
12.270541082164328,-2.51214793389404e-16,-6.2803698347351e-17,0.21690433766977255,-0.9761928642947751,0.2169043376697725,-0.976192864294775,-9.84551898471268e-17,-9.310670814052584e-18
12.308617234468937,-0.0,0.0,0.21280652318156856,-0.9770943576192488,0.21280652318156856,-0.9770943576192489,-2.6103587281726152e-18,1.1985378768128518e-17
12.346693386773547,-1.25607396694702e-16,-3.14018491736755e-17,0.20870496228266255,-0.9779786494185814,0.20870496228266244,-0.9779786494185811,0.0,0.0
12.384769539078155,-1.25607396694702e-16,-3.14018491736755e-17,0.2045997271801059,-0.9788457241250157,0.20459972718010586,-0.9788457241250156,-2.5096913179237657e-18,1.2006861637996452e-17
12.422845691382765,-1.25607396694702e-16,0.0,0.20049089014563398,-0.9796955664738977,0.200490890145634,-0.9796955664738978,-9.859757969113457e-17,-7.65704106635204e-18
12.460921843687373,-1.25607396694702e-16,0.0,0.1963785235143931,-0.9805281615039454,0.19637852351439306,-0.9805281615039451,0.0,0.0
12.498997995991983,-1.25607396694702e-16,0.0,0.19226269968366802,-0.9813434945575111,0.192262699683668,-0.9813434945575108,-2.358361053589926e-18,1.2037500157680703e-17
12.537074148296592,1.25607396694702e-16,-0.0,0.18814349111160603,-0.9821415512808411,0.18814349111160608,-0.9821415512808414,-9.637831518912707e-17,-1.8462667284048162e-17
12.575150300601202,-3.76822190084106e-16,-3.14018491736755e-17,0.1840209703159418,-0.9829223176243276,0.18402097031594172,-0.9829223176243271,-9.871219753690786e-17,-6.001254558499321e-18
12.61322645290581,-1.25607396694702e-16,3.14018491736755e-17,0.17989520987272228,-0.9836857798427551,0.1798952098727223,-0.983685779842755,-9.873650866827437e-17,-5.587025580862443e-18
12.65130260521042,-1.25607396694702e-16,0.0,0.17576628241502634,-0.9844319244955444,0.17576628241502631,-0.9844319244955443,0.0,0.0
12.689378757515028,-1.25607396694702e-16,0.0,0.1716342606316877,-0.9851607384469875,0.1716342606316877,-0.9851607384469875,0.0,0.0
12.727454909819638,-0.0,0.0,0.16749921726601538,-0.9858722088664799,0.1674992172660154,-0.9858722088664801,0.0,0.0
12.765531062124248,-0.0,0.0,0.16336122511451268,-0.9865663232287455,0.16336122511451268,-0.9865663232287455,-2.0038455280753037e-18,1.2101565188225257e-17
12.803607214428856,-1.25607396694702e-16,0.0,0.15922035702559492,-0.987243069314058,0.15922035702559492,-0.987243069314058,-1.953052201834569e-18,1.2109866390764265e-17
12.841683366733466,1.25607396694702e-16,3.14018491736755e-17,0.15507668589830859,-0.9879024352084559,0.15507668589830859,-0.9879024352084559,-1.902224492551616e-18,1.2117954401844792e-17
12.879759519038075,-5.02429586778808e-16,-6.2803698347351e-17,0.15093028468104633,-0.9885444093039515,0.15093028468104625,-0.9885444093039512,-9.885799592767057e-17,-2.6850772812149013e-18
12.917835671342685,-0.0,-3.14018491736755e-17,0.14678122637026342,-0.9891689802987361,0.14678122637026345,-0.9891689802987363,-9.886839177537525e-17,-2.2702657536834985e-18
12.955911823647293,-5.02429586778808e-16,-7.850462293418875e-17,0.14262958400919326,-0.9897761371973788,0.14262958400919318,-0.9897761371973786,-9.887704706740727e-17,-1.8554142586370606e-18
12.993987975951903,1.25607396694702e-16,-0.0,0.13847543068656012,-0.9903658693110198,0.13847543068656018,-0.9903658693110199,-9.888396165139238e-17,-1.4405300994422975e-18
13.032064128256511,-1.25607396694702e-16,0.0,0.13431883953529372,-0.990938166257558,0.13431883953529372,-0.990938166257558,9.559393232726442e-17,2.5336004046649117e-17
13.070140280561121,0.0,1.570092458683775e-17,0.13015988373124132,-0.9914930179618361,0.13015988373124135,-0.9914930179618361,-9.729598189621848e-17,-1.2772690741848689e-17
13.10821643286573,0.0,1.570092458683775e-17,0.12599863649187878,-0.9920304146558145,0.12599863649187884,-0.9920304146558148,-9.734871705225207e-17,-1.236434431002108e-17
13.14629258517034,-1.25607396694702e-16,-4.710277376051325e-17,0.12183517107502224,-0.9925503468787465,0.12183517107502222,-0.9925503468787464,-9.88942109319814e-17,2.19187094059101e-19
13.184368737474948,-2.51214793389404e-16,-1.570092458683775e-17,0.1176695607775388,-0.9930528054773428,0.1176695607775388,-0.9930528054773426,-9.889242076274515e-17,6.341250078685552e-19
13.222444889779558,-2.51214793389404e-16,-1.570092458683775e-17,0.1135018789340557,-0.9935377816059332,0.11350187893405568,-0.993537781605933,-1.3922534700062474e-18,1.2187079518100648e-17
13.260521042084168,-2.51214793389404e-16,1.570092458683775e-17,0.10933219891566902,-0.9940052667266227,0.10933219891566902,-0.9940052667266227,-6.705533633156497e-19,6.096406926482128e-18
13.298597194388776,-1.25607396694702e-16,0.0,0.10516059412865135,-0.9944552526094419,0.10516059412865135,-0.994455252609442,0.0,0.0
13.336673346693386,-1.25607396694702e-16,0.0,0.10098713801316249,-0.9948877313324909,0.10098713801316249,-0.9948877313324909,-9.824847941817572e-17,-3.808127253493088e-18
13.374749498997994,-3.76822190084106e-16,1.570092458683775e-17,0.09681190404195282,-0.9953026952820794,0.09681190404195279,-0.995302695282079,0.0,0.0
13.412825651302605,-1.25607396694702e-16,0.0,0.09263496571907195,-0.9957001371528611,0.09263496571907193,-0.9957001371528609,-5.681463323669721e-19,6.106801861148857e-18
13.450901803607213,1.25607396694702e-16,1.570092458683775e-17,0.08845639657857374,-0.9960800499479618,0.08845639657857375,-0.996080049947962,-5.425184421498435e-19,6.109131932299426e-18
13.488977955911823,-2.51214793389404e-16,-1.570092458683775e-17,0.0842762701832236,-0.9964424269791028,0.08427627018322358,-0.9964424269791025,-9.829855225804621e-17,-2.15874156272798e-18
13.527054108216431,1.25607396694702e-16,-0.0,0.0800946601232007,-0.9967872618667178,0.08009466012320071,-0.9967872618667182,0.0,0.0
13.565130260521041,-1.25607396694702e-16,1.570092458683775e-17,0.07591164001480379,-0.9971145485400676,0.0759116400148038,-0.9971145485400676,-9.784762706916482e-17,-7.449268344597559e-18
13.60320641282565,-2.51214793389404e-16,-3.14018491736755e-17,0.07172728349915655,-0.9974242812373437,0.07172728349915654,-0.9974242812373436,-1.9575604275985475e-16,-1.4077308362987357e-17
13.64128256513026,-1.25607396694702e-16,-7.850462293418875e-18,0.06754166424090847,-0.9977164545057722,0.06754166424090847,-0.9977164545057721,-9.832093732679385e-17,-5.0874781883361485e-19
13.67935871743487,-1.25607396694702e-16,-7.850462293418875e-18,0.06335485592693975,-0.9979910632017086,0.06335485592693975,-0.9979910632017085,-3.8856633403080143e-19,6.120852508464083e-18
13.717434869739478,-0.0,0.0,0.05916693226506351,-0.998248102490729,0.05916693226506352,-0.9982481024907293,0.0,0.0
13.755511022044088,-0.0,-2.3551386880256626e-17,0.054977966982728874,-0.9984875678477153,0.054977966982728874,-0.9984875678477155,-9.815095723262465e-17,-2.3330818807420697e-18
13.793587174348696,0.0,7.850462293418875e-18,0.050788033825721654,-0.9987094550569336,0.05078803382572165,-0.9987094550569335,-1.5574591582254303e-19,3.0626292652364726e-18
13.831663326653306,2.51214793389404e-16,-1.570092458683775e-17,0.04659720655686771,-0.9989137602121098,0.046597206556867714,-0.9989137602121102,-1.4289438009896123e-19,3.063255784735326e-18
13.869739478957914,-1.25607396694702e-16,0.0,0.04240555895473268,-0.9991004797164982,0.04240555895473267,-0.999100479716498,-9.804250804188847e-17,-4.161290520068499e-18
13.907815631262524,-1.25607396694702e-16,-7.850462293418875e-18,0.03821316481232467,-0.9992696102829438,0.03821316481232465,-0.9992696102829436,-9.817628894414504e-17,-6.855405885147494e-19
13.945891783567133,-0.0,-3.9252311467094376e-18,0.0340200979357944,-0.9994211489339412,0.03402009793579439,-0.9994211489339411,0.0,0.0
13.983967935871743,-1.25607396694702e-16,3.9252311467094376e-18,0.029826432143135306,-0.9995550930016869,0.02982643214313532,-0.999555093001687,-9.81785849416532e-17,1.3833147633739174e-19
14.02204408817635,-3.76822190084106e-16,0.0,0.025632241262885266,-0.9996714401281259,0.025632241262885255,-0.9996714401281256,-3.9301746783221895e-20,1.5327896379948428e-18
14.06012024048096,-1.25607396694702e-16,3.9252311467094376e-18,0.021437599132826408,-0.9997701882649933,0.021437599132826408,-0.9997701882649933,-3.287012961985994e-20,1.5329410478630118e-18
14.09819639278557,-2.51214793389404e-16,-1.9626155733547188e-18,0.017242579598683905,-0.9998513356738505,0.017242579598683905,-0.9998513356738505,-9.814262805543609e-17,-1.5896229160847617e-19
14.13627254509018,-0.0,-1.9626155733547188e-18,0.013047256512827505,-0.9999148809261159,0.013047256512827503,-0.9999148809261158,0.0,0.0
14.17434869739479,-0.0,-1.9626155733547188e-18,0.008851703732972012,-0.9999608229030894,0.008851703732972008,-0.9999608229030893,-6.786129530098814e-21,7.666166733492981e-19
14.212424849699397,-1.25607396694702e-16,0.0,0.004655995120874608,-0.9999891607959731,0.0046559951208746085,-0.9999891607959731,-9.812971500820464e-17,-4.568964266846047e-19
14.250501002004007,0.0,6.133173666733496e-20,0.0004602045410363176,-0.9999998941058846,0.00046020454103631766,-0.9999998941058845,-2.205089353433686e-23,4.79154141973945e-20
14.288577154308616,-2.51214793389404e-16,-4.906538933386797e-19,-0.0037355941405992606,-0.9999930226438665,-0.003735594140599261,-0.9999930226438666,0.0,-0.0
14.326653306613226,-2.51214793389404e-16,0.0,-0.007931327057944564,-0.9999685465308895,-0.007931327057944564,-0.9999685465308895,0.0,-0.0
14.364729458917834,-2.51214793389404e-16,3.9252311467094376e-18,-0.012126920346071128,-0.99992646619785,-0.012126920346071126,-0.99992646619785,-9.81328598020382e-17,4.2343380250725254e-19
14.402805611222444,-1.25607396694702e-16,0.0,-0.016322300142508628,-0.9998667823855625,-0.016322300142508628,-0.9998667823855625,-2.5026875353638576e-20,-1.5330891549921708e-18
14.440881763527052,-2.51214793389404e-16,3.9252311467094376e-18,-0.020517392588543883,-0.9997894961447472,-0.02051739258854388,-0.9997894961447472,-9.814158094349094e-17,4.804170584375166e-19
14.478957915831662,1.25607396694702e-16,-0.0,-0.024712123830523552,-0.9996946088360109,-0.02471212383052356,-0.9996946088360111,-9.810081039501546e-17,2.4250199540227903e-18
14.51703406813627,-1.25607396694702e-16,0.0,-0.028906420021153664,-0.9995821221298231,-0.028906420021153657,-0.999582122129823,0.0,-0.0
14.55511022044088,0.0,1.1775693440128313e-17,-0.03310020732079812,-0.999452038006487,-0.0331002073207981,-0.9994520380064869,0.0,-0.0
14.593186372745489,-0.0,0.0,-0.03729341189877994,-0.9993043587561039,-0.037293411898779945,-0.9993043587561039,-9.806251485079903e-17,3.659631548803885e-18
14.631262525050099,-2.51214793389404e-16,7.850462293418875e-18,-0.04148595993468128,-0.9991390869785337,-0.04148595993468127,-0.9991390869785337,-1.2722029850527403e-19,-3.0639467688304455e-18
14.669338677354709,-0.0,0.0,-0.045677777619642576,-0.9989562255833488,-0.04567777761964258,-0.9989562255833488,-9.80283522714765e-17,4.482395885627209e-18
14.707414829659317,1.25607396694702e-16,-0.0,-0.04986879115766148,-0.9987557777897825,-0.0498687911576615,-0.9987557777897829,-9.816160915177164e-17,1.8308919896009136e-18
14.745490981963927,-1.25607396694702e-16,7.850462293418875e-18,-0.05405892676689245,-0.998537747126673,-0.05405892676689245,-0.9985377471266731,-1.6577639304928968e-19,-3.0621027079583513e-18
14.783567134268536,-1.25607396694702e-16,7.850462293418875e-18,-0.05824811068094639,-0.9983021374324009,-0.05824811068094638,-0.9983021374324008,-9.796416609190664e-17,5.715932457045735e-18
14.821643286573146,-2.51214793389404e-16,-7.850462293418875e-18,-0.062436269150187636,-0.9980489528548212,-0.06243626915018764,-0.9980489528548212,0.0,-0.0
14.859719438877754,-0.0,0.0,-0.06662332844303419,-0.9977781978511915,-0.06662332844303419,-0.9977781978511915,9.791275149282771e-17,-6.537799097551264e-18
14.897795591182364,-1.25607396694702e-16,7.850462293418875e-18,-0.0708092148472539,-0.9974898771880923,-0.07080921484725389,-0.9974898771880922,-9.788445836165179e-17,6.948563389812032e-18
14.935871743486974,0.0,1.570092458683775e-17,-0.07499385467126371,-0.9971839959413435,-0.0749938546712637,-0.9971839959413434,0.0,-0.0
14.973947895791584,-1.25607396694702e-16,1.570092458683775e-17,-0.07917717424542633,-0.9968605594959153,-0.07917717424542632,-0.9968605594959153,-4.856073600884183e-19,-6.1139189329055676e-18
15.012024048096192,2.51214793389404e-16,1.570092458683775e-17,-0.08335909992334671,-0.9965195735458333,-0.08335909992334672,-0.9965195735458335,0.0,-0.0
15.050100200400802,-2.51214793389404e-16,0.0,-0.08753955808316907,-0.996161044094078,-0.08753955808316906,-0.9961610440940777,0.0,-0.0
15.08817635270541,-1.25607396694702e-16,1.570092458683775e-17,-0.09171847512887336,-0.9957849774524791,-0.09171847512887336,-0.9957849774524791,-9.771715522304565e-17,9.000405382613716e-18
15.12625250501002,-1.25607396694702e-16,0.0,-0.09589577749157076,-0.9953913802416049,-0.09589577749157073,-0.9953913802416047,-5.881454572622363e-19,-6.1049082013913185e-18
15.16432865731463,2.51214793389404e-16,1.570092458683775e-17,-0.10007139163079719,-0.9949802593906452,-0.10007139163079722,-0.9949802593906455,-9.82519428369733e-17,3.717696857279714e-18
15.202404809619239,-1.25607396694702e-16,1.570092458683775e-17,-0.1042452440358107,-0.9945516221372896,-0.1042452440358107,-0.9945516221372896,-6.393541856026413e-19,-6.0997578190995075e-18
15.240480961923849,-2.51214793389404e-16,3.14018491736755e-17,-0.10841726122688392,-0.9941054760276002,-0.10841726122688387,-0.9941054760276,-9.75523444404487e-17,1.063907026521745e-17
15.278557114228457,-0.0,0.0,-0.11258736975659808,-0.993641828915878,-0.11258736975659811,-0.9936418289158782,-9.750684638834839e-17,1.1048286262367277e-17
15.316633266533067,-1.25607396694702e-16,-1.570092458683775e-17,-0.11675549621113543,-0.9931606889645258,-0.11675549621113544,-0.9931606889645257,-1.4321634696170768e-18,-1.218245396878425e-17
15.354709418837675,-1.25607396694702e-16,3.14018491736755e-17,-0.12092156721157282,-0.9926620646439035,-0.1209215672115728,-0.9926620646439034,-9.741070135742867e-17,1.1866127548194605e-17
15.392785571142285,-2.51214793389404e-16,1.570092458683775e-17,-0.12508550941517307,-0.9921459647321792,-0.12508550941517305,-0.9921459647321791,-1.5343423048701682e-18,-1.2170007008902602e-17
15.430861723446894,-1.25607396694702e-16,-1.570092458683775e-17,-0.12924724951667477,-0.9916123983151756,-0.12924724951667477,-0.9916123983151754,0.0,-0.0
15.468937875751504,-0.0,-1.570092458683775e-17,-0.13340671424958525,-0.9910613747862085,-0.13340671424958525,-0.9910613747862084,0.0,-0.0
15.507014028056112,-1.25607396694702e-16,1.570092458683775e-17,-0.137563830387469,-0.9904929038459224,-0.137563830387469,-0.9904929038459224,-1.6874057240548362e-18,-1.2149729989908408e-17
15.545090180360722,-2.51214793389404e-16,1.570092458683775e-17,-0.14171852474523658,-0.9899069955021198,-0.14171852474523652,-0.9899069955021195,-1.738368648111608e-18,-1.2142543034657746e-17
15.58316633266533,-0.0,0.0,-0.1458707241804334,-0.9893036600695845,-0.1458707241804334,-0.9893036600695845,0.0,-0.0
15.62124248496994,-1.25607396694702e-16,3.14018491736755e-17,-0.15002035559452812,-0.9886829081699002,-0.1500203555945281,-0.9886829081699001,0.0,-0.0
15.65931863727455,-1.25607396694702e-16,0.0,-0.15416734593419792,-0.9880447507312637,-0.15416734593419792,-0.9880447507312639,-1.891070212707632e-18,-1.2119700093478498e-17
15.697394789579159,-3.76822190084106e-16,3.14018491736755e-17,-0.1583116221926161,-0.9873891989882929,-0.15831162219261602,-0.9873891989882925,-9.883517628957244e-17,3.4235838898096833e-18
15.735470941883769,-0.0,0.0,-0.16245311141073696,-0.9867162644818269,-0.16245311141073696,-0.9867162644818269,-1.9927062899665094e-18,-1.210340441971517e-17
15.773547094188377,-1.25607396694702e-16,0.0,-0.16659174067857901,-0.9860259590587264,-0.16659174067857901,-0.9860259590587263,-9.675949514903393e-17,1.63477772324025e-17
15.811623246492987,-2.51214793389404e-16,3.14018491736755e-17,-0.17072743713651078,-0.9853182948716617,-0.17072743713651073,-0.9853182948716614,-9.878425355459108e-17,4.6673599072374885e-18
15.849699398797595,0.0,3.14018491736755e-17,-0.17486012797653117,-0.9845932843789009,-0.17486012797653117,-0.9845932843789009,-9.876380073165973e-17,5.081797307886321e-18
15.887775551102205,-2.51214793389404e-16,0.0,-0.17898974044355317,-0.9838509403440897,-0.17898974044355312,-0.9838509403440895,-2.195550325407727e-18,-1.2068257358618716e-17
15.925851703406813,-0.0,-3.14018491736755e-17,-0.183116201836683,-0.983091275836027,-0.18311620183668298,-0.9830912758360268,0.0,-0.0
15.963927855711423,1.25607396694702e-16,-0.0,-0.18723943951050176,-0.9823143042284344,-0.1872394395105018,-0.9823143042284346,-9.639526757039154e-17,1.8373951996475982e-17
16.00200400801603,-1.25607396694702e-16,0.0,-0.19135938087634266,-0.9815200391997216,-0.1913593808763426,-0.9815200391997213,0.0,-0.0
16.04008016032064,-1.25607396694702e-16,-3.14018491736755e-17,-0.1954759534035697,-0.9807084947327445,-0.1954759534035697,-0.9807084947327444,-2.3977759397887953e-18,-1.2029711029273427e-17
16.07815631262525,0.0,3.14018491736755e-17,-0.1995890846208547,-0.97987968511456,-0.19958908462085467,-0.97987968511456,-2.4482290359281387e-18,-1.201954456262346e-17
16.11623246492986,-2.51214793389404e-16,0.0,-0.2036987021174539,-0.9790336249361737,-0.20369870211745392,-0.9790336249361739,0.0,-0.0
16.15430861723447,-2.51214793389404e-16,-3.14018491736755e-17,-0.2078047335444798,-0.9781703290922843,-0.2078047335444798,-0.9781703290922841,-5.0980100783902975e-18,-2.399715401587534e-17
16.19238476953908,-1.25607396694702e-16,0.0,-0.21190710661617837,-0.9772898127810192,-0.21190710661617837,-0.9772898127810191,-5.19865234436813e-18,-2.397555257806182e-17
16.230460921843687,-2.51214793389404e-16,0.0,-0.2160057491112001,-0.9763920915036691,-0.21600574911120007,-0.9763920915036689,0.0,-0.0
16.268537074148295,-2.51214793389404e-16,3.14018491736755e-17,-0.22010058887387013,-0.9754771810644141,-0.22010058887387007,-0.9754771810644138,0.0,-0.0
16.306613226452907,-2.51214793389404e-16,0.0,-0.22419155381546116,-0.9745450975700454,-0.22419155381546113,-0.9745450975700453,-9.563286927137324e-17,2.2000091746640826e-17
16.344689378757515,-1.25607396694702e-16,3.14018491736755e-17,-0.22827857191546078,-0.973595857429682,-0.22827857191546075,-0.973595857429682,0.0,-0.0
16.382765531062123,-3.76822190084106e-16,0.0,-0.23236157122284026,-0.972629477354482,-0.23236157122284024,-0.9726294773544818,-5.700455479138974e-18,-2.3861221991997085e-17
16.42084168336673,-2.51214793389404e-16,0.0,-0.2364404798573196,-0.9716459743573482,-0.23644047985731959,-0.971645974357348,-9.534837605305755e-17,2.3202088396971907e-17
16.458917835671343,-1.25607396694702e-16,3.14018491736755e-17,-0.24051522601063532,-0.9706453657526279,-0.24051522601063532,-0.9706453657526279,-5.900486602467536e-18,-2.3812546387883684e-17
16.49699398797595,1.25607396694702e-16,-0.0,-0.2445857379478032,-0.9696276691558097,-0.2445857379478033,-0.96962766915581,-6.0003472289601876e-18,-2.3787579548010372e-17
16.53507014028056,1.25607396694702e-16,-0.0,-0.24865194400838153,-0.9685929024832118,-0.24865194400838156,-0.968592902483212,0.0,-0.0
16.573146292585168,1.25607396694702e-16,3.14018491736755e-17,-0.252713772607732,-0.9675410839516673,-0.25271377260773203,-0.9675410839516676,0.0,-0.0
16.61122244488978,-1.25607396694702e-16,3.14018491736755e-17,-0.25677115223828123,-0.9664722320782039,-0.25677115223828123,-0.9664722320782037,-1.011399609717175e-16,1.4869849349095747e-18
16.649298597194388,1.25607396694702e-16,-0.0,-0.26082401147077844,-0.9653863656797166,-0.2608240114707785,-0.9653863656797166,-1.0113283161458375e-16,1.9113343960284186e-18
16.687374749498996,1.25607396694702e-16,-1.25607396694702e-16,-0.2648722789555539,-0.9642835038726376,-0.26487227895555393,-0.9642835038726376,9.46258910914747e-17,-2.5992122981406273e-17
16.725450901803608,-2.51214793389404e-16,6.2803698347351e-17,-0.2689158834237741,-0.9631636660726001,-0.26891588342377404,-0.9631636660726,-6.597231259124263e-18,-2.3629000134043858e-17
16.763527054108216,0.0,3.14018491736755e-17,-0.2729547536886968,-0.962026871994095,-0.27295475368869687,-0.9620268719940951,-9.440444604806688e-17,2.6785262520531892e-17
16.801603206412825,1.25607396694702e-16,6.2803698347351e-17,-0.27698881864692515,-0.9608731416501247,-0.27698881864692515,-0.9608731416501249,0.0,-0.0
16.839679358717433,-2.51214793389404e-16,0.0,-0.2810180072796578,-0.9597024953518513,-0.2810180072796578,-0.9597024953518513,0.0,-0.0
16.877755511022045,-0.0,0.0,-0.28504224865394007,-0.9585149537082379,-0.28504224865394007,-0.9585149537082379,0.0,-0.0
16.915831663326653,-1.25607396694702e-16,-6.2803698347351e-17,-0.2890614719239129,-0.9573105376256865,-0.28906147192391296,-0.9573105376256864,-1.0103308531472141e-16,4.880420201726087e-18
16.95390781563126,-1.25607396694702e-16,6.2803698347351e-17,-0.2930756063320607,-0.9560892683076695,-0.29307560633206065,-0.9560892683076696,-7.189934364470988e-18,-2.3455446093724384e-17
16.99198396793587,-2.51214793389404e-16,6.2803698347351e-17,-0.297084581210454,-0.9548511672543575,-0.29708458121045395,-0.9548511672543575,-7.28828532109002e-18,-2.3425072138616668e-17
17.030060120240478,1.25607396694702e-16,6.2803698347351e-17,-0.30108832598199753,-0.9535962562622394,-0.3010883259819976,-0.9535962562622395,-1.0096365113074606e-16,6.1517460859656765e-18
17.06813627254509,-1.25607396694702e-16,6.2803698347351e-17,-0.3050867701616702,-0.9523245574237389,-0.3050867701616702,-0.952324557423739,-1.0093695094369584e-16,6.5753147260896546e-18
17.106212424849698,-0.0,0.0,-0.3090798433577671,-0.9510360931268266,-0.30907984335776717,-0.9510360931268268,0.0,-0.0
17.144288577154306,-0.0,0.0,-0.31306747527313705,-0.9497308860546254,-0.3130674752731371,-0.9497308860546254,-9.319783137333919e-17,3.072155512409511e-17
17.182364729458918,-0.0,0.0,-0.3170495957064226,-0.94840895918501,-0.3170495957064226,-0.94840895918501,0.0,-0.0
17.220440881763526,-0.0,0.0,-0.32102613455329476,-0.947070335790204,-0.32102613455329476,-0.947070335790204,0.0,-0.0
17.258517034068134,-2.51214793389404e-16,1.25607396694702e-16,-0.3249970218076858,-0.9457150394363698,-0.3249970218076857,-0.9457150394363697,-7.973052703670839e-18,-2.320093830441989e-17
17.296593186372743,0.0,6.2803698347351e-17,-0.32896218756302403,-0.944343093983193,-0.32896218756302414,-0.9443430939831933,-1.0073945204652004e-16,9.114034832283937e-18
17.334669338677354,-1.25607396694702e-16,6.2803698347351e-17,-0.33292156201346373,-0.9429545235834628,-0.3329215620134637,-0.9429545235834629,-8.167463028915033e-18,-2.3133215411877298e-17
17.372745490981963,-1.25607396694702e-16,1.25607396694702e-16,-0.33687507545511347,-0.941549352682647,-0.33687507545511336,-0.941549352682647,8.413051776581024e-17,-5.615655625137529e-17
17.41082164328657,-0.0,0.0,-0.34082265828726266,-0.9401276060184616,-0.34082265828726277,-0.9401276060184618,-9.225545402562613e-17,3.344519284533678e-17
17.44889779559118,-0.0,0.0,-0.3447642410136089,-0.938689308620435,-0.3447642410136089,-0.938689308620435,0.0,-0.0
17.48697394789579,-0.0,0.0,-0.34869975424348015,-0.9372344858094672,-0.34869975424348015,-0.9372344858094672,9.197154988673813e-17,-3.421817840516087e-17
17.5250501002004,-1.25607396694702e-16,0.0,-0.35262912869305596,-0.9357631631973852,-0.35262912869305596,-0.9357631631973852,-8.650942744893712e-18,-2.2956791963285768e-17
17.563126252505008,-2.51214793389404e-16,1.25607396694702e-16,-0.3565522951865879,-0.9342753666864906,-0.35655229518658765,-0.9342753666864904,-1.004283578136369e-16,1.2068462056670831e-17
17.60120240480962,0.0,6.2803698347351e-17,-0.36046918465761746,-0.9327711224691041,-0.36046918465761746,-0.9327711224691042,0.0,-0.0
17.639278557114228,-1.25607396694702e-16,6.2803698347351e-17,-0.3643797281501916,-0.9312504570271053,-0.3643797281501916,-0.9312504570271053,-9.138433248275481e-17,3.575686645411624e-17
17.677354709418836,0.0,6.2803698347351e-17,-0.36828385682007636,-0.9297133971314652,-0.36828385682007636,-0.9297133971314653,-9.034995410127767e-18,-2.2808374899584177e-17
17.715430861723444,-0.0,-6.2803698347351e-17,-0.3721815019359699,-0.9281599698417755,-0.37218150193597,-0.9281599698417755,-1.002116757164718e-16,1.3752195448505269e-17
17.753507014028056,-0.0,0.0,-0.3760725948807116,-0.9265902025057723,-0.37607259488071165,-0.9265902025057724,-9.22607414281006e-18,-2.2731754519446644e-17
17.791583166332664,-2.51214793389404e-16,1.25607396694702e-16,-0.3799570671524906,-0.9250041227588545,-0.3799570671524905,-0.9250041227588542,-9.077137483719238e-17,3.7285482859983126e-17
17.829659318637272,-2.51214793389404e-16,6.2803698347351e-17,-0.3838348503660511,-0.9234017585235968,-0.3838348503660509,-0.9234017585235967,-9.416503186558622e-18,-2.2653533396769306e-17
17.86773547094188,-0.0,0.0,-0.3877058762538964,-0.9217831380092599,-0.3877058762538964,-0.9217831380092599,-9.511469882712932e-18,-2.2613824273909445e-17
17.905811623246493,-3.76822190084106e-16,6.2803698347351e-17,-0.3915700766674918,-0.9201482897112914,-0.39157007666749166,-0.9201482897112911,-9.990113729074599e-17,1.5851359486577398e-17
17.9438877755511,0.0,6.2803698347351e-17,-0.39542738357846346,-0.9184972424108255,-0.39542738357846335,-0.9184972424108255,-9.700899264275028e-18,-2.2533212400485632e-17
17.98196392785571,-2.51214793389404e-16,0.0,-0.3992777290797949,-0.916830025174177,-0.39927772907979475,-0.9168300251741768,-9.795358614821394e-18,-2.2492311069075478e-17
18.020040080160317,0.0,6.2803698347351e-17,-0.40312104538702503,-0.9151466673523279,-0.403121045387025,-0.9151466673523279,-9.969370058276257e-17,1.7107568315563618e-17
18.05811623246493,-0.0,0.0,-0.4069572648394395,-0.9134471985804118,-0.4069572648394396,-0.913447198580412,-8.963728486855785e-17,3.993503328318625e-17
18.096192384769537,-0.0,0.0,-0.41078631990126324,-0.911731648777192,-0.41078631990126324,-0.911731648777192,-1.0077695359491158e-17,-2.236723415763115e-17
18.134268537074146,-0.0,0.0,-0.4146081431628468,-0.9100000481445351,-0.4146081431628469,-0.9100000481445352,-2.034290996527715e-17,-4.464950665605022e-17
18.172344689378757,-1.25607396694702e-16,6.2803698347351e-17,-0.41842266734185724,-0.9082524271668783,-0.4184226673418572,-0.9082524271668783,-1.0265035539621873e-17,-2.2281879476186722e-17
18.210420841683366,-1.25607396694702e-16,0.0,-0.42222982528445946,-0.9064888166106931,-0.42222982528445946,-0.9064888166106931,0.0,-0.0
18.248496993987974,-1.25607396694702e-16,-1.25607396694702e-16,-0.4260295499664978,-0.9047092475239454,-0.4260295499664978,-0.9047092475239452,-1.0451652868419386e-17,-2.219495573185655e-17
18.286573146292582,-1.25607396694702e-16,6.2803698347351e-17,-0.42982177449467984,-0.9029137512355454,-0.4298217744946799,-0.9029137512355455,-2.108937270975547e-17,-4.430181473927525e-17
18.324649298597194,-0.0,-6.2803698347351e-17,-0.43360643210774985,-0.9011023593548,-0.43360643210775,-0.9011023593548001,-2.1275068409036143e-17,-4.4212938091410274e-17
18.362725450901802,-2.51214793389404e-16,0.0,-0.43738345617766755,-0.8992751037708528,-0.4373834561776675,-0.8992751037708528,-1.0730194782775017e-17,-2.206164154238571e-17
18.40080160320641,-1.25607396694702e-16,6.2803698347351e-17,-0.44115278021077803,-0.8974320166521255,-0.44115278021077803,-0.8974320166521256,0.0,-0.0
18.43887775551102,-2.51214793389404e-16,0.0,-0.444914337848984,-0.8955731304457498,-0.444914337848984,-0.8955731304457497,-2.182989520678047e-17,-4.3941644322271636e-17
18.47695390781563,-0.0,0.0,-0.44866806287091493,-0.8936984778769967,-0.448668062870915,-0.8936984778769967,-8.769932752824007e-17,4.402814637286759e-17
18.51503006012024,1.25607396694702e-16,-0.0,-0.4524138891930906,-0.8918080919487006,-0.4524138891930906,-0.8918080919487006,0.0,-0.0
18.553106212424847,-2.51214793389404e-16,1.25607396694702e-16,-0.45615175087108567,-0.8899020059406781,-0.4561517508710855,-0.8899020059406781,6.494551352912356e-17,-8.842591489410018e-17
18.59118236472946,-2.51214793389404e-16,6.2803698347351e-17,-0.4598815821006907,-0.8879802534091429,-0.45988158210069063,-0.8879802534091428,-2.2564268873245553e-17,-4.356909685430633e-17
18.629258517034067,-0.0,0.0,-0.4636033172190717,-0.8860428681861126,-0.46360331721907166,-0.8860428681861124,0.0,-0.0
18.667334669338675,-0.0,0.0,-0.4673168907059222,-0.8840898843788165,-0.4673168907059223,-0.8840898843788165,-1.096855139511406e-16,2.4799559863764544e-18
18.705410821643284,-0.0,0.0,-0.4710222371846222,-0.8821213363690924,-0.47102223718462227,-0.8821213363690924,-4.328162680866143e-17,2.3110889452372995e-17
18.743486973947896,-0.0,-6.2803698347351e-17,-0.4747192914233843,-0.880137258812783,-0.4747192914233844,-0.880137258812783,-2.3292286857986288e-17,-4.318427727089252e-17
18.781563126252504,-0.0,0.0,-0.4784079883364062,-0.8781376866391244,-0.47840798833640624,-0.8781376866391244,-2.347327420815834e-17,-4.308616748369079e-17
18.819639278557112,-1.25607396694702e-16,1.25607396694702e-16,-0.4820882629850115,-0.8761226550501329,-0.4820882629850115,-0.8761226550501331,-4.2987299174256885e-17,2.365384831664772e-17
18.85771543086172,-2.51214793389404e-16,-6.2803698347351e-17,-0.4857600505787986,-0.8740921995199837,-0.4857600505787985,-0.8740921995199835,0.0,-0.0
18.895791583166332,-0.0,-6.2803698347351e-17,-0.4894232864767773,-0.872046355794387,-0.4894232864767772,-0.8720463557943867,4.278729396423234e-17,-2.401374410004427e-17
18.93386773547094,-0.0,0.0,-0.49307790618850805,-0.8699851598899586,-0.49307790618850805,-0.8699851598899586,0.0,-0.0
18.97194388777555,-1.25607396694702e-16,6.2803698347351e-17,-0.49672384537523734,-0.8679086480935866,-0.49672384537523734,-0.8679086480935867,-4.258427572494284e-17,2.4371948864752055e-17
19.010020040080157,0.0,6.2803698347351e-17,-0.5003610398510311,-0.8658168569617912,-0.5003610398510311,-0.8658168569617913,0.0,-0.0
19.04809619238477,0.0,6.2803698347351e-17,-0.503989425583903,-0.8637098233200821,-0.503989425583903,-0.8637098233200821,-6.710669613911283e-17,-1.7649821366259463e-17
19.086172344689377,-2.51214793389404e-16,6.2803698347351e-17,-0.5076089386969432,-0.8615875842623099,-0.5076089386969431,-0.8615875842623097,4.2274130267057005e-17,-2.4906030206517034e-17
19.124248496993985,0.0,1.25607396694702e-16,-0.5112195154694416,-0.8594501771500134,-0.5112195154694416,-0.8594501771500135,0.0,-0.0
19.162324649298597,-2.51214793389404e-16,1.88411095042053e-16,-0.514821092338011,-0.8572976396117611,-0.5148210923380109,-0.8572976396117612,-6.73235397954088e-17,-1.68037451297054e-17
19.200400801603205,-2.51214793389404e-16,6.2803698347351e-17,-0.5184136058977059,-0.8551300095424894,-0.5184136058977058,-0.8551300095424893,-4.195728684927647e-17,2.543616540934533e-17
19.238476953907814,-0.0,0.0,-0.5219969929031374,-0.8529473251028353,-0.5219969929031374,-0.8529473251028353,-2.5611985687900753e-17,-4.1850192587451876e-17
19.276553106212422,-1.25607396694702e-16,0.0,-0.5255711902695879,-0.8507496247184648,-0.5255711902695879,-0.8507496247184647,-1.0927207819814881e-16,9.832348584029927e-18
19.314629258517034,-0.0,0.0,-0.5291361350741206,-0.8485369470793962,-0.5291361350741206,-0.8485369470793961,-2.5962270478029878e-17,-4.163379567262229e-17
19.352705410821642,0.0,6.2803698347351e-17,-0.53269176455669,-0.846309331139318,-0.53269176455669,-0.846309331139318,1.538776800631691e-17,-6.766122565215516e-17
19.39078156312625,0.0,6.2803698347351e-17,-0.5362380161212419,-0.8440668161149061,-0.5362380161212419,-0.8440668161149062,-6.772519399308592e-17,-1.5103739919866514e-17
19.42885771543086,0.0,6.2803698347351e-17,-0.5397748273368205,-0.8418094414851294,-0.5397748273368206,-0.8418094414851295,1.481944593549136e-17,-6.778797004729629e-17
19.46693386773547,-0.0,-6.2803698347351e-17,-0.5433021359386642,-0.8395372469905581,-0.5433021359386642,-0.8395372469905581,0.0,-0.0
19.50501002004008,-1.25607396694702e-16,0.0,-0.5468198798293034,-0.8372502726326615,-0.5468198798293035,-0.8372502726326615,-6.790994089593232e-17,-1.425008029728497e-17
19.543086172344687,-0.0,0.0,-0.5503279970796517,-0.834948558673107,-0.5503279970796517,-0.834948558673107,-4.09670761050479e-17,2.7002057438040868e-17
19.5811623246493,0.0,6.2803698347351e-17,-0.5538264259300995,-0.8326321456330472,-0.5538264259300995,-0.8326321456330474,0.0,-0.0
19.619238476953907,-2.51214793389404e-16,1.25607396694702e-16,-0.5573151047915976,-0.8303010742924103,-0.5573151047915974,-0.8303010742924102,-6.80839280727311e-17,-1.3394162876240784e-17
19.657314629258515,0.0,6.2803698347351e-17,-0.560793972246744,-0.8279553856891796,-0.560793972246744,-0.8279553856891797,-2.7515574584372846e-17,-4.062395334991242e-17
19.695390781563123,-0.0,0.0,-0.5642629670508638,-0.8255951211186728,-0.5642629670508637,-0.8255951211186727,0.0,-0.0
19.733466933867735,-1.25607396694702e-16,-6.2803698347351e-17,-0.5677220281330887,-0.8232203221328129,-0.5677220281330888,-0.8232203221328129,-9.610263030052496e-17,-5.2927748882234205e-17
19.771543086172343,0.0,6.2803698347351e-17,-0.5711710945974305,-0.8208310305393998,-0.5711710945974305,-0.8208310305393998,-6.829912622341019e-17,-1.2249661958061255e-17
19.80961923847695,0.0,6.2803698347351e-17,-0.5746101057238545,-0.8184272884013709,-0.5746101057238545,-0.818427288401371,0.0,-0.0
19.84769539078156,2.51214793389404e-16,-6.2803698347351e-17,-0.5780390009693476,-0.8160091380360632,-0.5780390009693476,-0.8160091380360632,4.003780605773345e-17,-2.836170863272112e-17
19.88577154308617,-1.25607396694702e-16,6.2803698347351e-17,-0.5814577199689843,-0.8135766220144667,-0.5814577199689841,-0.8135766220144666,-2.8529449411461384e-17,-3.991845371207294e-17
19.92384769539078,-0.0,0.0,-0.5848662025369901,-0.8111297831604757,-0.5848662025369902,-0.8111297831604759,-3.979839861106465e-17,2.86966879356983e-17
19.961923847695388,0.0,1.25607396694702e-16,-0.5882643886678011,-0.8086686645501348,-0.588264388667801,-0.8086686645501348,0.0,-0.0
19.999999999999996,-1.25607396694702e-16,1.25607396694702e-16,-0.5916522185371186,-0.8061933095108801,-0.5916522185371185,-0.8061933095108801,-6.858583506228131e-17,-1.0526542156740398e-17
