1.0,-1.25607396694702e-16,9.813077866773594e-19,0.9999740126370029,-0.00720930306279138,0.9999740126370027,-0.0072093030627913765,-9.81282285075695e-17,7.074545232034114e-19
1.0380761523046091,-0.0,-9.813077866773594e-19,0.9999719959725257,-0.007483800553383662,0.9999719959725257,-0.007483800553383662,-9.812803061071406e-17,7.34391175697572e-19
1.0761523046092185,2.51214793389404e-16,-9.813077866773594e-19,0.9999699039572196,-0.00775829748004958,0.9999699039572197,-0.007758297480049582,-9.81278253196231e-17,7.61327772853199e-19
1.1142284569138277,1.25607396694702e-16,-9.813077866773594e-19,0.999967736591242,-0.008032793822104978,0.999967736591242,-0.008032793822104978,0.0,0.0
1.1523046092184368,-1.25607396694702e-16,0.0,0.9999654938747562,-0.00830728955886575,0.9999654938747562,-0.00830728955886575,-6.368756195545692e-21,-7.666202543343512e-19
1.190380761523046,-2.51214793389404e-16,0.0,0.9999631758079314,-0.008581784669647836,0.999963175807931,-0.008581784669647832,0.0,0.0
1.2284569138276553,-0.0,0.0,0.9999607823909419,-0.00885627913376722,0.9999607823909419,-0.008856279133767218,-9.813371985046764e-17,1.0245692520460542e-19
1.2665330661322645,-0.0,0.0,0.9999583136239685,-0.009130772930539943,0.9999583136239685,-0.009130772930539943,-9.813368802820794e-17,1.293951078934501e-19
1.3046092184368736,-0.0,0.0,0.9999557695071969,-0.009405266039282089,0.9999557695071969,-0.009405266039282089,-9.811922777878621e-17,1.6895588791919353e-18
1.342685370741483,1.25607396694702e-16,-1.9626155733547188e-18,0.999953150040819,-0.009679758439309794,0.9999531500408192,-0.009679758439309797,0.0,0.0
1.3807615230460921,-0.0,-1.9626155733547188e-18,0.999950455225032,-0.00995425010993925,0.999950455225032,-0.00995425010993925,-9.812591680038941e-17,9.768183143417347e-19
1.4188376753507013,-1.25607396694702e-16,1.9626155733547188e-18,0.9999476850600391,-0.010228741030486698,0.9999476850600391,-0.010228741030486696,-9.812564496194161e-17,1.0037543221122792e-18
1.4569138276553106,-1.25607396694702e-16,-1.9626155733547188e-18,0.9999448395460491,-0.010503231180268448,0.9999448395460491,-0.01050323118026845,0.0,0.0
1.4949899799599198,-0.0,0.0,0.9999419186832762,-0.010777720538600854,0.9999419186832763,-0.010777720538600856,0.0,0.0
1.5330661322645291,-2.51214793389404e-16,0.0,0.9999389224719407,-0.011052209084800339,0.9999389224719406,-0.011052209084800337,0.0,0.0
1.5711422845691383,1.25607396694702e-16,-0.0,0.9999358509122683,-0.011326696798183381,0.9999358509122682,-0.01132669679818338,-9.81331672426227e-17,3.449000478843522e-19
1.6092184368737474,1.25607396694702e-16,-0.0,0.9999327040044903,-0.011601183658066535,0.9999327040044905,-0.011601183658066535,-9.81330688685597e-17,3.7183806974523725e-19
1.6472945891783568,-1.25607396694702e-16,-3.9252311467094376e-18,0.9999294817488441,-0.011875669643766396,0.999929481748844,-0.011875669643766396,-9.813296309988146e-17,3.9877606358703047e-19
1.685370741482966,-2.51214793389404e-16,-1.9626155733547188e-18,0.9999261841455723,-0.012150154734599645,0.9999261841455722,-0.012150154734599643,-9.813284993659604e-17,4.257140273798749e-19
1.723446893787575,2.51214793389404e-16,-1.9626155733547188e-18,0.9999228111949235,-0.012424638909883023,0.999922811194924,-0.01242463890988303,-9.81136787616668e-17,1.985827022690626e-18
1.7615230460921842,-2.51214793389404e-16,0.0,0.999919362897152,-0.012699122148933336,0.9999193628971518,-0.012699122148933331,-9.813260142623825e-17,4.795898566993016e-19
1.7995991983967936,-1.25607396694702e-16,-1.9626155733547188e-18,0.9999158392525174,-0.012973604431067471,0.9999158392525173,-0.01297360443106747,-9.946171132405e-21,-7.665821867816578e-19
1.8376753507014028,1.25607396694702e-16,-1.9626155733547188e-18,0.9999122402612851,-0.01324808573560238,0.9999122402612852,-0.013248085735602383,-9.812216673624019e-17,1.3000449690915871e-18
1.875751503006012,-0.0,-1.9626155733547188e-18,0.9999085659237266,-0.013522566041855087,0.9999085659237267,-0.01352256604185509,-9.81321732013788e-17,5.60403324565042e-19
1.9138276553106213,1.25607396694702e-16,-1.9626155733547188e-18,0.9999048162401188,-0.0137970453291427,0.9999048162401187,-0.0137970453291427,0.0,0.0
1.9519038076152304,2.51214793389404e-16,-3.9252311467094376e-18,0.9999009912107438,-0.014071523576782393,0.999900991210744,-0.0140715235767824,-9.81210628581513e-17,1.3808495656310617e-18
1.9899799599198396,-0.0,-3.9252311467094376e-18,0.9998970908358903,-0.014346000764091421,0.9998970908358904,-0.014346000764091425,0.0,0.0
2.0280561122244487,-2.51214793389404e-16,-1.9626155733547188e-18,0.9998931151158519,-0.014620476870387124,0.9998931151158518,-0.014620476870387122,-9.812028997082667e-17,1.4347187797847114e-18
2.0661322645290583,-0.0,-1.9626155733547188e-18,0.9998890640509285,-0.014894951874986925,0.9998890640509286,-0.014894951874986927,-2.2838331651733133e-20,-1.5331233193229894e-18
2.1042084168336674,-2.51214793389404e-16,-3.9252311467094376e-18,0.999884937641425,-0.015169425757208322,0.9998849376414249,-0.015169425757208322,-2.3259180648394728e-20,-1.533116992326463e-18
2.1422845691382766,-1.25607396694702e-16,-1.9626155733547188e-18,0.9998807358876528,-0.015443898496368898,0.9998807358876525,-0.015443898496368895,-2.3680027892408687e-20,-1.5331105498050651e-18
2.1803607214428857,2.51214793389404e-16,-0.0,0.999876458789928,-0.01571837007178633,0.999876458789928,-0.01571837007178633,0.0,0.0
2.218436873747495,-0.0,-3.9252311467094376e-18,0.999872106348573,-0.015992840462778376,0.999872106348573,-0.015992840462778376,-4.904343399129114e-20,-3.066194636379211e-18
2.256513026052104,2.51214793389404e-16,-1.9626155733547188e-18,0.9998676785639159,-0.016267309648662888,0.9998676785639162,-0.01626730964866289,-9.814273642097005e-17,6.323323355592299e-20
2.2945891783567136,-1.25607396694702e-16,-1.9626155733547188e-18,0.9998631754362904,-0.0165417776087578,0.9998631754362904,-0.0165417776087578,-9.811735196675826e-17,1.6232575172959221e-18
2.3326653306613228,-1.25607396694702e-16,-5.8878467200641564e-18,0.999858596966036,-0.01681624432238115,0.999858596966036,-0.016816244322381154,-2.5784236712846193e-20,-1.533076604342298e-18
2.370741482965932,2.51214793389404e-16,-1.9626155733547188e-18,0.9998539431534973,-0.017090709768851062,0.9998539431534974,-0.017090709768851065,-9.811644599565888e-17,1.6771246576016364e-18
2.408817635270541,-1.25607396694702e-16,0.0,0.9998492139990249,-0.017365173927485763,0.9998492139990249,-0.01736517392748576,-9.814260782691064e-17,1.7099582170409308e-19
2.44689378757515,-1.25607396694702e-16,0.0,0.9998444095029757,-0.017639636777603565,0.9998444095029756,-0.01763963677760356,0.0,0.0
2.4849699398797593,-0.0,-3.9252311467094376e-18,0.9998395296657112,-0.01791409829852288,0.9998395296657113,-0.017914098298522883,-9.811503158887913e-17,1.7579244151644142e-18
2.5230460921843685,-0.0,0.0,0.9998345744875995,-0.01818855846956224,0.9998345744875995,-0.01818855846956224,-9.814243373035291e-17,2.518176346275273e-19
2.561122244488978,-1.25607396694702e-16,-3.9252311467094376e-18,0.9998295439690137,-0.018463017270040266,0.9998295439690138,-0.01846301727004027,-9.814236090751892e-17,2.787582036916789e-19
2.599198396793587,-1.25607396694702e-16,-3.9252311467094376e-18,0.9998244381103331,-0.018737474679275667,0.9998244381103332,-0.018737474679275667,-9.811355064279856e-17,1.838722980544307e-18
2.6372745490981964,-1.25607396694702e-16,-3.9252311467094376e-18,0.9998192569119424,-0.019011930676587272,0.9998192569119421,-0.019011930676587265,-9.814219307591086e-17,3.326392767741804e-19
2.6753507014028055,-0.0,0.0,0.9998140003742318,-0.01928638524129402,0.9998140003742317,-0.019286385241294016,0.0,0.0
2.7134268537074147,-2.51214793389404e-16,0.0,0.9998086684975974,-0.01956083835271495,0.9998086684975973,-0.019560838352714948,-9.814199566309253e-17,3.8652024959529525e-19
2.751503006012024,2.51214793389404e-16,-7.850462293418875e-18,0.9998032612824413,-0.019835289990169223,0.9998032612824418,-0.019835289990169234,-9.814188586374779e-17,4.1346069333272004e-19
2.7895791583166334,3.76822190084106e-16,-0.0,0.9997977787291707,-0.020109740132976096,0.9997977787291712,-0.020109740132976103,-9.811093453696633e-17,1.9733844580547647e-18
2.8276553106212425,-1.25607396694702e-16,-3.9252311467094376e-18,0.9997922208381992,-0.020384188760454936,0.9997922208381989,-0.02038418876045493,-6.250988486167354e-20,-3.065949660524921e-18
2.8657314629258517,-0.0,-3.9252311467094376e-18,0.9997865876099447,-0.020658635851925233,0.9997865876099448,-0.020658635851925237,-6.335150069883219e-20,-3.0659323857413275e-18
2.903807615230461,-2.51214793389404e-16,-3.9252311467094376e-18,0.9997808790448323,-0.020933081386706607,0.9997808790448321,-0.020933081386706607,-3.2096555881134514e-20,-1.5329574399653578e-18
2.94188376753507,-0.0,-3.9252311467094376e-18,0.999775095143292,-0.021207525344118766,0.9997750951432919,-0.021207525344118763,-6.503471798856622e-20,-3.065897143094407e-18
2.979959919839679,-0.0,-3.9252311467094376e-18,0.9997692359057597,-0.021481967703481555,0.9997692359057596,-0.021481967703481555,-3.293815965715313e-20,-1.5329395876168684e-18
3.0180360721442883,-1.25607396694702e-16,3.9252311467094376e-18,0.9997633013326769,-0.02175640844411494,0.9997633013326768,-0.021756408444114937,-3.3358957838036e-20,-1.5329304881750296e-18
3.0561122244488974,-0.0,-3.9252311467094376e-18,0.9997572914244907,-0.022030847545338992,0.9997572914244907,-0.022030847545338995,-3.3779753505223356e-20,-1.532921273222373e-18
3.094188376753507,1.25607396694702e-16,3.9252311467094376e-18,0.9997512061816539,-0.022305284986473932,0.9997512061816541,-0.022305284986473932,-9.810636433661395e-17,2.188834984128447e-18
3.132264529058116,1.25607396694702e-16,-0.0,0.9997450456046255,-0.022579720746840087,0.9997450456046255,-0.022579720746840087,0.0,0.0
3.1703406813627253,-0.0,-3.9252311467094376e-18,0.9997388096938692,-0.022854154805757917,0.9997388096938693,-0.02285415480575792,-9.81401899847224e-17,7.098030715755218e-19
3.2084168336673344,0.0,3.9252311467094376e-18,0.9997324984498551,-0.023128587142548004,0.9997324984498551,-0.023128587142548004,0.0,0.0
3.2464929859719436,-1.25607396694702e-16,0.0,0.9997261118730588,-0.023403017736531063,0.9997261118730586,-0.02340301773653106,-3.5883693025947314e-20,-1.532873465821427e-18
3.2845691382765527,-1.25607396694702e-16,-3.9252311467094376e-18,0.9997196499639615,-0.02367744656702796,0.9997196499639612,-0.023677446567027957,0.0,0.0
3.3226452905811623,-1.25607396694702e-16,-3.9252311467094376e-18,0.9997131127230499,-0.023951873613359657,0.9997131127230499,-0.023951873613359657,-9.813935144598756e-17,8.17562473919885e-19
3.3607214428857715,-1.25607396694702e-16,0.0,0.999706500150817,-0.024226298854847284,0.9997065001508171,-0.024226298854847284,-9.81391233235415e-17,8.445021755666191e-19
3.3987975951903806,1.25607396694702e-16,-3.9252311467094376e-18,0.9996998122477609,-0.02450072227081208,0.999699812247761,-0.024500722270812084,-9.810132100986221e-17,2.4042749543567294e-18
3.4368737474949898,-1.25607396694702e-16,3.9252311467094376e-18,0.9996930490143856,-0.02477514384057543,0.9996930490143856,-0.02477514384057543,-3.7987564948137955e-20,-1.532822770757887e-18
3.474949899799599,-1.25607396694702e-16,0.0,0.9996862104512007,-0.025049563543458876,0.9996862104512005,-0.025049563543458872,-3.840833087197734e-20,-1.5328122852339759e-18
3.513026052104208,-2.51214793389404e-16,-3.9252311467094376e-18,0.9996792965587212,-0.02532398135878409,0.9996792965587211,-0.025323981358784088,-9.809930778932182e-17,2.485062009704712e-18
3.551102204408817,1.25607396694702e-16,-7.850462293418875e-18,0.9996723073374686,-0.025598397265872867,0.9996723073374688,-0.02559839726587287,-9.817712163960887e-17,-5.535912790162916e-19
3.5891783567134268,2.51214793389404e-16,-0.0,0.9996652427879694,-0.02587281124404717,0.9996652427879696,-0.025872811244047177,0.0,0.0
3.627254509018036,-1.25607396694702e-16,-3.9252311467094376e-18,0.9996581029107559,-0.026147223272629094,0.9996581029107557,-0.026147223272629094,-4.0091365308472495e-20,-1.5327691881272526e-18
3.665330661322645,-1.25607396694702e-16,-7.850462293418875e-18,0.9996508877063658,-0.026421633330940893,0.9996508877063658,-0.026421633330940893,-9.817754423940785e-17,-4.727407977650875e-19
3.703406813627254,-0.0,-3.9252311467094376e-18,0.9996435971753432,-0.026696041398304962,0.9996435971753433,-0.026696041398304966,-9.8095804581033e-17,2.6197033297617804e-18
3.7414829659318634,-0.0,-3.9252311467094376e-18,0.9996362313182374,-0.026970447454043842,0.9996362313182374,-0.026970447454043846,0.0,0.0
3.7795591182364725,-0.0,-3.9252311467094376e-18,0.9996287901356034,-0.027244851477480236,0.9996287901356034,-0.02724485147748024,0.0,0.0
3.817635270541082,-0.0,0.0,0.9996212736280016,-0.027519253447936987,0.9996212736280017,-0.027519253447936987,-9.81358090440935e-17,1.167773051170369e-18
3.8557114228456912,-0.0,-1.1775693440128313e-17,0.999613681795999,-0.027793653344737115,0.9996136817959989,-0.027793653344737115,-8.523165139813052e-20,-3.0654021550488684e-18
3.8937875751503004,-0.0,-7.850462293418875e-18,0.999606014640167,-0.028068051147203756,0.9996060146401671,-0.028068051147203763,-9.809211657759185e-17,2.7543397147609442e-18
3.9318637274549095,-2.51214793389404e-16,3.9252311467094376e-18,0.9995982721610839,-0.028342446834660247,0.9995982721610837,-0.028342446834660237,-9.809135680209058e-17,2.781266377234117e-18
3.9699398797595187,1.25607396694702e-16,-0.0,0.9995904543593329,-0.028616840386430066,0.999590454359333,-0.028616840386430066,-8.775602594158425e-20,-3.0653309260974162e-18
4.008016032064128,0.0,7.850462293418875e-18,0.999582561235503,-0.028891231781836856,0.999582561235503,-0.028891231781836845,-8.859747098192781e-20,-3.065306721147805e-18
4.046092184368737,-0.0,0.0,0.999574592790189,-0.029165621000204395,0.9995745927901891,-0.029165621000204395,-9.808903312698634e-17,2.862045099078129e-18
4.084168336673347,-0.0,-3.9252311467094376e-18,0.9995665490239917,-0.02944000802085668,0.9995665490239917,-0.029440008020856678,-9.028034097097054e-20,-3.065257618310811e-18
4.122244488977956,2.51214793389404e-16,-3.9252311467094376e-18,0.9995584299375165,-0.029714392823117823,0.9995584299375169,-0.02971439282311783,-9.808744705366811e-17,2.915896505371537e-18
4.160320641282565,1.25607396694702e-16,3.9252311467094376e-18,0.999550235531376,-0.029988775386312123,0.9995502355313762,-0.029988775386312127,-9.808664293021281e-17,2.9428218799506428e-18
4.198396793587174,-0.0,-7.850462293418875e-18,0.9995419658061871,-0.030263155689764055,0.9995419658061871,-0.03026315568976406,0.0,0.0
4.236472945891784,-2.51214793389404e-16,-7.850462293418875e-18,0.9995336207625733,-0.030537533712798257,0.999533620762573,-0.03053753371279825,-9.817865850881994e-17,-6.848467910876957e-20
4.274549098196393,-0.0,0.0,0.9995252004011632,-0.03081190943473953,0.9995252004011631,-0.030811909434739524,-9.808418621339094e-17,3.023596665070749e-18
4.312625250501002,-1.25607396694702e-16,-3.9252311467094376e-18,0.9995167047225912,-0.031086282834912878,0.9995167047225911,-0.03108628283491287,-9.808335252583737e-17,3.050521140475474e-18
4.350701402805611,-2.51214793389404e-16,0.0,0.9995081337274978,-0.03136065389264343,0.9995081337274977,-0.03136065389264342,-9.80825114474149e-17,3.077445386014463e-18
4.38877755511022,1.25607396694702e-16,-0.0,0.9994994874165288,-0.031635022587256534,0.9994994874165289,-0.03163502258725654,0.0,0.0
4.426853707414829,-0.0,-7.850462293418875e-18,0.9994907657903355,-0.031909388898077706,0.9994907657903355,-0.03190938889807771,0.0,0.0
4.4649298597194385,-0.0,-7.850462293418875e-18,0.9994819688495752,-0.03218375280443263,0.9994819688495752,-0.032183752804432635,0.0,0.0
4.503006012024048,1.25607396694702e-16,3.9252311467094376e-18,0.9994730965949108,-0.03245811428564718,0.9994730965949109,-0.03245811428564718,0.0,0.0
4.541082164328658,-0.0,-3.9252311467094376e-18,0.9994641490270108,-0.03273247332104742,0.9994641490270108,-0.03273247332104742,-9.807819519450665e-17,3.212063094715276e-18
4.579158316633267,-0.0,-7.850462293418875e-18,0.9994551261465494,-0.03300682988995959,0.9994551261465496,-0.033006829889959594,-9.81785280821729e-17,1.7406998807332456e-19
4.617234468937876,-0.0,-7.850462293418875e-18,0.9994460279542067,-0.03328118397171011,0.999446027954207,-0.03328118397171012,-9.817847660008862e-17,2.0102046814302055e-19
4.655310621242485,-1.25607396694702e-16,-1.1775693440128313e-17,0.9994368544506681,-0.03355553554562559,0.9994368544506683,-0.033555535545625605,-9.807551675647676e-17,3.292830831705132e-18
4.693386773547094,1.25607396694702e-16,-7.850462293418875e-18,0.999427605636625,-0.03382988459103284,0.9994276056366252,-0.033829884591032845,-9.807460916315295e-17,3.3197529171576947e-18
4.731462925851703,-1.25607396694702e-16,-7.850462293418875e-18,0.9994182815127741,-0.034104231087258845,0.9994182815127742,-0.03410423108725885,-9.817827776563334e-17,2.8187180934402213e-19
4.7695390781563125,1.25607396694702e-16,-3.9252311467094376e-18,0.9994088820798183,-0.03437857501363081,0.9994088820798185,-0.03437857501363083,0.0,0.0
4.807615230460922,-0.0,0.0,0.9993994073384656,-0.03465291634947609,0.9993994073384656,-0.03465291634947609,0.0,0.0
4.845691382765531,2.51214793389404e-16,-0.0,0.9993898572894301,-0.03492725507412226,0.9993898572894301,-0.03492725507412226,-1.0710746053594528e-19,-3.0647157777640396e-18
4.88376753507014,-1.25607396694702e-16,-3.9252311467094376e-18,0.9993802319334311,-0.03520159116689711,0.9993802319334311,-0.03520159116689711,-9.81779090807561e-17,3.8967329077684217e-19
4.921843687374749,1.25607396694702e-16,-7.850462293418875e-18,0.9993705312711944,-0.035475924607128596,0.9993705312711945,-0.0354759246071286,-1.08790003301732e-19,-3.064656512850977e-18
4.959919839679358,-2.51214793389404e-16,-7.850462293418875e-18,0.9993607553034506,-0.03575025537414489,0.9993607553034505,-0.03575025537414488,-9.806804908790432e-17,3.508200397435249e-18
4.997995991983967,-1.25607396694702e-16,0.0,0.9993509040309366,-0.03602458344727436,0.9993509040309365,-0.036024583447274355,0.0,0.0
5.0360721442885765,-0.0,-7.850462293418875e-18,0.9993409774543947,-0.03629890880584559,0.9993409774543947,-0.036298908805845596,0.0,0.0
5.074148296593186,-0.0,0.0,0.9993309755745726,-0.036573231429187336,0.9993309755745726,-0.036573231429187336,0.0,0.0
5.112224448897795,-1.25607396694702e-16,0.0,0.9993208983922243,-0.0368475512966286,0.9993208983922243,-0.0368475512966286,0.0,0.0
5.150300601202405,1.25607396694702e-16,-7.850462293418875e-18,0.999310745908109,-0.03712186838749858,0.9993107459081092,-0.037121868387498584,0.0,0.0
5.188376753507014,-0.0,0.0,0.9993005181229917,-0.037396182681126655,0.9993005181229918,-0.037396182681126655,-9.806213796648116e-17,3.66971652569986e-18
5.226452905811623,-0.0,-7.850462293418875e-18,0.9992902150376431,-0.03767049415684244,0.9992902150376434,-0.03767049415684245,-9.806112691669324e-17,3.6966349244093465e-18
5.264529058116232,-0.0,-7.850462293418875e-18,0.9992798366528398,-0.037944802793975774,0.9992798366528399,-0.03794480279397578,-1.1636103264270393e-19,-3.064378389928474e-18
5.302605210420841,-0.0,-7.850462293418875e-18,0.9992693829693636,-0.03821910857185669,0.9992693829693635,-0.03821910857185669,1.1720221512946995e-19,3.064346332800365e-18
5.340681362725451,1.25607396694702e-16,-0.0,0.9992588539880021,-0.03849341146981543,0.9992588539880023,-0.03849341146981543,-9.805804943247212e-17,3.777388441110546e-18
5.37875751503006,-1.25607396694702e-16,7.850462293418875e-18,0.999248249709549,-0.038767711467182484,0.9992482497095488,-0.03876771146718246,-9.81758933799153e-17,7.400241876166601e-19
5.416833667334669,-2.51214793389404e-16,-1.570092458683775e-17,0.9992375701348032,-0.03904200854328853,0.9992375701348031,-0.039042008543288535,-1.1972570934704072e-19,-3.06424877598077e-18
5.454909819639278,-1.25607396694702e-16,0.0,0.9992268152645695,-0.039316302677464464,0.9992268152645694,-0.039316302677464464,0.0,0.0
5.492985971943887,2.51214793389404e-16,-0.0,0.999215985099658,-0.03959059384904144,0.9992159850996584,-0.03959059384904145,-9.817525066890095e-17,8.208732187283172e-19
5.531062124248496,-1.25607396694702e-16,0.0,0.9992050796408853,-0.0398648820373508,0.9992050796408853,-0.0398648820373508,0.0,0.0
5.5691382765531054,-1.25607396694702e-16,-7.850462293418875e-18,0.9991940988890731,-0.040139167221724115,0.9991940988890728,-0.040139167221724115,1.2309024170444533e-19,3.0641154676309835e-18
5.607214428857715,-0.0,-1.570092458683775e-17,0.9991830428450482,-0.0404134493814932,0.9991830428450482,-0.040413449381493216,-9.817454137774657e-17,9.017216931431123e-19
5.645290581162325,-2.51214793389404e-16,0.0,0.9991719115096444,-0.0406877284959901,0.9991719115096442,-0.040687728495990096,-1.2477245248540427e-19,-3.0640474281053606e-18
5.683366733466934,-1.25607396694702e-16,0.0,0.9991607048837001,-0.040962004544547057,0.9991607048837,-0.040962004544547057,-1.2561354380461692e-19,-3.0640130620137935e-18
5.721442885771543,3.76822190084106e-16,-0.0,0.9991494229680599,-0.04123627750649659,0.9991494229680603,-0.0412362775064966,-9.80473108812748e-17,4.0465480210713565e-18
5.759519038076152,-1.25607396694702e-16,7.850462293418875e-18,0.9991380657635739,-0.04151054736117139,0.9991380657635739,-0.04151054736117138,-9.804619638995507e-17,4.0734623354756786e-18
5.797595190380761,-0.0,0.0,0.9991266332710981,-0.041784814087904444,0.999126633271098,-0.04178481408790443,-9.817321127128293e-17,1.0364677644774482e-18
5.83567134268537,-0.0,0.0,0.9991151254914935,-0.04205907766602893,0.9991151254914935,-0.04205907766602892,-9.817292305698715e-17,1.0634167525644196e-18
5.8737474949899795,1.25607396694702e-16,-1.570092458683775e-17,0.9991035424256276,-0.042333338074878296,0.9991035424256278,-0.04233333807487832,-9.817262744507309e-17,1.0903656605198162e-18
5.911823647294589,-0.0,-7.850462293418875e-18,0.9990918840743733,-0.04260759529378621,0.9990918840743733,-0.042607595293786216,1.3065989072934384e-19,3.0638020170260508e-18
5.949899799599198,-0.0,0.0,0.9990801504386088,-0.04288184930208658,0.9990801504386089,-0.042881849302086585,-1.315009144601958e-19,-3.063766034813108e-18
5.987975951903807,-1.25607396694702e-16,7.850462293418875e-18,0.9990683415192182,-0.043156100079113566,0.9990683415192183,-0.043156100079113566,-9.81716962238465e-17,1.1712118832897665e-18
6.026052104208416,-1.25607396694702e-16,-7.850462293418875e-18,0.9990564573170919,-0.04343034760420156,0.9990564573170918,-0.04343034760420156,0.0,0.0
6.064128256513025,-0.0,0.0,0.9990444978331249,-0.04370459185668522,0.9990444978331248,-0.04370459185668521,-9.803701449608176e-17,4.288765630252111e-18
6.102204408817634,1.25607396694702e-16,-1.570092458683775e-17,0.9990324630682182,-0.043978832815899406,0.9990324630682186,-0.04397883281589943,-9.790096860557037e-17,7.37929690647334e-18
6.140280561122244,-0.0,-1.570092458683775e-17,0.9990203530232793,-0.04425307046117929,0.9990203530232794,-0.0442530704611793,-9.817035103030316e-17,1.2790056019471201e-18
6.1783567134268536,1.25607396694702e-16,-1.570092458683775e-17,0.9990081676992204,-0.044527304771860225,0.9990081676992206,-0.044527304771860246,-9.816999623829135e-17,1.3059537957459696e-18
6.216432865731463,-0.0,0.0,0.9989959070969597,-0.04480153572727788,0.9989959070969597,-0.04480153572727788,0.0,0.0
6.254509018036072,2.51214793389404e-16,-0.0,0.9989835712174211,-0.04507576330676813,0.9989835712174212,-0.045075763306768137,-9.816926446210168e-17,1.3598498860906802e-18
6.292585170340681,-1.25607396694702e-16,0.0,0.9989711600615341,-0.04534998748966712,0.998971160061534,-0.045349987489667114,-1.3906967452915992e-19,-3.0634318063578063e-18
6.33066132264529,-0.0,0.0,0.9989586736302337,-0.04562420825531126,0.9989586736302339,-0.04562420825531127,-9.802859250022355e-17,4.477139082192641e-18
6.368737474949899,1.25607396694702e-16,-7.850462293418875e-18,0.9989461119244614,-0.0458984255830372,0.9989461119244614,-0.04589842558303721,-9.81681113178199e-17,1.4406932480161144e-18
6.406813627254508,1.25607396694702e-16,-7.850462293418875e-18,0.998933474945163,-0.04617263945218189,0.9989334749451632,-0.0461726394521819,-9.802611973363616e-17,4.5309570625872345e-18
6.444889779559118,3.76822190084106e-16,-1.570092458683775e-17,0.9989207626932914,-0.04644684984208246,0.9989207626932917,-0.04644684984208248,-9.816730556863847e-17,1.494588283215044e-18
6.482965931863727,-2.51214793389404e-16,0.0,0.9989079751698041,-0.04672105673207638,0.9989079751698039,-0.04672105673207637,-9.80236174208243e-17,4.58477367729812e-18
6.521042084168336,-1.25607396694702e-16,-7.850462293418875e-18,0.9988951123756648,-0.04699526010150135,0.9988951123756649,-0.04699526010150136,-9.802235518481959e-17,4.611681467453112e-18
6.559118236472945,1.25607396694702e-16,-7.850462293418875e-18,0.9988821743118428,-0.04726945992969534,0.9988821743118431,-0.047269459929695355,-9.831099736942383e-17,-1.4877289375545464e-18
6.597194388777554,0.0,7.850462293418875e-18,0.998869160979313,-0.047543656195996584,0.998869160979313,-0.04754365619599657,-9.816560530418882e-17,1.6023769859090196e-18
6.635270541082164,-1.25607396694702e-16,7.850462293418875e-18,0.998856072379056,-0.04781784887974359,0.9988560723790559,-0.04781784887974358,-1.4663758577454258e-19,-3.0630788799860366e-18
6.673346693386773,-0.0,0.0,0.998842908512058,-0.04809203796027512,0.998842908512058,-0.04809203796027512,-1.4747841039875353e-19,-3.0630385118448246e-18
6.7114228456913825,1.25607396694702e-16,-7.850462293418875e-18,0.998829669379311,-0.04836622341693025,0.9988296693793111,-0.04836622341693026,-1.4831922391003282e-19,-3.0629979128946576e-18
6.749498997995992,2.51214793389404e-16,-7.850462293418875e-18,0.9988163549818124,-0.04864040522904828,0.9988163549818126,-0.04864040522904829,-9.816378668668005e-17,1.710163756702129e-18
6.787575150300601,1.25607396694702e-16,-1.570092458683775e-17,0.9988029653205657,-0.048914583375968816,0.998802965320566,-0.04891458337596883,-9.831331435723153e-17,-1.3258058902677113e-18
6.82565130260521,-0.0,0.0,0.99878950039658,-0.0491887578370317,0.99878950039658,-0.0491887578370317,0.0,0.0
6.863727454909819,2.51214793389404e-16,-7.850462293418875e-18,0.9987759602108695,-0.049462928591577124,0.9987759602108698,-0.04946292859157714,-9.80106626901083e-17,4.853835697878084e-18
6.901803607214428,-2.51214793389404e-16,-7.850462293418875e-18,0.9987623447644549,-0.0497370956189455,0.9987623447644546,-0.04973709561894547,-9.831437284085959e-17,-1.2448429904755973e-18
6.939879759519037,-3.76822190084106e-16,7.850462293418875e-18,0.9987486540583618,-0.05001125889847749,0.9987486540583616,-0.05001125889847747,-9.816134698415842e-17,1.8448943054831992e-18
6.9779559118236465,-1.25607396694702e-16,-7.850462293418875e-18,0.9987348880936222,-0.050285418409514164,0.9987348880936222,-0.050285418409514164,-1.5420460200495402e-19,-3.0627072578519145e-18
7.016032064128256,-0.0,-7.850462293418875e-18,0.9987210468712732,-0.05055957413139673,0.9987210468712732,-0.050559574131396744,-1.550453243319713e-19,-3.0626648125417012e-18
7.054108216432865,-0.0,-7.850462293418875e-18,0.9987071303923576,-0.05083372604346681,0.9987071303923577,-0.050833726043466816,-9.784802233144629e-17,8.05097525567846e-18
7.092184368737474,2.51214793389404e-16,-7.850462293418875e-18,0.9986931386579244,-0.05110787412506617,0.9986931386579246,-0.05110787412506618,-9.800253534662732e-17,5.015255483945378e-18
7.130260521042084,-0.0,-1.570092458683775e-17,0.9986790716690278,-0.05138201835553703,0.9986790716690278,-0.051382018355537046,-9.800115494205336e-17,5.042157470748751e-18
7.168336673346693,-0.0,-7.850462293418875e-18,0.9986649294267277,-0.05165615871422178,0.9986649294267277,-0.051656158714221787,-9.815817524897968e-17,2.0065663540856016e-18
7.206412825651302,1.25607396694702e-16,-1.570092458683775e-17,0.9986507119320899,-0.05193029518046313,0.99865071193209,-0.05193029518046316,-1.5924875945325702e-19,-3.0624491243432764e-18
7.244488977955911,-0.0,-7.850462293418875e-18,0.9986364191861854,-0.05220442773360411,0.9986364191861856,-0.052204427733604127,-9.799696942069995e-17,5.1228611434021225e-18
7.2825651302605205,-2.51214793389404e-16,-7.850462293418875e-18,0.9986220511900917,-0.05247855635298801,0.9986220511900915,-0.052478556352987996,-9.831741957794768e-17,-9.749608691010864e-19
7.32064128256513,-1.25607396694702e-16,-7.850462293418875e-18,0.9986076079448912,-0.05275268101795844,0.9986076079448911,-0.05275268101795844,0.0,0.0
7.358717434869739,2.51214793389404e-16,-1.570092458683775e-17,0.998593089451672,-0.053026801707859304,0.9985930894516725,-0.05302680170785934,-9.815532873204558e-17,2.1412889218483447e-18
7.396793587174348,-1.25607396694702e-16,0.0,0.9985784957115288,-0.0533009184020348,0.9985784957115286,-0.05330091840203478,-1.6345189457803527e-19,-3.062227667032147e-18
7.434869739478957,-2.51214793389404e-16,7.850462293418875e-18,0.9985638267255605,-0.053575031079829416,0.9985638267255603,-0.0535750310798294,0.0,0.0
7.472945891783566,-0.0,0.0,0.998549082494873,-0.053849139720587975,0.998549082494873,-0.053849139720587975,0.0,0.0
7.511022044088175,1.25607396694702e-16,-7.850462293418875e-18,0.9985342630205769,-0.054123244303655574,0.998534263020577,-0.05412324430365559,-9.798694475662307e-17,5.311156107541826e-18
7.549098196392785,-1.25607396694702e-16,0.0,0.9985193683037892,-0.05439734480837764,0.9985193683037893,-0.054397344808377636,-9.831911148918562e-17,-7.8603889190074515e-19
7.587174348697395,-0.0,0.0,0.9985043983456323,-0.05467144121409988,0.9985043983456324,-0.054671441214099885,-1.676547217883429e-19,-3.062000441025503e-18
7.625250501002004,2.51214793389404e-16,-1.570092458683775e-17,0.998489353147234,-0.05494553350016835,0.9984893531472342,-0.05494553350016836,-9.831952821494993e-17,-7.320606205506869e-19
7.663326653306613,-0.0,0.0,0.9984742327097281,-0.055219621645929334,0.9984742327097281,-0.05521962164592934,-1.6933576468290041e-19,-3.061907935483619e-18
7.701402805611222,2.51214793389404e-16,-7.850462293418875e-18,0.998459037034254,-0.055493705630729556,0.9984590370342542,-0.05549370563072956,-9.797956277200916e-17,5.4456405447016144e-18
7.739478957915831,-1.25607396694702e-16,0.0,0.9984437661219567,-0.05576778543391592,0.9984437661219566,-0.05576778543391591,0.0,0.0
7.77755511022044,1.25607396694702e-16,-7.850462293418875e-18,0.998428419973987,-0.056041861034835765,0.9984284199739871,-0.05604186103483577,-3.4371446633359277e-19,-6.12353489350279e-18
7.8156312625250495,-2.51214793389404e-16,7.850462293418875e-18,0.998412998591501,-0.05631593241283664,0.998412998591501,-0.05631593241283661,-9.83204403774651e-17,-5.97114012414575e-19
7.853707414829659,-0.0,-7.850462293418875e-18,0.9983975019756612,-0.05658999954726646,0.9983975019756611,-0.05658999954726646,0.0,0.0
7.891783567134268,-2.51214793389404e-16,0.0,0.9983819301276348,-0.056864062417473514,0.9983819301276347,-0.05686406241747349,-9.797199621122193e-17,5.580114723237413e-18
7.929859719438877,-1.25607396694702e-16,1.570092458683775e-17,0.9983662830485956,-0.057138121002806304,0.9983662830485955,-0.05713812100280628,-9.762002273207089e-17,1.1730162102564944e-17
7.967935871743486,-0.0,-7.850462293418875e-18,0.9983505607397225,-0.05741217528261375,0.9983505607397225,-0.057412175282613755,0.0,0.0
8.006012024048095,-1.25607396694702e-16,-7.850462293418875e-18,0.9983347632022004,-0.05768622523624502,0.9983347632022,-0.05768622523624501,0.0,0.0
8.044088176352705,-0.0,-7.850462293418875e-18,0.9983188904372191,-0.057960270843049666,0.9983188904372192,-0.05796027084304968,0.0,0.0
8.082164328657315,-1.25607396694702e-16,-7.850462293418875e-18,0.9983029424459753,-0.05823431208237755,0.9983029424459753,-0.05823431208237755,0.0,0.0
8.120240480961924,0.0,1.570092458683775e-17,0.9982869192296705,-0.05850834893357886,0.9982869192296704,-0.058508348933578834,-3.5884186496348057e-19,-6.122667044863923e-18
8.158316633266534,-0.0,-7.850462293418875e-18,0.998270820789512,-0.05878238137600408,0.998270820789512,-0.058782381376004084,0.0,0.0
8.196392785571142,-3.76822190084106e-16,0.0,0.998254647126713,-0.059056409389004104,0.9982546471267126,-0.05905640938900408,-9.795950583123029e-17,5.7952514386635625e-18
8.234468937875752,-1.25607396694702e-16,0.0,0.9982383982424923,-0.05933043295193009,0.9982383982424922,-0.05933043295193008,0.0,0.0
8.27254509018036,-0.0,-7.850462293418875e-18,0.9982220741380741,-0.05960445204413356,0.9982220741380741,-0.05960445204413357,0.0,0.0
8.31062124248497,-2.51214793389404e-16,0.0,0.9982056748146885,-0.059878466644966405,0.9982056748146882,-0.059878466644966384,-9.795470014011818e-17,5.8759205573006056e-18
8.348697394789578,2.51214793389404e-16,-7.850462293418875e-18,0.9981892002735713,-0.06015247673378075,0.9981892002735716,-0.06015247673378077,-9.758415789427777e-17,1.2024877098214414e-17
8.386773547094188,-1.25607396694702e-16,-7.850462293418875e-18,0.998172650515964,-0.0604264822899292,0.9981726505159638,-0.060426482289929175,-9.832206554992332e-17,-1.9226845573518122e-19
8.424849699398797,1.25607396694702e-16,-7.850462293418875e-18,0.9981560255431134,-0.06070048329276457,0.9981560255431137,-0.060700483292764576,-9.794982801843827e-17,5.956585691026884e-18
8.462925851703407,1.25607396694702e-16,-7.850462293418875e-18,0.9981393253562727,-0.06097447972164013,0.9981393253562728,-0.060974479721640135,0.0,0.0
8.501002004008015,-1.25607396694702e-16,0.0,0.9981225499566999,-0.061248471555909414,0.9981225499566998,-0.0612484715559094,0.0,0.0
8.539078156312625,-0.0,-7.850462293418875e-18,0.9981056993456591,-0.06152245877492634,0.9981056993456592,-0.06152245877492634,-9.832221739356576e-17,-8.430880670621189e-20
8.577154308617235,-1.25607396694702e-16,-7.850462293418875e-18,0.9980887735244204,-0.06179644135804516,0.9980887735244202,-0.06179644135804516,-9.75642202186419e-17,1.218558469220236e-17
8.615230460921843,-0.0,-7.850462293418875e-18,0.9980717724942586,-0.0620704192846205,0.9980717724942589,-0.06207041928462053,-9.794156020114903e-17,6.091018576632666e-18
8.653306613226453,-1.25607396694702e-16,-1.570092458683775e-17,0.9980546962564555,-0.06234439253400729,0.9980546962564554,-0.06234439253400729,0.0,0.0
8.691382765531062,-0.0,-2.3551386880256626e-17,0.9980375448122972,-0.06261836108556088,0.9980375448122972,-0.06261836108556088,-9.832225069533011e-17,2.3650943969410237e-20
8.729458917835672,-1.25607396694702e-16,-7.850462293418875e-18,0.9980203181630766,-0.06289232491863687,0.9980203181630766,-0.06289232491863689,0.0,0.0
8.76753507014028,-1.25607396694702e-16,0.0,0.9980030163100914,-0.06316628401259135,0.9980030163100913,-0.06316628401259133,-9.793481310325843e-17,6.1985566357029474e-18
8.80561122244489,2.51214793389404e-16,-1.570092458683775e-17,0.9979856392546456,-0.06344023834678066,0.9979856392546459,-0.06344023834678068,-9.832219787851639e-17,1.0462074538156114e-19
8.843687374749498,-2.51214793389404e-16,0.0,0.9979681869980485,-0.06371418790056153,0.9979681869980482,-0.0637141879005615,-9.832216545517621e-17,1.3161066613034146e-19
8.881763527054108,-1.25607396694702e-16,0.0,0.9979506595416152,-0.06398813265329109,0.9979506595416151,-0.06398813265329109,0.0,0.0
8.919839679358716,1.25607396694702e-16,7.850462293418875e-18,0.9979330568866664,-0.06426207258432676,0.9979330568866666,-0.06426207258432676,3.9413045134390945e-19,6.120496745660164e-18
8.957915831663327,-0.0,-1.570092458683775e-17,0.9979153790345286,-0.06453600767302639,0.9979153790345288,-0.0645360076730264,0.0,0.0
8.995991983967935,-2.51214793389404e-16,0.0,0.9978976259865339,-0.06480993789874813,0.9978976259865338,-0.06480993789874812,-9.792447106874368e-17,6.359849671411763e-18
9.034068136272545,-0.0,-7.850462293418875e-18,0.99787979774402,-0.06508386324085058,0.99787979774402,-0.0650838632408506,0.0,0.0
9.072144288577153,-1.25607396694702e-16,0.0,0.9978618943083303,-0.06535778367869262,0.9978618943083299,-0.06535778367869259,-9.832181532911267e-17,2.935499111788938e-19
9.110220440881763,1.25607396694702e-16,-1.570092458683775e-17,0.9978439156808138,-0.06563169919163356,0.9978439156808139,-0.06563169919163357,-8.0506121837020225e-19,-1.2239900054327614e-17
9.148296593186371,-0.0,-1.570092458683775e-17,0.9978258618628252,-0.06590560975903305,0.9978258618628252,-0.06590560975903305,-9.832163934966788e-17,3.475295042631146e-19
9.186372745490981,-1.25607396694702e-16,1.570092458683775e-17,0.9978077328557253,-0.06617951536025114,0.997807732855725,-0.06617951536025111,0.0,0.0
9.22444889779559,-0.0,-1.570092458683775e-17,0.9977895286608796,-0.06645341597464823,0.9977895286608796,-0.06645341597464823,-9.832143373492555e-17,4.0150899259785926e-19
9.2625250501002,-0.0,-7.850462293418875e-18,0.9977712492796603,-0.06672731158158508,0.9977712492796603,-0.06672731158158508,-4.092501902440987e-19,-6.119504351505796e-18
9.30060120240481,3.76822190084106e-16,-1.570092458683775e-17,0.9977528947134445,-0.06700120216042289,0.997752894713445,-0.06700120216042292,-9.791026847621791e-17,6.5748801396766934e-18
9.338677354709418,-0.0,-1.570092458683775e-17,0.9977344649636155,-0.06727508769052318,0.9977344649636157,-0.06727508769052319,-9.790845995051652e-17,6.601756740011258e-18
9.376753507014028,3.76822190084106e-16,-2.3551386880256626e-17,0.9977159600315622,-0.06754896815124788,0.9977159600315624,-0.0675489681512479,-9.832093359980518e-17,5.094675899387443e-19
9.414829659318636,2.51214793389404e-16,-1.570092458683775e-17,0.9976973799186785,-0.06782284352195925,0.9976973799186786,-0.06782284352195928,-9.748885148828804e-17,1.2774559744156117e-17
9.452905811623246,-0.0,-1.570092458683775e-17,0.9976787246263646,-0.06809671378202006,0.9976787246263648,-0.06809671378202008,-9.832063907957785e-17,5.634466664048963e-19
9.490981963927855,-1.25607396694702e-16,7.850462293418875e-18,0.9976599941560266,-0.06837057891079329,0.9976599941560265,-0.06837057891079328,-4.1932863415500187e-19,-6.118822004511235e-18
9.529058116232465,1.25607396694702e-16,7.850462293418875e-18,0.9976411885090755,-0.06864443888764246,0.9976411885090756,-0.06864443888764245,-9.832031492435451e-17,6.174255730415974e-19
9.567134268537073,-0.0,-7.850462293418875e-18,0.9976223076869285,-0.06891829369193138,0.9976223076869286,-0.06891829369193139,0.0,0.0
9.605210420841683,1.25607396694702e-16,-7.850462293418875e-18,0.9976033516910082,-0.06919214330302431,0.9976033516910086,-0.06919214330302433,-9.78955937029819e-17,6.789878900015348e-18
9.643286573146291,2.51214793389404e-16,-1.570092458683775e-17,0.9975843205227435,-0.06946598770028586,0.9975843205227436,-0.06946598770028588,-9.78937261596211e-17,6.8167514639524205e-18
9.681362725450901,1.25607396694702e-16,-1.570092458683775e-17,0.9975652141835677,-0.06973982686308108,0.9975652141835679,-0.0697398268630811,-9.78918512396803e-17,6.843623514227236e-18
9.71943887775551,-0.0,-1.570092458683775e-17,0.997546032674921,-0.07001366077077535,0.997546032674921,-0.07001366077077535,-9.788996894330077e-17,6.870495048814903e-18
9.75751503006012,-0.0,-1.570092458683775e-17,0.9975267759982487,-0.0702874894027345,0.9975267759982489,-0.07028748940273452,-9.788807927062437e-17,6.8973660656905765e-18
9.79559118236473,2.51214793389404e-16,-0.0,0.9975074441550019,-0.07056131273832471,0.9975074441550021,-0.07056131273832472,0.0,0.0
9.833667334669338,-0.0,0.0,0.9974880371466373,-0.0708351307569126,0.9974880371466371,-0.0708351307569126,-4.344441586379203e-19,-6.1177673623094385e-18
9.871743486973948,-1.25607396694702e-16,0.0,0.9974685549746168,-0.07110894343786521,0.997468554974617,-0.07110894343786521,-9.788236599624054e-17,6.977975989797705e-18
9.909819639278556,-1.25607396694702e-16,0.0,0.9974489976404093,-0.0713827507605499,0.9974489976404093,-0.07138275076054991,-4.378028072236052e-19,-6.1175279262378794e-18
9.947895791583166,-0.0,-3.14018491736755e-17,0.9974293651454879,-0.0716565527043345,0.997429365145488,-0.07165655270433455,-4.394820820951255e-19,-6.117407516737016e-18
9.985971943887774,0.0,1.570092458683775e-17,0.997409657491332,-0.07193034924858728,0.9974096574913319,-0.07193034924858727,0.0,0.0
10.024048096192384,-0.0,0.0,0.9973898746794267,-0.07220414037267679,0.9973898746794267,-0.07220414037267678,-9.787464503760771e-17,7.085448517805282e-18
10.062124248496993,-1.25607396694702e-16,-1.570092458683775e-17,0.997370016711263,-0.0724779260559721,0.9973700167112628,-0.0724779260559721,-9.742817665222309e-17,1.3229358842578195e-17
10.100200400801603,-0.0,0.0,0.9973500835883369,-0.07275170627784264,0.9973500835883369,-0.07275170627784264,0.0,0.0
10.138276553106211,-0.0,0.0,0.9973300753121505,-0.0730254810176583,0.9973300753121503,-0.07302548101765828,-9.831665483631109e-17,1.0492487599029618e-18
10.176352705410821,-0.0,-1.570092458683775e-17,0.9973099918842114,-0.0732992502547893,0.9973099918842113,-0.0732992502547893,0.0,0.0
10.21442885771543,1.25607396694702e-16,-1.570092458683775e-17,0.9972898333060332,-0.07357301396860633,0.9972898333060332,-0.07357301396860635,-4.5123607185447215e-19,-6.1165517437336005e-18
10.25250501002004,-1.25607396694702e-16,-3.14018491736755e-17,0.9972695995791344,-0.07384677213848054,0.9972695995791344,-0.07384677213848055,-9.831575742661469e-17,1.130213605275359e-18
10.29058116232465,1.25607396694702e-16,-1.570092458683775e-17,0.9972492907050403,-0.07412052474378339,0.9972492907050404,-0.07412052474378339,-9.786084942273298e-17,7.273504808368653e-18
10.328657314629258,-2.51214793389404e-16,0.0,0.9972289066852811,-0.07439427176388685,0.9972289066852807,-0.07439427176388681,-9.785884912300159e-17,7.300367816609375e-18
10.366733466933868,-0.0,-4.710277376051325e-17,0.9972084475213923,-0.07466801317816328,0.9972084475213924,-0.07466801317816332,-9.739888955714671e-17,1.344328286532833e-17
10.404809619238476,-1.25607396694702e-16,0.0,0.9971879132149161,-0.07494174896598542,0.9971879132149161,-0.0749417489659854,-9.785482640183441e-17,7.354092180754142e-18
10.442885771543086,-0.0,-1.570092458683775e-17,0.9971673037673998,-0.07521547910672652,0.9971673037673997,-0.07521547910672652,0.0,0.0
10.480961923847694,3.76822190084106e-16,-0.0,0.9971466191803958,-0.07548920357976018,0.9971466191803962,-0.07548920357976019,-9.83137625815907e-17,1.2921409416595678e-18
10.519038076152304,1.25607396694702e-16,-0.0,0.9971258594554634,-0.07576292236446047,0.9971258594554636,-0.07576292236446049,-9.784873701810008e-17,7.434674565767733e-18
10.557114228456912,-2.51214793389404e-16,0.0,0.9971050245941666,-0.07603663544020188,0.9971050245941665,-0.07603663544020187,-9.784669247693756e-17,7.461534243021775e-18
10.595190380761522,-0.0,-1.570092458683775e-17,0.9970841145980757,-0.07631034278635931,0.9970841145980756,-0.07631034278635931,-4.680245848767054e-19,-6.1152900351712005e-18
10.63326653306613,2.51214793389404e-16,-1.570092458683775e-17,0.9970631294687656,-0.07658404438230812,0.997063129468766,-0.07658404438230815,-9.831228451995714e-17,1.4000905790316207e-18
10.67134268537074,-1.25607396694702e-16,0.0,0.9970420692078183,-0.07685774020742407,0.9970420692078182,-0.07685774020742407,0.0,0.0
10.709418837675349,-0.0,0.0,0.9970209338168206,-0.0771314302410834,0.9970209338168206,-0.0771314302410834,-4.730604568321044e-19,-6.114902536467364e-18
10.747494989979959,-2.51214793389404e-16,0.0,0.9969997232973647,-0.07740511446266274,0.9969997232973646,-0.07740511446266272,-9.831109818838056e-17,1.481051706418343e-18
10.785571142284569,-1.25607396694702e-16,0.0,0.9969784376510495,-0.07767879285153921,0.9969784376510494,-0.07767879285153918,0.0,0.0
10.823647294589177,2.51214793389404e-16,-1.570092458683775e-17,0.9969570768794784,-0.07795246538709029,0.9969570768794788,-0.07795246538709032,-9.831027026046219e-17,1.535025236724086e-18
10.861723446893787,-1.25607396694702e-16,-1.570092458683775e-17,0.9969356409842615,-0.07822613204869401,0.9969356409842614,-0.07822613204869401,-4.797744531314673e-19,-6.114379420712751e-18
10.899799599198396,-0.0,-1.570092458683775e-17,0.9969141299670135,-0.07849979281572873,0.9969141299670137,-0.07849979281572876,-9.830941270067302e-17,1.5889983043551844e-18
10.937875751503006,0.0,1.570092458683775e-17,0.9968925438293558,-0.07877344766757334,0.9968925438293559,-0.07877344766757334,0.0,0.0
10.975951903807614,-0.0,-1.570092458683775e-17,0.9968708825729146,-0.07904709658360713,0.9968708825729147,-0.07904709658360715,-9.782371593807328e-17,7.756953139173099e-18
11.014028056112224,1.25607396694702e-16,-0.0,0.9968491461993226,-0.07932073954320983,0.9968491461993225,-0.07932073954320981,-4.864878709922407e-19,-6.113848933175454e-18
11.052104208416832,-1.25607396694702e-16,0.0,0.996827334710217,-0.07959437652576169,0.996827334710217,-0.07959437652576168,-9.830760868652532e-17,1.6969429865211162e-18
11.090180360721442,1.25607396694702e-16,-1.570092458683775e-17,0.9968054481072421,-0.0798680075106433,0.9968054481072423,-0.07986800751064332,-4.898443604787507e-19,-6.113580925187821e-18
11.12825651302605,2.51214793389404e-16,-3.14018491736755e-17,0.9967834863920466,-0.08014163247723581,0.996783486392047,-0.08014163247723584,-9.879818478262898e-17,-4.3625316616543494e-18
11.16633266533066,1.25607396694702e-16,-0.0,0.9967614495662859,-0.08041525140492078,0.996761449566286,-0.0804152514049208,-4.93200702320414e-19,-6.113311074495053e-18
11.204408817635269,-1.25607396694702e-16,-1.570092458683775e-17,0.9967393376316198,-0.08068886427308015,0.9967393376316198,-0.08068886427308015,-9.83056861481125e-17,1.804885622772976e-18
11.242484969939879,-1.25607396694702e-16,-1.570092458683775e-17,0.9967171505897151,-0.08096247106109643,0.9967171505897152,-0.08096247106109644,-9.830518699436137e-17,1.831870946910946e-18
11.280561122244489,1.25607396694702e-16,1.570092458683775e-17,0.9966948884422436,-0.08123607174835257,0.9966948884422437,-0.08123607174835257,0.0,0.0
11.318637274549097,-1.25607396694702e-16,-1.570092458683775e-17,0.9966725511908825,-0.08150966631423194,0.9966725511908825,-0.08150966631423193,-9.880407940316558e-17,-4.226924666277121e-18
11.356713426853707,0.0,1.570092458683775e-17,0.9966501388373152,-0.08178325473811834,0.9966501388373155,-0.08178325473811834,-9.78020541834129e-17,8.025454469433359e-18
11.394789579158315,-0.0,-1.570092458683775e-17,0.9966276513832306,-0.08205683699939612,0.9966276513832308,-0.08205683699939614,-9.830311630389347e-17,1.9398108427601455e-18
11.432865731462925,0.0,1.570092458683775e-17,0.9966050888303233,-0.08233041307745004,0.9966050888303233,-0.08233041307745004,0.0,0.0
11.470941883767534,-0.0,-1.570092458683775e-17,0.996582451180293,-0.08260398295166538,0.996582451180293,-0.08260398295166539,0.0,0.0
11.509018036072144,-0.0,-1.570092458683775e-17,0.9965597384348459,-0.08287754660142777,0.9965597384348456,-0.08287754660142775,5.083023863793549e-19,6.112073945095416e-18
11.547094188376752,-1.25607396694702e-16,0.0,0.9965369505956931,-0.08315110400612341,0.996536950595693,-0.08315110400612341,0.0,0.0
11.585170340681362,-0.0,0.0,0.9965140876645521,-0.08342465514513901,0.9965140876645522,-0.08342465514513901,0.0,0.0
11.62324649298597,-0.0,-3.14018491736755e-17,0.9964911496431456,-0.08369819999786161,0.9964911496431456,-0.08369819999786163,-5.133355961798785e-19,-6.1116532781243285e-18
11.66132264529058,-0.0,-1.570092458683775e-17,0.996468136533202,-0.08397173854367881,0.9964681365332019,-0.08397173854367881,-5.15013255585921e-19,-6.111512134724432e-18
11.699398797595189,-1.25607396694702e-16,-1.570092458683775e-17,0.9964450483364553,-0.08424527076197871,0.9964450483364553,-0.08424527076197873,-9.829861936905034e-17,2.1556834881430874e-18
11.737474949899799,-1.25607396694702e-16,1.570092458683775e-17,0.9964218850546456,-0.08451879663214985,0.9964218850546455,-0.08451879663214984,-5.183684578483051e-19,-6.111228466374102e-18
11.775551102204409,1.25607396694702e-16,-1.570092458683775e-17,0.9963986466895179,-0.08479231613358122,0.9963986466895179,-0.08479231613358122,-9.77773750631207e-17,8.320736007229154e-18
11.813627254509017,-1.25607396694702e-16,1.570092458683775e-17,0.9963753332428235,-0.08506582924566233,0.9963753332428236,-0.08506582924566233,-9.82968108003115e-17,2.2366331058658123e-18
11.851703406813627,-0.0,0.0,0.9963519447163193,-0.08533933594778322,0.9963519447163194,-0.08533933594778323,0.0,0.0
11.889779559118235,0.0,1.570092458683775e-17,0.9963284811117674,-0.08561283621933428,0.9963284811117674,-0.08561283621933428,0.0,0.0
11.927855711422845,-1.25607396694702e-16,0.0,0.9963049424309359,-0.08588633003970648,0.9963049424309359,-0.08588633003970648,-5.267557777319099e-19,-6.110511236953849e-18
11.965931863727453,-1.25607396694702e-16,1.570092458683775e-17,0.9962813286755987,-0.0861598173882913,0.9962813286755986,-0.08615981738829127,0.0,0.0
12.004008016032063,-2.51214793389404e-16,0.0,0.9962576398475349,-0.08643329824448062,0.9962576398475349,-0.08643329824448062,-5.301104287219711e-19,-6.1102211219949645e-18
12.042084168336672,-2.51214793389404e-16,1.570092458683775e-17,0.9962338759485296,-0.08670677258766686,0.9962338759485295,-0.08670677258766682,-9.829299367636799e-17,2.398527735918681e-18
12.080160320641282,-0.0,0.0,0.9962100369803737,-0.08698024039724293,0.9962100369803739,-0.08698024039724293,-9.775886664549811e-17,8.535438718888311e-18
12.11823647294589,-0.0,-1.570092458683775e-17,0.9961861229448634,-0.08725370165260223,0.9961861229448634,-0.08725370165260224,-9.829166204787314e-17,2.4524911884014032e-18
12.1563126252505,-0.0,-1.570092458683775e-17,0.9961621338438007,-0.08752715633313866,0.9961621338438007,-0.08752715633313866,-1.0736385006929441e-18,-1.2219270734175695e-17
12.194388777555108,1.25607396694702e-16,-0.0,0.996138069678993,-0.08780060441824658,0.9961380696789933,-0.08780060441824661,-9.775180443817502e-17,8.615941679060396e-18
12.232464929859718,-0.0,-1.570092458683775e-17,0.996113930452254,-0.08807404588732089,0.9961139304522543,-0.08807404588732091,-5.401734189587942e-19,-6.109339727316167e-18
12.270541082164328,1.25607396694702e-16,-1.570092458683775e-17,0.9960897161654025,-0.08834748071975695,0.9960897161654026,-0.08834748071975698,-5.418504422726588e-19,-6.10919121688969e-18
12.308617234468937,-0.0,0.0,0.996065426820263,-0.08862090889495067,0.9960654268202631,-0.08862090889495067,-9.828820336263967e-17,2.5873965499862976e-18
12.346693386773547,-2.51214793389404e-16,0.0,0.9960410624186659,-0.08889433039229844,0.9960410624186659,-0.08889433039229841,-9.883269377275057e-17,-3.494515769479605e-18
12.384769539078155,-0.0,-1.570092458683775e-17,0.9960166229624472,-0.08916774519119713,0.9960166229624472,-0.08916774519119713,5.468812667286526e-19,6.108742923582107e-18
12.422845691382765,-0.0,0.0,0.9959921084534482,-0.08944115327104411,0.9959921084534484,-0.08944115327104413,-9.828603927542124e-17,2.6683374435868157e-18
12.460921843687373,0.0,1.570092458683775e-17,0.9959675188935165,-0.08971455461123731,0.9959675188935166,-0.08971455461123731,-9.773506815679379e-17,8.803759101829838e-18
12.498997995991983,1.25607396694702e-16,-0.0,0.9959428542845049,-0.08998794919117513,0.9959428542845048,-0.08998794919117512,-9.773264779950592e-17,8.830587524842673e-18
12.537074148296592,-0.0,-1.570092458683775e-17,0.9959181146282716,-0.09026133699025646,0.9959181146282718,-0.09026133699025649,-9.773022007777582e-17,8.857415282444787e-18
12.575150300601202,1.25607396694702e-16,-1.570092458683775e-17,0.9958932999266815,-0.09053471798788076,0.9958932999266814,-0.09053471798788076,-5.552651482884137e-19,-6.107986561986646e-18
12.61322645290581,-1.25607396694702e-16,-1.570092458683775e-17,0.9958684101816037,-0.09080809216344796,0.9958684101816035,-0.09080809216344794,-1.1138835991663345e-18,-1.2215667817715126e-17
12.65130260521042,-0.0,-1.570092458683775e-17,0.995843445394914,-0.09108145949635847,0.9958434453949141,-0.09108145949635849,-9.828151113667462e-17,2.8302137470862664e-18
12.689378757515028,-0.0,-1.570092458683775e-17,0.9958184055684939,-0.09135481996601333,0.9958184055684938,-0.09135481996601333,0.0,0.0
12.727454909819638,2.51214793389404e-16,1.570092458683775e-17,0.9957932907042297,-0.09162817355181396,0.99579329070423,-0.09162817355181398,-5.619715011588721e-19,-6.107373188057076e-18
12.765531062124248,-0.0,-1.570092458683775e-17,0.9957681008040143,-0.09190152023316243,0.9957681008040143,-0.09190152023316243,-5.636479838268074e-19,-6.107218694024407e-18
12.803607214428856,2.51214793389404e-16,-0.0,0.9957428358697457,-0.0921748599894612,0.9957428358697458,-0.09217485998946122,-9.827834426073995e-17,2.9381270445605097e-18
12.841683366733466,-0.0,0.0,0.9957174959033274,-0.09244819280011334,0.9957174959033276,-0.09244819280011334,-9.827753402770047e-17,2.9651048205199942e-18
12.879759519038075,-2.51214793389404e-16,0.0,0.9956920809066693,-0.09272151864452245,0.9956920809066692,-0.09272151864452242,-9.770803921266978e-17,9.098834823841982e-18
12.917835671342685,-1.25607396694702e-16,0.0,0.9956665908816864,-0.09299483750209257,0.9956665908816862,-0.09299483750209254,-5.703534885099946e-19,-6.106596116041871e-18
12.955911823647293,-0.0,-1.570092458683775e-17,0.9956410258302991,-0.09326814935222832,0.9956410258302993,-0.09326814935222837,0.0,0.0
12.993987975951903,-0.0,0.0,0.9956153857544342,-0.09354145417433493,0.9956153857544342,-0.09354145417433492,-9.827421904115091e-17,3.0730136697360164e-18
13.032064128256511,-1.25607396694702e-16,-3.14018491736755e-17,0.9955896706560237,-0.09381475194781803,0.9955896706560233,-0.093814751947818,-1.1507643323949848e-18,-1.2212248701878794e-17
13.070140280561121,2.51214793389404e-16,-0.0,0.9955638805370048,-0.09408804265208377,0.9955638805370051,-0.0940880426520838,0.0,0.0
13.10821643286573,-1.25607396694702e-16,0.0,0.9955380153993215,-0.09436132626653897,0.9955380153993215,-0.09436132626653895,-9.82716550458839e-17,3.153942882376507e-18
13.14629258517034,-2.51214793389404e-16,1.570092458683775e-17,0.9955120752449225,-0.09463460277059091,0.9955120752449226,-0.09463460277059088,-9.769037511691798e-17,9.286567258789965e-18
13.184368737474948,-1.25607396694702e-16,-3.14018491736755e-17,0.9954860600757626,-0.0949078721436473,0.9954860600757627,-0.09490787214364733,-9.768782222811115e-17,9.313383395154037e-18
13.222444889779558,-1.25607396694702e-16,0.0,0.9954599698938021,-0.09518113436511663,0.995459969893802,-0.0951811343651166,-9.768526197823977e-17,9.340198829727293e-18
13.260521042084168,1.25607396694702e-16,-1.570092458683775e-17,0.9954338047010071,-0.09545438941440768,0.9954338047010071,-0.09545438941440768,0.0,0.0
13.298597194388776,-1.25607396694702e-16,-1.570092458683775e-17,0.9954075644993489,-0.09572763727092996,0.9954075644993486,-0.09572763727092994,-1.174228448177367e-18,-1.2210014924509459e-17
13.336673346693386,-1.25607396694702e-16,-1.570092458683775e-17,0.9953812492908048,-0.09600087791409335,0.9953812492908047,-0.09600087791409337,-5.887900564060148e-19,-6.104846066510653e-18
13.374749498997994,-0.0,-3.14018491736755e-17,0.995354859077358,-0.09627411132330846,0.9953548590773581,-0.09627411132330849,-1.1809316887125694e-18,-1.2209368421496966e-17
13.412825651302605,1.25607396694702e-16,-4.710277376051325e-17,0.9953283938609968,-0.09654733747798627,0.995328393860997,-0.09654733747798633,-9.767235031968661e-17,9.474265405011483e-18
13.450901803607213,-1.25607396694702e-16,-3.14018491736755e-17,0.9953018536437159,-0.09682055635753849,0.9953018536437157,-0.09682055635753849,-1.1876345733010829e-18,-1.2208718238437348e-17
13.488977955911823,-0.0,0.0,0.9952752384275145,-0.09709376794137715,0.9952752384275146,-0.09709376794137717,-5.954929407419874e-19,-6.104195883475535e-18
13.527054108216431,-0.0,-1.570092458683775e-17,0.9952485482143988,-0.09736697220891502,0.9952485482143986,-0.097366972208915,0.0,0.0
13.565130260521041,-0.0,0.0,0.9952217830063794,-0.09764016913956536,0.9952217830063795,-0.09764016913956537,-5.98844114182187e-19,-6.103868032094285e-18
13.60320641282565,-2.51214793389404e-16,0.0,0.9951949428054737,-0.09791335871274195,0.9951949428054734,-0.09791335871274193,0.0,0.0
13.64128256513026,-1.25607396694702e-16,0.0,0.9951680276137037,-0.09818654090785917,0.9951680276137035,-0.09818654090785914,-9.765661345496767e-17,9.635121713979725e-18
13.67935871743487,-1.25607396694702e-16,0.0,0.9951410374330978,-0.0984597157043319,0.9951410374330978,-0.0984597157043319,-6.038705355918749e-19,-6.103372805470528e-18
13.717434869739478,-1.25607396694702e-16,3.14018491736755e-17,0.9951139722656897,-0.09873288308157573,0.9951139722656895,-0.09873288308157567,-9.82568548801325e-17,3.585527886807059e-18
13.755511022044088,-1.25607396694702e-16,-1.570092458683775e-17,0.9950868321135189,-0.09900604301900658,0.995086832113519,-0.09900604301900659,0.0,0.0
13.793587174348696,-0.0,-1.570092458683775e-17,0.9950596169786305,-0.09927919549604106,0.9950596169786305,-0.09927919549604106,-1.2177930949416114e-18,-1.2205746879366512e-17
13.831663326653306,1.25607396694702e-16,-1.570092458683775e-17,0.9950323268630752,-0.09955234049209635,0.9950323268630752,-0.09955234049209635,-9.886444062097833e-17,-2.4362634386453447e-18
13.869739478957914,-0.0,-1.570092458683775e-17,0.9950049617689094,-0.0998254779865902,0.9950049617689093,-0.0998254779865902,0.0,0.0
13.907815631262524,0.0,1.570092458683775e-17,0.9949775216981951,-0.10009860795894082,0.9949775216981951,-0.10009860795894082,0.0,0.0
13.945891783567133,-2.51214793389404e-16,1.570092458683775e-17,0.994950006653,-0.10037173038856717,0.9949500066529998,-0.10037173038856714,0.0,0.0
13.983967935871743,-1.25607396694702e-16,0.0,0.9949224166353974,-0.10064484525488862,0.9949224166353974,-0.10064484525488859,-9.70152391438074e-17,1.597838899990708e-17
14.02204408817635,2.51214793389404e-16,-0.0,0.9948947516474667,-0.10091795253732509,0.9948947516474668,-0.1009179525373251,-6.189473290025832e-19,-6.101862291975605e-18
14.06012024048096,-0.0,-1.570092458683775e-17,0.9948670116912919,-0.10119105221529724,0.9948670116912918,-0.10119105221529723,-1.2412445935118304e-18,-1.2203384316013752e-17
14.09819639278557,-1.25607396694702e-16,0.0,0.9948391967689636,-0.10146414426822618,0.9948391967689634,-0.10146414426822617,-6.222972177435332e-19,-6.1015215642577094e-18
14.13627254509018,-0.0,-1.570092458683775e-17,0.9948113068825777,-0.10173722867553366,0.9948113068825777,-0.10173722867553367,-6.23972091839227e-19,-6.101350510740961e-18
14.17434869739479,-2.51214793389404e-16,-1.570092458683775e-17,0.9947833420342358,-0.10201030541664187,0.9947833420342357,-0.10201030541664186,-1.2512938378335784e-18,-1.220235799493903e-17
14.212424849699397,-1.25607396694702e-16,-1.570092458683775e-17,0.9947553022260452,-0.10228337447097376,0.994755302226045,-0.10228337447097373,-9.76161123913008e-17,1.0037147181600275e-17
14.250501002004007,-0.0,0.0,0.9947271874601187,-0.10255643581795273,0.9947271874601188,-0.10255643581795275,0.0,0.0
14.288577154308616,-1.25607396694702e-16,0.0,0.9946989977385748,-0.10282948943700282,0.9946989977385747,-0.10282948943700282,0.0,0.0
14.326653306613226,1.25607396694702e-16,-1.570092458683775e-17,0.9946707330635378,-0.10310253530754865,0.9946707330635379,-0.10310253530754866,-9.76078135535327e-17,1.0117532072347488e-17
14.364729458917834,1.25607396694702e-16,-0.0,0.9946423934371375,-0.10337557340901538,0.9946423934371375,-0.10337557340901538,-9.760503256392686e-17,1.0144325513850377e-17
14.402805611222444,2.51214793389404e-16,-0.0,0.9946139788615092,-0.10364860372082883,0.9946139788615094,-0.10364860372082886,-9.760224421949497e-17,1.017111819094853e-17
14.440881763527052,-1.25607396694702e-16,-1.570092458683775e-17,0.9945854893387941,-0.10392162622241533,0.9945854893387942,-0.10392162622241535,6.37369381351439e-19,6.099965532527941e-18
14.478957915831662,-0.0,-1.570092458683775e-17,0.9945569248711391,-0.10419464089320182,0.9945569248711392,-0.10419464089320185,-6.390438277409387e-19,-6.099790341687115e-18
14.51703406813627,2.51214793389404e-16,-0.0,0.9945282854606967,-0.10446764771261585,0.9945282854606967,-0.10446764771261585,-6.407182259766073e-19,-6.0996146912091584e-18
14.55511022044088,1.25607396694702e-16,-0.0,0.9944995711096245,-0.1047406466600856,0.9944995711096246,-0.10474064666008562,-6.423925759322749e-19,-6.099438581107306e-18
14.593186372745489,1.25607396694702e-16,-1.570092458683775e-17,0.9944707818200866,-0.10501363771503974,0.9944707818200867,-0.10501363771503976,-9.823225905979902e-17,4.2058080283135456e-18
14.631262525050099,-0.0,0.0,0.9944419175942523,-0.10528662085690764,0.9944419175942524,-0.10528662085690763,-9.887684197435837e-17,-1.8663118761870277e-18
14.669338677354709,-1.25607396694702e-16,-1.570092458683775e-17,0.9944129784342967,-0.10555959606511917,0.9944129784342965,-0.10555959606511915,-1.2948306697152272e-18,-1.2197814986382503e-17
14.707414829659317,1.25607396694702e-16,-1.570092458683775e-17,0.9943839643424001,-0.10583256331910487,0.9943839643424003,-0.10583256331910491,-6.490894904316396e-19,-6.0987295447268695e-18
14.745490981963927,-0.0,-3.14018491736755e-17,0.9943548753207491,-0.10610552259829586,0.9943548753207492,-0.10610552259829589,-6.507635970948643e-19,-6.098551136705288e-18
14.783567134268536,-0.0,-1.570092458683775e-17,0.9943257113715356,-0.10637847388212383,0.9943257113715356,-0.10637847388212385,0.0,0.0
14.821643286573146,-0.0,-1.570092458683775e-17,0.9942964724969571,-0.10665141715002112,0.9942964724969572,-0.10665141715002113,-9.822519873589382e-17,4.367593668904758e-18
14.859719438877754,-1.25607396694702e-16,-1.570092458683775e-17,0.9942671586992169,-0.10692435238142069,0.9942671586992168,-0.10692435238142069,-6.557856223582624e-19,-6.0980131554319705e-18
14.897795591182364,-1.25607396694702e-16,0.0,0.9942377699805237,-0.10719727955575599,0.9942377699805238,-0.10719727955575599,-9.756532654906214e-17,1.0519352513869306e-17
14.935871743486974,-2.51214793389404e-16,0.0,0.9942083063430924,-0.1074701986524612,0.9942083063430922,-0.10747019865246114,-9.75624352593786e-17,1.0546134277342278e-17
14.973947895791584,-0.0,-4.710277376051325e-17,0.9941787677891429,-0.10774310965097106,0.994178767789143,-0.1077431096509711,-9.822034382096216e-17,4.475444207503121e-18
15.012024048096192,1.25607396694702e-16,-3.14018491736755e-17,0.9941491543209011,-0.10801601253072093,0.9941491543209013,-0.10801601253072098,-9.888159255265918e-17,-1.5948834099490827e-18
15.050100200400802,-0.0,-1.570092458683775e-17,0.9941194659405986,-0.10828890727114675,0.9941194659405985,-0.10828890727114675,0.0,0.0
15.08817635270541,-0.0,-1.570092458683775e-17,0.9940897026504721,-0.10856179385168511,0.9940897026504723,-0.10856179385168513,0.0,0.0
15.12625250501002,-1.25607396694702e-16,0.0,0.9940598644527647,-0.10883467225177325,0.9940598644527648,-0.10883467225177326,0.0,0.0
15.16432865731463,0.0,1.570092458683775e-17,0.9940299513497248,-0.1091075424508489,0.9940299513497246,-0.10910754245084886,-6.691755062015533e-19,-6.0965583215625096e-18
15.202404809619239,-2.51214793389404e-16,-3.14018491736755e-17,0.9939999633436061,-0.10938040442835052,0.993999963343606,-0.10938040442835051,-9.821283941470565e-17,4.637209857632843e-18
15.240480961923849,-0.0,0.0,0.9939699004366688,-0.10965325816371721,0.9939699004366688,-0.10965325816371721,6.7252247544124015e-19,6.096190018883892e-18
15.278557114228457,-1.25607396694702e-16,-3.14018491736755e-17,0.9939397626311779,-0.10992610363638858,0.9939397626311776,-0.10992610363638858,-6.741958841093157e-19,-6.096005178488881e-18
15.316633266533067,-0.0,0.0,0.9939095499294041,-0.11019894082580493,0.9939095499294042,-0.11019894082580492,-9.88848565438209e-17,-1.3777318858879326e-18
15.354709418837675,-0.0,-1.570092458683775e-17,0.9938792623336246,-0.11047176971140718,0.9938792623336246,-0.1104717697114072,-9.753014591451358e-17,1.0840680782583195e-17
15.392785571142285,2.51214793389404e-16,-3.14018491736755e-17,0.9938488998461212,-0.1107445902726369,0.9938488998461216,-0.11074459027263696,-9.752716641997263e-17,1.086745287669324e-17
15.430861723446894,0.0,1.570092458683775e-17,0.9938184624691823,-0.11101740248893623,0.9938184624691823,-0.11101740248893618,-9.888595759546155e-17,-1.2962982951503656e-18
15.468937875751504,-0.0,-1.570092458683775e-17,0.993787950205101,-0.11129020633974794,0.993787950205101,-0.11129020633974794,-9.888630971001631e-17,-1.2691535668174999e-18
15.507014028056112,-0.0,0.0,0.9937573630561768,-0.11156300180451548,0.9937573630561767,-0.11156300180451545,-1.3684705296983914e-18,-1.2189772980437322e-17
15.545090180360722,-1.25607396694702e-16,-1.570092458683775e-17,0.993726701024714,-0.111835788862683,0.9937267010247139,-0.11183578886268297,-1.371816630501949e-18,-1.2189396869309452e-17
15.58316633266533,-0.0,-1.570092458683775e-17,0.9936959641130235,-0.11210856749369502,0.9936959641130237,-0.11210856749369505,-9.751215871739761e-17,1.1001301023480725e-17
15.62124248496994,-0.0,-3.14018491736755e-17,0.9936651523234216,-0.112381337676997,0.9936651523234217,-0.11238133767699703,-9.750913513249182e-17,1.1028068173965489e-17
15.65931863727455,-0.0,-1.570092458683775e-17,0.9936342656582298,-0.11265409939203487,0.9936342656582298,-0.11265409939203488,0.0,0.0
15.697394789579159,-1.25607396694702e-16,1.570092458683775e-17,0.9936033041197753,-0.11292685261825523,0.9936033041197753,-0.1129268526182552,-9.75030659201088e-17,1.1081599979926038e-17
15.735470941883769,-2.51214793389404e-16,1.570092458683775e-17,0.9935722677103915,-0.1131995973351053,0.9935722677103913,-0.11319959733510523,-9.88885658720099e-17,-1.0791379052680688e-18
15.773547094188377,-2.51214793389404e-16,3.14018491736755e-17,0.993541156432417,-0.11347233352203301,0.9935411564324168,-0.11347233352203295,0.0,0.0
15.811623246492987,-0.0,-3.14018491736755e-17,0.9935099702881959,-0.11374506115848687,0.993509970288196,-0.1137450611584869,-9.749390699853988e-17,1.1161891421091567e-17
15.849699398797595,1.25607396694702e-16,-3.14018491736755e-17,0.9934787092800786,-0.11401778022391602,0.9934787092800786,-0.11401778022391605,-1.3985816944174583e-18,-1.2186354916433922e-17
15.887775551102205,1.25607396694702e-16,-3.14018491736755e-17,0.9934473734104202,-0.11429049069777032,0.9934473734104202,-0.11429049069777034,-1.4019268558112293e-18,-1.2185970539772696e-17
15.925851703406813,0.0,1.570092458683775e-17,0.9934159626815822,-0.11456319255950016,0.9934159626815823,-0.11456319255950016,-9.748468195890218e-17,1.1242175292525524e-17
15.963927855711423,-0.0,0.0,0.9933844770959317,-0.11483588578855682,0.9933844770959316,-0.11483588578855679,-1.4086168614287837e-18,-1.2185199031733183e-17
16.00200400801603,1.25607396694702e-16,-1.570092458683775e-17,0.9933529166558408,-0.11510857036439187,0.993352916655841,-0.11510857036439189,-1.411961705148456e-18,-1.2184811900413035e-17
16.04008016032064,-0.0,0.0,0.9933212813636879,-0.1153812462664578,0.993321281363688,-0.11538124626645778,-9.889069724992459e-17,-8.619723111501884e-19
16.07815631262525,-0.0,-1.570092458683775e-17,0.993289571221857,-0.11565391347420771,0.9932895712218569,-0.1156539134742077,0.0,0.0
16.11623246492986,2.51214793389404e-16,-4.710277376051325e-17,0.9932577862327373,-0.1159265719670953,0.9932577862327374,-0.11592657196709535,-1.4219955969265495e-18,-1.2183644997601267e-17
16.15430861723447,-2.51214793389404e-16,0.0,0.9932259263987238,-0.11619922172457493,0.9932259263987235,-0.1161992217245749,-9.746603355049013e-17,1.1402720108417434e-17
16.19238476953908,-1.25607396694702e-16,-1.570092458683775e-17,0.9931939917222175,-0.11647186272610172,0.9931939917222173,-0.1164718627261017,-1.4286843227742512e-18,-1.218286247197726e-17
16.230460921843687,-1.25607396694702e-16,0.0,0.9931619822056246,-0.11674449495113126,0.9931619822056245,-0.11674449495113125,0.0,0.0
16.268537074148295,1.25607396694702e-16,-3.14018491736755e-17,0.9931298978513571,-0.11701711837911997,0.9931298978513573,-0.11701711837911999,-1.0032735543036217e-16,-1.2881171604593007e-17
16.306613226452907,1.25607396694702e-16,-0.0,0.9930977386618328,-0.11728973298952484,0.9930977386618329,-0.11728973298952484,-1.4387166034991137e-18,-1.2181681798506675e-17
16.344689378757515,-1.25607396694702e-16,-1.570092458683775e-17,0.9930655046394748,-0.11756233876180362,0.9930655046394748,-0.11756233876180364,0.0,0.0
16.382765531062123,-0.0,-3.14018491736755e-17,0.9930331957867122,-0.1178349356754146,0.9930331957867122,-0.11783493567541461,-9.744712074546035e-17,1.1563233992091014e-17
16.42084168336673,-2.51214793389404e-16,0.0,0.9930008121059795,-0.11810752370981686,0.9930008121059795,-0.11810752370981682,-9.889269081817422e-17,-5.905095955443299e-19
16.458917835671343,1.25607396694702e-16,-3.14018491736755e-17,0.9929683535997169,-0.11838010284447002,0.9929683535997172,-0.11838010284447008,-9.744075773116001e-17,1.1616731670894511e-17
16.49699398797595,-0.0,0.0,0.9929358202703704,-0.1186526730588345,0.9929358202703704,-0.1186526730588345,0.0,0.0
16.53507014028056,-1.25607396694702e-16,1.570092458683775e-17,0.9929032121203912,-0.11892523433237132,0.9929032121203911,-0.1189252343323713,0.0,0.0
16.573146292585168,-0.0,-3.14018491736755e-17,0.9928705291522364,-0.11919778664454217,0.9928705291522366,-0.11919778664454221,-9.7431158141956e-17,1.1696971618899583e-17
16.61122244488978,-1.25607396694702e-16,0.0,0.9928377713683691,-0.11947032997480944,0.9928377713683691,-0.11947032997480946,0.0,0.0
16.649298597194388,-0.0,-1.570092458683775e-17,0.9928049387712575,-0.1197428643026362,0.9928049387712575,-0.1197428643026362,-9.74247217067974e-17,1.1750460513922732e-17
16.687374749498996,-1.25607396694702e-16,1.570092458683775e-17,0.9927720313633756,-0.12001538960748617,0.9927720313633754,-0.12001538960748612,-9.7421492477238e-17,1.1777203634294317e-17
16.725450901803608,1.25607396694702e-16,-1.570092458683775e-17,0.9927390491472031,-0.12028790586882378,0.9927390491472032,-0.1202879058688238,0.0,0.0
16.763527054108216,1.25607396694702e-16,-1.570092458683775e-17,0.9927059921252253,-0.12056041306611409,0.9927059921252254,-0.12056041306611412,-9.741501199537571e-17,1.1830687210681664e-17
16.801603206412825,-0.0,-3.14018491736755e-17,0.9926728602999331,-0.12083291117882296,0.9926728602999332,-0.12083291117882297,-9.889393920139451e-17,-3.190424302778644e-19
16.839679358717433,1.25607396694702e-16,-3.14018491736755e-17,0.9926396536738233,-0.1211054001864168,0.9926396536738233,-0.12110540018641681,-9.740850215148401e-17,1.1884167221160855e-17
16.877755511022045,-1.25607396694702e-16,1.570092458683775e-17,0.9926063722493977,-0.12137788006836275,0.9926063722493977,-0.12137788006836273,-9.740523621938996e-17,1.1910905884147501e-17
16.915831663326653,-1.25607396694702e-16,0.0,0.9925730160291646,-0.12165035080412868,0.9925730160291646,-0.12165035080412867,-9.740196294752508e-17,1.1937643649612384e-17
16.95390781563126,1.25607396694702e-16,-1.570092458683775e-17,0.9925395850156374,-0.12192281237318313,0.9925395850156374,-0.12192281237318314,0.0,0.0
16.99198396793587,-2.51214793389404e-16,0.0,0.9925060792113349,-0.12219526475499531,0.9925060792113347,-0.12219526475499529,0.0,0.0
17.030060120240478,0.0,1.570092458683775e-17,0.9924724986187821,-0.1224677079290351,0.9924724986187822,-0.12246770792903508,-9.739209909577458e-17,1.2017851540729071e-17
17.06813627254509,-0.0,0.0,0.9924388432405096,-0.12274014187477313,0.9924388432405095,-0.12274014187477311,0.0,0.0
17.106212424849698,1.25607396694702e-16,-1.570092458683775e-17,0.9924051130790529,-0.12301256657168073,0.9924051130790531,-0.12301256657168076,0.0,0.0
17.144288577154306,-1.25607396694702e-16,1.570092458683775e-17,0.9923713081369541,-0.12328498199922984,0.9923713081369541,-0.12328498199922983,-9.738216919499902e-17,1.2098051281622232e-17
17.182364729458918,-1.25607396694702e-16,1.570092458683775e-17,0.9923374284167603,-0.1235573881368932,0.9923374284167603,-0.12355738813689317,-9.889444239017849e-17,-4.757286093441399e-20
17.220440881763526,0.0,3.14018491736755e-17,0.9923034739210246,-0.12382978496414421,0.9923034739210248,-0.12382978496414418,-9.737551257056957e-17,1.2151513220789769e-17
17.258517034068134,-0.0,-3.14018491736755e-17,0.9922694446523056,-0.12410217246045693,0.9922694446523057,-0.12410217246045697,0.0,0.0
17.296593186372743,1.25607396694702e-16,-0.0,0.9922353406131673,-0.12437455060530618,0.9922353406131674,-0.1243745506053062,0.0,0.0
17.334669338677354,1.25607396694702e-16,-4.710277376051325e-17,0.9922011618061796,-0.12464691937816749,0.9922011618061798,-0.12464691937816753,-9.889443501021195e-17,6.10151817299995e-20
17.372745490981963,1.25607396694702e-16,-1.570092458683775e-17,0.992166908233918,-0.12491927875851708,0.9921669082339182,-0.1249192787585171,-9.73621112733545e-17,1.225842609518525e-17
17.41082164328657,-1.25607396694702e-16,0.0,0.9921325798989636,-0.12519162872583178,0.9921325798989636,-0.12519162872583178,0.0,0.0
17.44889779559118,-2.51214793389404e-16,1.570092458683775e-17,0.9920981768039031,-0.1254639692595893,0.992098176803903,-0.12546396925958925,-9.735536660460816e-17,1.231187699818838e-17
17.48697394789579,-0.0,-3.14018491736755e-17,0.9920636989513291,-0.125736300339268,0.9920636989513291,-0.125736300339268,-9.889430839847488e-17,1.6960315083164368e-19
17.5250501002004,-1.25607396694702e-16,-1.570092458683775e-17,0.9920291463438393,-0.12600862194434687,0.9920291463438393,-0.12600862194434687,-9.889425811559121e-17,1.9675011627082679e-19
17.563126252505008,-2.51214793389404e-16,1.570092458683775e-17,0.9919945189840376,-0.1262809340543057,0.9919945189840373,-0.12628093405430565,-1.5490057987047535e-18,-1.2168149322753719e-17
17.60120240480962,-0.0,-1.570092458683775e-17,0.991959816874533,-0.12655323664862497,0.991959816874533,-0.12655323664862497,-1.552345956906478e-18,-1.2167723654625335e-17
17.639278557114228,-0.0,-1.570092458683775e-17,0.9919250400179407,-0.12682552970678593,0.9919250400179407,-0.12682552970678593,-1.5556859981343725e-18,-1.2167297069623207e-17
17.677354709418836,-0.0,-3.14018491736755e-17,0.9918901884168809,-0.12709781320827038,0.991890188416881,-0.1270978132082704,0.0,0.0
17.715430861723444,-2.51214793389404e-16,0.0,0.99185526207398,-0.12737008713256107,0.9918552620739799,-0.127370087132561,-9.733152919301095e-17,1.2498925829295586e-17
17.753507014028056,-0.0,0.0,0.9918202609918699,-0.1276423514591413,0.99182026099187,-0.1276423514591413,-1.5657054174582946e-18,-1.2166011813696162e-17
17.791583166332664,3.76822190084106e-16,-1.570092458683775e-17,0.9917851851731878,-0.1279146061674952,0.9917851851731881,-0.12791460616749523,-9.732465249216963e-17,1.2552359906193084e-17
17.829659318637272,1.25607396694702e-16,-1.570092458683775e-17,0.9917500346205771,-0.12818685123710752,0.9917500346205771,-0.12818685123710755,-1.5723844408578242e-18,-1.2165150392633913e-17
17.86773547094188,-1.25607396694702e-16,0.0,0.991714809336686,-0.12845908664746383,0.9917148093366859,-0.12845908664746383,0.0,0.0
17.905811623246493,-1.25607396694702e-16,0.0,0.9916795093241692,-0.12873131237805038,0.9916795093241689,-0.12873131237805036,-9.731428243881901e-17,1.2632503922577637e-17
17.9438877755511,1.25607396694702e-16,-1.570092458683775e-17,0.9916441345856866,-0.1290035284083542,0.9916441345856865,-0.1290035284083542,-1.582402086699649e-18,-1.2163851386023318e-17
17.98196392785571,1.25607396694702e-16,-6.2803698347351e-17,0.9916086851239034,-0.12927573471786294,0.9916086851239037,-0.12927573471786302,-1.5857410638384453e-18,-1.2163416550612306e-17
18.020040080160317,-1.25607396694702e-16,-1.570092458683775e-17,0.9915731609414915,-0.1295479312860651,0.9915731609414914,-0.1295479312860651,-1.5890799214869899e-18,-1.21629807986521e-17
18.05811623246493,1.25607396694702e-16,-1.570092458683775e-17,0.9915375620411273,-0.12982011809244987,0.9915375620411274,-0.1298201180924499,0.0,0.0
18.096192384769537,-1.25607396694702e-16,0.0,0.9915018884254935,-0.13009229511650716,0.9915018884254934,-0.13009229511650713,0.0,0.0
18.134268537074146,-0.0,0.0,0.991466140097278,-0.1303644623377276,0.991466140097278,-0.1303644623377276,0.0,0.0
18.172344689378757,-0.0,-3.14018491736755e-17,0.9914303170591746,-0.13063661973560264,0.9914303170591746,-0.13063661973560267,-9.728982900781713e-17,1.281947321717561e-17
18.210420841683366,-1.25607396694702e-16,3.14018491736755e-17,0.9913944193138828,-0.1309087672896245,0.9913944193138827,-0.13090876728962444,-1.605772408570536e-18,-1.2160788291764902e-17
18.248496993987974,-2.51214793389404e-16,-1.570092458683775e-17,0.9913584468641075,-0.13118090497928586,0.9913584468641073,-0.1311809049792858,-9.889188687360663e-17,7.125373107540723e-19
18.286573146292582,-1.25607396694702e-16,1.570092458683775e-17,0.9913223997125594,-0.13145303278408044,0.9913223997125593,-0.13145303278408044,1.6124485581671544e-18,1.2159904874320252e-17
18.324649298597194,-0.0,-3.14018491736755e-17,0.9912862778619547,-0.13172515068350266,0.9912862778619547,-0.13172515068350268,-9.727569432923527e-17,1.2926291606696968e-17
18.362725450901802,0.0,1.570092458683775e-17,0.9912500813150154,-0.13199725865704762,0.9912500813150152,-0.1319972586570476,-9.727214233389901e-17,1.295299377402263e-17
18.40080160320641,1.25607396694702e-16,1.570092458683775e-17,0.9912138100744688,-0.13226935668421116,0.9912138100744687,-0.13226935668421114,0.0,0.0
18.43887775551102,-0.0,0.0,0.991177464143048,-0.1325414447444899,0.9911774641430481,-0.1325414447444899,-9.889081575158467e-17,8.482681342398368e-19
18.47695390781563,-1.25607396694702e-16,1.570092458683775e-17,0.9911410435234922,-0.13281352281738115,0.9911410435234921,-0.13281352281738112,0.0,0.0
18.51503006012024,1.25607396694702e-16,-1.570092458683775e-17,0.9911045482185453,-0.13308559088238317,0.9911045482185455,-0.1330855908823832,0.0,0.0
18.553106212424847,1.25607396694702e-16,-0.0,0.9910679782309578,-0.13335764891899468,0.9910679782309578,-0.13335764891899468,0.0,0.0
18.59118236472946,1.25607396694702e-16,1.570092458683775e-17,0.9910313335634848,-0.1336296969067154,0.991031333563485,-0.1336296969067154,-9.725067644670955e-17,1.3113186210589527e-17
18.629258517034067,-1.25607396694702e-16,-3.14018491736755e-17,0.9909946142188881,-0.1339017348250456,0.9909946142188881,-0.13390173482504564,-9.724707314883208e-17,1.3139881503342423e-17
18.667334669338675,-1.25607396694702e-16,1.570092458683775e-17,0.9909578201999346,-0.13417376265348663,0.9909578201999345,-0.1341737626534866,0.0,0.0
18.705410821643284,-2.51214793389404e-16,0.0,0.9909209515093964,-0.13444578037154017,0.9909209515093963,-0.13444578037154015,-1.6491586395563305e-18,-1.2154980571223858e-17
18.743486973947896,-0.0,0.0,0.990884008150052,-0.13471778795870903,0.9908840081500521,-0.13471778795870906,0.0,0.0
18.781563126252504,-0.0,-3.14018491736755e-17,0.990846990124685,-0.1349897853944966,0.9908469901246851,-0.13498978539449666,0.0,0.0
18.819639278557112,-1.25607396694702e-16,-1.570092458683775e-17,0.990809897436085,-0.13526177265840708,0.9908098974360848,-0.13526177265840705,-9.72289467471026e-17,1.3273343074947759e-17
18.85771543086172,-1.25607396694702e-16,-1.570092458683775e-17,0.990772730087047,-0.13553374972994536,0.990772730087047,-0.13553374972994536,0.0,0.0
18.895791583166332,1.25607396694702e-16,-3.14018491736755e-17,0.9907354880803715,-0.13580571658861726,0.9907354880803718,-0.1358057165886173,-9.888748498863266e-17,1.1740151039850904e-18
18.93386773547094,2.51214793389404e-16,-3.14018491736755e-17,0.9906981714188651,-0.13607767321392927,0.9906981714188653,-0.1360776732139293,-9.72179829860354e-17,1.3353408031776595e-17
18.97194388777555,-0.0,-1.570092458683775e-17,0.9906607801053395,-0.1363496195853886,0.9906607801053395,-0.1363496195853886,-1.6725117926204705e-18,-1.2151789218415462e-17
19.010020040080157,-0.0,-3.14018491736755e-17,0.9906233141426123,-0.13662155568250334,0.9906233141426122,-0.13662155568250334,-1.6758474552401872e-18,-1.2151329647903466e-17
19.04809619238477,-1.25607396694702e-16,-3.14018491736755e-17,0.9905857735335065,-0.1368934814847823,0.9905857735335065,-0.13689348148478234,-1.679182991579873e-18,-1.2150869161753066e-17
19.086172344689377,-1.25607396694702e-16,0.0,0.9905481582808513,-0.13716539697173505,0.9905481582808511,-0.13716539697173502,1.6825184013881832e-18,1.2150407759998958e-17
19.124248496993985,-0.0,-1.570092458683775e-17,0.9905104683874807,-0.13743730212287195,0.9905104683874807,-0.13743730212287197,0.0,0.0
19.162324649298597,-0.0,-3.14018491736755e-17,0.990472703856235,-0.13770919691770422,0.990472703856235,-0.13770919691770422,-1.6891888404053621e-18,-1.214948220981877e-17
19.200400801603205,-0.0,-4.710277376051325e-17,0.9904348646899597,-0.1379810813357437,0.9904348646899597,-0.13798108133574372,-9.888466836081102e-17,1.3911728914303078e-18
19.238476953907814,2.51214793389404e-16,-3.14018491736755e-17,0.9903969508915061,-0.13825295535650314,0.9903969508915066,-0.13825295535650323,-9.718842398113497e-17,1.3566870162249396e-17
19.276553106212422,-0.0,-3.14018491736755e-17,0.9903589624637315,-0.138524818959496,0.9903589624637316,-0.13852481895949603,-9.888388969079986e-17,1.4454613309103644e-18
19.314629258517034,-2.51214793389404e-16,1.570092458683775e-17,0.9903208994094981,-0.13879667212423666,0.9903208994094979,-0.1387966721242366,0.0,0.0
19.352705410821642,-0.0,-1.570092458683775e-17,0.990282761731674,-0.13906851483024005,0.990282761731674,-0.13906851483024005,-1.70586270605713e-18,-1.2147152313745648e-17
19.39078156312625,-0.0,-4.710277376051325e-17,0.990244549433133,-0.13934034705702214,0.990244549433133,-0.13934034705702217,-9.717346870735467e-17,1.3673576756538153e-17
19.42885771543086,1.25607396694702e-16,-6.2803698347351e-17,0.9902062625167546,-0.1396121687840995,0.9902062625167548,-0.13961216878409954,-9.71697115824377e-17,1.3700250834275064e-17
19.46693386773547,-1.25607396694702e-16,-1.570092458683775e-17,0.9901679009854238,-0.13988397999098956,0.990167900985424,-0.13988397999098956,-9.888181262045453e-17,1.5811804877206358e-18
19.50501002004008,-1.25607396694702e-16,-3.14018491736755e-17,0.9901294648420315,-0.14015578065721057,0.9901294648420315,-0.14015578065721057,-9.716217536681723e-17,1.3753595890676477e-17
19.543086172344687,-0.0,0.0,0.9900909540894738,-0.14042757076228157,0.9900909540894737,-0.14042757076228155,0.0,0.0
19.5811623246493,-1.25607396694702e-16,-3.14018491736755e-17,0.9900523687306523,-0.14069935028572236,0.9900523687306522,-0.14069935028572236,-9.542874276517751e-17,2.5951263034754385e-17
19.619238476953907,-0.0,0.0,0.9900137087684749,-0.14097111920705355,0.9900137087684749,-0.14097111920705355,0.0,0.0
19.657314629258515,-0.0,-1.570092458683775e-17,0.9899749742058547,-0.14124287750579653,0.9899749742058546,-0.1412428775057965,-1.7325341938644321e-18,-1.214337688504904e-17
19.695390781563123,-1.25607396694702e-16,-1.570092458683775e-17,0.9899361650457102,-0.14151462516147356,0.9899361650457101,-0.14151462516147356,0.0,0.0
19.733466933867735,-0.0,-1.570092458683775e-17,0.989897281290966,-0.14178636215360763,0.989897281290966,-0.14178636215360763,-9.540019024883244e-17,2.605602999936879e-17
19.771543086172343,-1.25607396694702e-16,3.14018491736755e-17,0.9898583229445521,-0.14205808846172255,0.989858322944552,-0.1420580884617225,-9.539303414668825e-17,2.6082216836959958e-17
19.80961923847695,-0.0,-1.570092458683775e-17,0.9898192900094043,-0.14232980406534299,0.989819290009404,-0.14232980406534296,-9.887760448153817e-17,1.825467291937346e-18
19.84769539078156,-1.25607396694702e-16,0.0,0.9897801824884634,-0.14260150894399432,0.9897801824884632,-0.1426015089439943,1.749199638983534e-18,1.2140987502185834e-17
19.88577154308617,-0.0,-3.14018491736755e-17,0.9897410003846765,-0.1428732030772028,0.9897410003846766,-0.14287320307720283,-9.712405504713226e-17,1.402025866871948e-17
19.92384769539078,-1.25607396694702e-16,3.14018491736755e-17,0.9897017437009963,-0.1431448864444955,0.9897017437009962,-0.14314488644449547,0.0,0.0
19.961923847695388,-1.25607396694702e-16,6.2803698347351e-17,0.9896624124403804,-0.1434165590254003,0.9896624124403804,-0.14341655902540024,-9.535714582458835e-17,2.621312150488041e-17
19.999999999999996,1.25607396694702e-16,3.14018491736755e-17,0.9896230066057932,-0.14368822079944576,0.9896230066057933,-0.14368822079944576,-9.534994660167859e-17,2.6239296520647745e-17
