1.0,-0.000232392674790202,-0.00040111877709871074,-5.820267550676283e-11,3.740710919145582e-11,-1.0255320250708088e-10,-1.6867345883942365e-10,-0.00023455449248480906,-0.0003924487555903137
1.0380761523046091,-0.000248762646566619,-0.0004100221699616201,5.216821656917304e-12,7.13811347016597e-11,-2.2493537236789325e-10,3.137710690890848e-11,-0.0002500589741944819,-0.0004006763959761783
1.0761523046092185,-0.00026549297855957564,-0.00041825372405249797,7.829103669631222e-11,3.510880121430765e-11,-8.694140633294075e-11,2.5529588086914445e-10,-0.0002672230490771673,-0.0004093100819432936
1.1142284569138277,-0.00028255651808428115,-0.00042579673147258887,6.88050383659377e-11,-6.614380516452445e-11,2.4560618708025383e-10,2.189275152857293e-10,-0.00028495352699168305,-0.0004152750598257741
1.1523046092184368,-0.0002999252451206185,-0.00043263538626834853,-2.776810628015727e-11,-9.968588360522488e-11,3.387509651324483e-10,-1.5519921480813826e-10,-0.0003011293033578376,-0.00042165492549639386
1.190380761523046,-0.00031757029034094403,-0.0004387548155881045,-1.2088819693062004e-10,-2.1349012301933313e-11,1.568398198703516e-11,-4.420199069578448e-10,-0.0003197554977419227,-0.00042833199123525057
1.2284569138276553,-0.0003354619306359444,-0.00044414110729184734,-7.617175280680105e-11,1.0831044049036295e-10,-4.863105037129932e-10,-2.1845653033381154e-10,-0.0003382088794656303,-0.00043143639961116956
1.2665330661322645,-0.0003535695748629932,-0.0004487813907685694,5.939743801617631e-11,1.493458255143087e-10,-4.380542524523375e-10,4.043710962722229e-10,-0.00035453926398703467,-0.00043568422118897933
1.3046092184368736,-0.0003718618439356466,-0.0004526639158738714,2.548812625434098e-10,-1.594020663566028e-11,1.8834483518625272e-10,6.712835543528058e-10,-0.0003745758343700477,-0.0004408935855289505
1.342685370741483,-0.00039030663095779625,-0.000455778031206226,-2.0550494517132352e-11,-2.4363508311687843e-10,8.222998103077547e-10,7.207669004858174e-11,-0.00039251980396947506,-0.0004400612891563303
1.3807615230460921,-0.00040887105403552263,-0.0004581141963665272,-1.8667737641456041e-10,-7.859171263522242e-11,4.5717647760027165e-10,-7.924629798236213e-10,-0.000409790563735186,-0.0004439119389892666
1.4188376753507013,-0.0004275214871741262,-0.0004596640501164065,-1.7731362119670205e-10,1.275338899557683e-10,-6.229638786904137e-10,-8.875213782823566e-10,-0.0004308620860117128,-0.00044478550525305945
1.4569138276553106,-0.0004462235152755452,-0.0004604204509481173,4.771574332724102e-11,2.3868495775268745e-10,-1.2130447976532614e-9,2.9295125037509595e-10,-0.00044822662577394566,-0.0004423082895740469
1.4949899799599198,-0.00046494200097122894,-0.0004603776713705982,2.5059158578493473e-10,6.516160812747274e-11,-2.630656301775521e-10,1.3543178638436872e-9,-0.00046564681248128094,-0.00044400981866339986
1.5330661322645291,-0.000483641272065456,-0.00045953134231424146,1.897045511221765e-10,-2.2214957251071668e-10,1.3198884779242206e-9,9.456758510736623e-10,-0.00048738189650506577,-0.00044181126758289005
1.5711422845691383,-0.0005022850832218398,-0.0004578784157048405,-1.444310555680967e-10,-2.8527389997152704e-10,1.5465096499879541e-9,-1.002924359206531e-9,-0.0005034838296119207,-0.0004367528864375936
1.6092184368737474,-0.0005208365717939303,-0.00045541714547677793,-3.40059255673759e-10,6.966240578201901e-12,-2.9295010397242807e-10,-2.0134325457099334e-9,-0.0005213820195572753,-0.00043692177682944425
1.6472945891783568,-0.0005392581719039784,-0.00045214725254510616,-1.5741057719742916e-10,3.5052334971442957e-10,-2.290409644356303e-9,-6.463678414161199e-10,-0.0005432273886240124,-0.0004309368557311626
1.685370741482966,-0.0005575116638429535,-0.0004480701170489133,2.87992326800975e-10,3.051307050683285e-10,-1.6115804157950883e-9,2.118727583595129e-9,-0.0005574538925502221,-0.00042380748180469526
1.723446893787575,-0.0005755585277609214,-0.00044318894043786903,4.2712756623383864e-10,-1.3835770779097365e-10,1.3715945003063296e-9,2.59883291003844e-9,-0.0005760713676700824,-0.0004223381550683047
1.7615230460921842,-0.0005933600400783239,-0.00043750838750776755,5.751574238554973e-11,-5.026881222213505e-10,3.4152647705713394e-9,-2.5538525589042146e-10,-0.0005971946806184003,-0.00041203760922105406
1.7995991983967936,-0.0006108770993000113,-0.0004310345380421169,-4.773083520951041e-10,-2.6351088528386426e-10,1.1262473345521658e-9,-3.6195352181767565e-9,-0.0006090723001717122,-0.00040363968644960356
1.8376753507014028,-0.0006280699004021545,-0.00042377505198004043,-4.754331401005558e-10,3.393628273911011e-10,-3.105419928601508e-9,-2.8130545812786455e-9,-0.0006286820541230201,-0.0004001441452618597
1.875751503006012,-0.0006448981360736365,-0.00041573964342446636,1.309850857157867e-10,6.438551137867641e-10,-4.397752658987642e-9,2.0337876666291613e-9,-0.0006479448671088763,-0.0003853294814448271
1.9138276553106213,-0.0006613213160577232,-0.0004069402826496579,6.89153180893774e-10,1.338866640344166e-10,2.74944408879683e-10,5.295587212412642e-9,-0.0006574444921092352,-0.00037650693078779014
1.9519038076152304,-0.0006772994407200909,-0.00039739083522903574,4.514870704428208e-10,-6.058354944287744e-10,5.450275458510004e-9,2.2055326871703757e-9,-0.0006781094155961227,-0.0003703100189937513
1.9899799599198396,-0.0006927925196854491,-0.0003871064760870511,-4.213166652010864e-10,-7.358041626642794e-10,4.756372863991962e-9,-4.8196661823413415e-9,-0.0006941300115245643,-0.00035111132730789285
2.0280561122244487,-0.000707759981193555,-0.00037610381823909445,-8.924095797514652e-10,1.1124292949138225e-10,-2.927510920842713e-9,-6.759277825413671e-9,-0.0007015538751692377,-0.0003427894552337372
2.0661322645290583,-0.0007221604661358049,-0.00036440207628063166,-3.108644205194309e-10,9.217268780670502e-10,-8.179056925363128e-9,-1.9203265526271266e-10,-0.0007231643181785446,-0.00033299532435192454
2.1042084168336674,-0.0007359529428880326,-0.00035202325153532667,8.119996310209994e-10,7.234982972534875e-10,-3.7209721387071835e-9,8.548197492148407e-9,-0.0007344247265094366,-0.00030996777428901926
2.1422845691382766,-0.0007490973763537775,-0.0003389919480015928,1.0374026901094663e-9,-4.893791511888013e-10,6.997264700287626e-9,7.233245862040941e-9,-0.0007404858539144643,-0.000302942114736848
2.1803607214428857,-0.0007615548694362105,-0.00032533384848548426,9.477628566057395e-12,-1.2498197672210641e-9,1.0607676149010182e-8,-3.6992583058913964e-9,-0.0007625360600623222,-0.0002884380111278416
2.218436873747495,-0.0007732860896023446,-0.0003110756564327355,-1.2774636863952018e-9,-5.517437526588651e-10,5.77543606531995e-10,-1.2755809093242377e-8,-0.0007675454393655957,-0.000262755955304212
2.256513026052104,-0.0007842501662046968,-0.00029624657206120554,-1.0784154121031997e-9,1.021358820511564e-9,-1.2448082624469458e-8,-5.813522811120666e-9,-0.0007732813334742787,-0.00025756539201175397
2.2945891783567136,-0.0007944068980296223,-0.0002808803607773236,5.298539969775592e-10,1.5319618118446801e-9,-1.1670386793932619e-8,9.965105943322174e-9,-0.0007948722610487306,-0.00023693566375132167
2.3326653306613228,-0.0008037181389733579,-0.0002650135383240724,1.7633591449439364e-9,1.014913317628059e-10,5.585481803968647e-9,1.6282776396527674e-8,-0.000792103943482238,-0.00021074639388030957
2.370741482965932,-0.0008121483267166724,-0.00024868420632964536,8.493979298103972e-10,-1.6488143898229587e-9,1.8410496071496185e-8,1.3432427276813215e-9,-0.0007994830791068026,-0.00020700136707864844
2.408817635270541,-0.0008196620965689145,-0.00023193004448064154,-1.244603522713029e-9,-1.6221785414456003e-9,9.942859912568363e-9,-1.8244651529697507e-8,-0.0008181205635071362,-0.0001794122739024621
2.44689378757515,-0.000826221800695624,-0.0002147905808038494,-2.159277273624466e-9,6.005763939172173e-10,-1.502629447288593e-8,-1.776935082074353e-8,-0.0008074343354467265,-0.00015530470691346655
2.4849699398797593,-0.0008317886873234246,-0.0001973120348949654,-3.5156474649258364e-10,2.3258710324473836e-9,-2.3822389961662477e-8,7.37895745386782e-9,-0.0008178477334770988,-0.00015207867189780943
2.5230460921843685,-0.0008363293861937602,-0.00017954523362427488,2.178056665164683e-9,1.4372407506247364e-9,-3.2488220799390096e-9,2.7795548251188826e-8,-0.0008312074950487653,-0.0001167293886335973
2.561122244488978,-0.000839814116049195,-0.00016154186863417144,2.3283873964602527e-9,-1.616393746064056e-9,2.725725541829759e-8,1.4467708391131738e-8,-0.0008126786691699184,-9.774458718520523e-5
2.599198396793587,-0.000842215459408191,-0.00014335194032313604,-5.334870185083427e-10,-2.940962362377489e-9,2.6037488688054105e-8,-2.0516209442163272e-8,-0.0008272808859534917,-9.32915934004623e-5
2.6372745490981964,-0.0008435022408174125,-0.0001250254329443646,-3.230823967146426e-9,-8.074993874713122e-10,-9.455986094508832e-9,-3.6406995621244667e-8,-0.0008320176467392125,-5.0663363831576526e-5
2.6753507014028055,-0.0008436391302255688,-0.00010661964715108159,-2.096549869368771e-9,2.9108671112609806e-9,-4.119505526621372e-8,-4.517594037178762e-9,-0.0008075791035385114,-4.0004844678520466e-5
2.7134268537074147,-0.0008425980752806517,-8.820354435533516e-5,1.8715451936208604e-9,3.3086535296027626e-9,-2.2076507315986443e-8,3.863784092184082e-8,-0.000826936509832714,-3.1349271777196845e-5
2.751503006012024,-0.0008403607236625247,-6.984363628623301e-5,4.219551824092541e-9,-4.211247796973443e-10,3.0207755038118024e-8,3.986453402270398e-8,-0.000819038320832389,1.6811175930791242e-5
2.7895791583166334,-0.0008369112439089802,-5.160355792455455e-5,1.2654678318922278e-9,-4.354017804488508e-9,5.223522826151115e-8,-1.4721485928550936e-8,-0.0007921334533455413,1.6465970929255495e-5
2.8276553106212425,-0.0008322298425544848,-3.354277388373553e-5,-3.6487610515501775e-9,-3.1855937432943006e-9,8.763173112793631e-9,-5.819595082885673e-8,-0.0008152990403971253,3.315370370170483e-5
2.8657314629258517,-0.0008262882139730019,-1.5728544132975296e-5,-4.874808367735086e-9,2.341722957774889e-9,-5.7331345988203515e-8,-3.477698630434386e-8,-0.000790628973203865,8.283218299673834e-5
2.903807615230461,-0.0008190614451973458,1.752230771612289e-6,3.611911644599885e-10,5.734219098956124e-9,-5.7330088865294646e-8,4.4757784617541513e-8,-0.0007665456237323831,6.982077288902221e-5
2.94188376753507,-0.0008105496473606787,1.8810546398888765e-5,5.7582034084840595e-9,2.250820593235798e-9,1.936743516113508e-8,7.620880281025294e-8,-0.0007912216206621485,9.904985047600172e-5
2.979959919839679,-0.0008007551997425668,3.537197893880322e-5,4.7882851001620376e-9,-4.9457519058805084e-9,8.714825901680106e-8,1.2262479969316931e-8,-0.0007459972727678839,0.00014492083407909587
3.0180360721442883,-0.0007896756561085179,5.136771312349378e-5,-2.905011030026875e-9,-6.679188589448963e-9,4.7132458601213585e-8,-8.166245942387381e-8,-0.0007297428073829986,0.00011893583891954947
3.0561122244488974,-0.0007772927642434014,6.672333507715585e-5,-7.9124747904928e-9,-1.9336446468521316e-10,-6.029020596600596e-8,-8.467259699985557e-8,-0.0007520696529523796,0.00016266200898976945
3.094188376753507,-0.0007635863612545613,8.133751136331507e-5,-3.517373329644873e-9,8.057211904969677e-9,-1.1491563055190076e-7,2.8611397406375413e-8,-0.0006875039476894373,0.0001977350995918693
3.132264529058116,-0.0007485725422485809,9.508735182539006e-5,6.416101322997324e-9,6.7004634726382775e-9,-1.5464631644427555e-8,1.2572696476410916e-7,-0.0006844069728176983,0.00016453683645945634
3.1703406813627253,-0.000732291661905062,0.00010788757646095286,9.584605202366925e-9,-3.312538296992083e-9,1.1870864240600279e-7,7.066855089553271e-8,-0.0006951862825255156,0.00022442134967338932
3.2084168336673344,-0.0007147616623688065,0.00011966570239918017,5.627541143869543e-10,-1.1182170444184814e-8,1.215208130503085e-7,-9.350480038464653e-8,-0.0006135908428549538,0.00023801384044539275
3.2464929859719436,-0.0006959801198763992,0.00013034543173395807,-1.064672893515039e-8,-5.18293384827069e-9,-4.184385784008707e-8,-1.5841242748199983e-7,-0.0006291401378864012,0.00020403836909729288
3.2845691382765527,-0.0006759324878928694,0.00013981153437076296,-1.0049801758158146e-8,8.335363374291837e-9,-1.817725356407149e-7,-3.018050990868922e-8,-0.0006195086592715684,0.00027903312021874304
3.3226452905811623,-0.0006546439942209883,0.00014790651254535368,4.454465160269224e-9,1.3643929458378828e-8,-1.0321683423151248e-7,1.8073977788919724e-7,-0.0005275986576232353,0.0002625753558441854
3.3607214428857715,-0.0006322155696832015,0.00015451084453469953,1.513814773064532e-8,1.3674796420980493e-9,1.3878270108820584e-7,1.7226250251766017e-7,-0.0005637696473080545,0.00023708358803950017
3.3987975951903806,-0.0006087034903505547,0.00015957435289976497,8.196763139741042e-9,-1.4672663160089194e-8,2.3384708358329886e-7,-6.476248633753394e-8,-0.0005237572512686687,0.0003221883990981551
3.4368737474949898,-0.0005841195037634933,0.0001630223217829726,-1.1611664204372773e-8,-1.423869054139873e-8,2.7794123746290912e-8,-2.648211760738104e-7,-0.0004319505660813329,0.00026914204188683395
3.474949899799599,-0.0005584510800087008,0.00016473072111579035,-1.885530414180552e-8,5.29366809967694e-9,-2.4922793992395736e-7,-1.4193975641607738e-7,-0.0004861680293080446,0.00026225337929122646
3.513026052104208,-0.0005317366605766714,0.00016450459940786392,-2.9873550115790376e-9,2.1573620836947303e-8,-2.6235870760152267e-7,1.9850952519847617e-7,-0.0004083942288290813,0.0003467264141957082
3.551102204408817,-0.000504135028515385,0.00016216154825490994,2.066488843393034e-8,1.1608890495801587e-8,1.1176396585522125e-7,3.490805729154083e-7,-0.0003319988306888381,0.00025704471802749483
3.5891783567134268,-0.0004758071975561405,0.00015768842279898572,2.0209445074942165e-8,-1.5285931729147074e-8,3.872170243193129e-7,2.7377727102056966e-8,-0.0003933257320324101,0.0002808193270737779
3.627254509018036,-0.0004467566158371134,0.00015105202207352632,-6.716431826456115e-9,-2.7353693091971323e-8,1.9253565218461753e-7,-3.8107586726763436e-7,-0.0002702746757933066,0.00034458974968589975
3.665330661322645,-0.0004169665666897939,0.0001421162804435864,-3.027726891791257e-8,-4.2210311023768235e-9,-3.047205339411529e-7,-3.481051576332334e-7,-0.00023075328660313705,0.00022054799753045193
3.703406813627254,-0.0003864858718975475,0.00013063033092275674,-1.7363129361135544e-8,2.8071045605378717e-8,-4.87040315503191e-7,1.4938869664645965e-7,-0.0002870572890060807,0.00028701440395565505
3.7414829659318634,-0.00035553903803542885,0.00011634553406760297,2.1310758109939636e-8,3.003780752393475e-8,-4.824477184853505e-8,5.899760781469317e-7,-0.0001177260715475485,0.0003114526370411376
3.7795591182364725,-0.0003244578908270386,9.924172604172389e-5,3.902779060669372e-8,-8.857117389574386e-9,5.935858425656494e-7,2.5677414853439335e-7,-0.00012850693654037438,0.00016405856341569975
3.817635270541082,-0.0002932681195547309,7.944502460716454e-5,8.539896703092384e-9,-4.464750448865222e-8,4.887447749860504e-7,-4.797891230649481e-7,-0.00016603496137793976,0.00027745016498851476
3.8557114228456912,-0.0002618794699454481,5.679673177692001e-5,-4.433176707101005e-8,-2.5133797952515148e-8,-2.823250010439602e-7,-6.960307910202859e-7,5.1299890319032235e-5,0.00023400047696158096
3.8937875751503004,-0.00023034319321414928,3.095831968734982e-5,-4.059351070734295e-8,3.2541272883425705e-8,-8.106253564805821e-7,-1.1520121558604553e-8,-3.8707680509454215e-5,9.169026906877964e-5
3.9318637274549095,-0.00019900170192931068,1.5829259481230368e-6,1.3747007990579668e-8,5.5517271095039986e-8,-3.901841679375665e-7,8.338703244969246e-7,-1.0131361151933952e-5,0.00024434573567722403
3.9699398797595187,-0.00016838348394329,-3.13753606225632e-5,6.280810267425357e-8,8.73328146639675e-9,7.640196564081997e-7,7.5747671734187e-7,0.00020560096656680398,0.00011041962795627007
4.008016032064128,-0.00013868252979204834,-6.753400193490176e-5,3.475071670423811e-8,-5.9252029082452225e-8,1.027319790832758e-6,-5.17337606308495e-7,5.484527812265125e-5,6.994062165820461e-7
4.046092184368737,-0.00010957056820194433,-0.00010696527751409856,-4.406897180650665e-8,-6.046497649850827e-8,-9.466927780616621e-8,-1.218162997751893e-6,0.00016216651189361362,0.0001739819502575784
4.084168336673347,-8.106165643110015e-5,-0.00015020408737300252,-8.22545917834852e-8,1.8788669023518033e-8,-1.2597821130151314e-6,-4.1118506732900815e-7,0.00035667395674924787,-6.004509435480696e-5
4.122244488977956,-5.36879894986765e-5,-0.00019780111669949897,-1.534698317382276e-8,8.919249531905605e-8,-9.76816999318776e-7,1.0755402746378998e-6,0.00014564127152651108,-0.00010743298867516955
4.160320641282565,-2.8285942489531238e-5,-0.00024975440256204753,8.233206434513316e-8,6.852722651136106e-8,7.082419434888978e-7,1.5574532644366101e-6,0.00033505613799522356,7.114773955546268e-5
4.198396793587174,-5.383996104225711e-6,-0.0003054427772028081,1.2988106274782356e-7,-9.659783936389881e-8,1.9794398243331454e-6,-2.4810007949789806e-7,0.0005272559511473554,-0.00034625112908582
4.236472945891784,1.578125302924619e-5,-0.00036440431912957403,-7.363414231810737e-8,-1.1876627209845703e-7,4.224460143387768e-7,-2.035461226083867e-6,0.00020965705438620997,-0.0001623955731144196
4.274549098196393,3.540239228679575e-5,-0.0004277401148265342,-1.3310048309026653e-7,6.509264751623513e-9,-1.8376952752037605e-6,-1.2263325170996502e-6,0.0005955159711527503,-0.00014903939867171137
4.312625250501002,5.266037948831154e-5,-0.0004963345013938083,-5.3613171458621704e-8,1.4071200281275467e-7,-1.992934506135575e-6,1.2790512065295222e-6,0.0005232392094193497,-0.000570334474056785
4.350701402805611,6.602745455504987e-5,-0.0005701283839159637,1.1617762924279244e-7,1.1170921089525319e-7,3.4403299506947793e-7,2.678521792564395e-6,0.00034315030369731493,-0.0003264669780158594
4.38877755511022,7.4726895592956e-5,-0.0006479384100276104,1.6806616601028384e-7,-7.169421045546259e-8,3.2150220773977955e-6,7.717947379275462e-7,0.0008000537114789236,-0.00041969166900861747
4.426853707414829,7.971870710429918e-5,-0.0007286182612076651,-8.308469351685636e-9,-2.0028571276151757e-7,1.8003865307615572e-6,-3.2699649298829253e-6,0.0005417651591687992,-0.0008632011053080875
4.4649298597194385,8.230758473626152e-5,-0.0008136946071593571,-2.0576270394543858e-7,-7.590638947188822e-8,-2.6043074165299428e-6,-2.8456405610352217e-6,0.0004699452425557212,-0.0004827178109042148
4.503006012024048,8.101047940297194e-5,-0.000905172781583342,-1.6592307324740262e-7,1.793054979157443e-7,-3.7632135462602306e-6,1.3731379441053047e-6,0.0009830993746094217,-0.0008058428726895094
4.541082164328658,7.295451783755914e-5,-0.0010029370586773939,1.1806378038004145e-7,2.5272841698697474e-7,-4.482768283027245e-7,4.319339831918568e-6,0.0004896401269702754,-0.001185363519893572
4.579158316633267,5.6838455418684135e-5,-0.0011044052397148178,3.1584347467029074e-7,-2.998119448134945e-8,4.503741020617985e-6,2.7214878909753394e-6,0.0006450947686037047,-0.0006608705905415004
4.617234468937876,3.427957608102672e-5,-0.0012074500358919044,8.330590523757787e-8,-3.361420912320083e-7,4.919848801649273e-6,-4.370842104327007e-6,0.001097263877237344,-0.001343977692476195
4.655310621242485,8.467791196494211e-6,-0.001313869346149597,-3.052572439450881e-7,-2.1418622577499786e-7,-3.369657675880788e-6,-6.337628671675054e-6,0.00036814587946229103,-0.0014478744714680268
4.693386773547094,-2.2714955265818446e-5,-0.0014282879614214677,-3.4652896900131236e-7,2.1933158750820215e-7,-7.1326772433796334e-6,1.1797409961425526e-6,0.0008743914275032311,-0.000974700142908569
4.731462925851703,-6.496789560780714e-5,-0.0015506080733551067,8.777779585278436e-8,4.5565792626386917e-7,-1.8724790985180577e-6,7.043962001210627e-6,0.0010712969660462237,-0.0019659119774524023
4.7695390781563125,-0.00012111160549371662,-0.0016752373403269665,5.061741629766316e-7,8.832175927782464e-8,5.963590811574312e-6,5.759109081645369e-6,0.00022355679251299498,-0.0016889335229476135
4.807615230460922,-0.000187100769206967,-0.0017980222444132182,3.05129053196856e-7,-4.916648902044072e-7,1.0017244473783371e-5,-4.22088444967645e-6,0.0011328608404918878,-0.00142093019120183
4.845691382765531,-0.00025711494882747635,-0.0019214359506620764,-4.0978475632998837e-7,-5.173376264842288e-7,-2.379562384772786e-6,-1.3362557515119955e-5,0.0008438815475374422,-0.002681779962873936
4.88376753507014,-0.00033295295046448947,-0.0020550097501679373,-6.855789585858022e-7,2.2740618802423286e-7,-1.41844267893134e-5,-5.162844783293222e-7,9.830121601447227e-5,-0.0018679772476581898
4.921843687374749,-0.0004267160138236211,-0.0021994891852139694,-4.907591125987601e-8,8.064470407801999e-7,-4.82642009679613e-6,1.2802686382731797e-5,0.0013807454338494647,-0.0021024423672257675
4.959919839679358,-0.0005448382033213567,-0.002343171727460116,8.391559410365757e-7,3.69815218084683e-7,8.676332999207286e-6,1.0224605533084655e-5,0.00035556927030398663,-0.0033951635991910237
4.997995991983967,-0.0006773769113206032,-0.00247568419233493,7.196170593135937e-7,-7.293232256133719e-7,1.6893717645114855e-5,-2.529562772235329e-6,6.617238204250785e-5,-0.00202036710293098
5.0360721442885765,-0.0008123131982366299,-0.002603709789149537,-4.92154192403172e-7,-1.0744763524186164e-6,4.052508520628955e-6,-2.3942344414181408e-5,0.0015017259706838748,-0.003097789736898996
5.074148296593186,-0.0009514297235081775,-0.002744891481676943,-1.3329917055973188e-6,1.447856827606268e-7,-2.8112192511092938e-5,-8.80083186914641e-6,-0.00040988996740149244,-0.0039821392696235535
5.112224448897795,-0.0011197438620397212,-0.002903742138662057,-3.557017970760361e-7,1.4315738863339416e-6,-1.367508865976759e-5,2.600916286078049e-5,0.0002035454563216811,-0.002230568961718305
5.150300601202405,-0.0013318931322193624,-0.003054638239084078,1.3783153673659413e-6,9.592168063761231e-7,1.7660416215918522e-5,1.880044949928257e-5,0.0013042567334525142,-0.004450421958288762
5.188376753507014,-0.0015657365057476188,-0.003171364648765122,1.5527468425802477e-6,-1.104585684217933e-6,2.5641854137066638e-5,-1.7694020116288967e-6,-0.0014028497704977575,-0.00428533010426223
5.226452905811623,-0.0017893851942185496,-0.003272659591333371,-5.546809193621735e-7,-2.1094119751826538e-6,1.7928236122658296e-5,-3.570160790891937e-5,0.0005728376063333462,-0.002673187862141775
5.264529058116232,-0.0020114692176853182,-0.0033962218510208394,-2.557015085276131e-6,-1.8222364090963156e-7,-4.8093064569783624e-5,-3.529973559870838e-5,0.0005062807921679982,-0.006111915681515304
5.302605210420841,-0.0022833004847361026,-0.003552062947622712,-1.0600284033745868e-6,2.680064872800694e-6,-4.322545297875628e-5,5.352766591564994e-5,-0.002459797847532207,-0.004142075866182688
5.340681362725451,-0.002638126077674051,-0.003681184477623632,2.4121076993846324e-6,2.1346804662382942e-6,4.457228757013766e-5,4.5423548730836935e-5,0.0011467583098374382,-0.003655880301874916
5.37875751503006,-0.00302322115755047,-0.0037220405796253775,3.2421032173999664e-6,-1.7862253132313827e-6,4.232495648751312e-5,-1.6479389047613653e-5,-0.0012470259162405224,-0.00784091122844335
5.416833667334669,-0.0033514941155765266,-0.003721741697232019,-6.731124364606129e-7,-4.190581651155905e-6,3.3050846655778665e-5,-4.547331953884832e-5,-0.0032384109014615974,-0.0034404133592668266
5.454909819639278,-0.0036600516518535448,-0.0037824622705985808,-4.960758620836926e-6,-9.081470454533201e-7,-6.244335523941324e-5,-9.041320674770426e-5,0.0016664634945795156,-0.005647585453259438
5.492985971943887,-0.0040699699047566556,-0.0039047555917020053,-2.6738815661769212e-6,5.3293323882833504e-6,-0.00013205066781500621,9.351906550280072e-5,-0.004300140162813014,-0.00906112825506223
5.531062124248496,-0.00464422932124418,-0.003944537232635531,4.843496052487265e-6,4.6014331744572554e-6,0.00010985396179375698,0.0001361070434692718,-0.0031176715595958786,-0.002310333027376573
5.5691382765531054,-0.005237424466556344,-0.0037662732999050783,6.7410830891412695e-6,-3.5216919550253337e-6,0.00010854030596539694,-8.7492348356823e-5,0.001320187720516155,-0.009184154620321105
5.607214428857715,-0.005630914027341506,-0.003500787049807648,-1.3430651341849944e-6,-8.657787156771472e-6,3.084512757683616e-6,-5.9587515313802274e-5,-0.008676700022978745,-0.008617820255451032
5.645290581162325,-0.005953177438717729,-0.0034444339184168758,-1.0225378294527522e-5,-1.9424907438695607e-6,-4.629704793050499e-5,-0.00016235648818434956,-0.0012534805736772788,-0.0016197547382529928
5.683366733466934,-0.006550270085715122,-0.003507274527410269,-5.901545030671585e-6,1.1431432107091275e-5,-0.00033958434265626944,0.00010095417747533043,-0.0016851326220855827,-0.014360844372566755
5.721442885771543,-0.007473143249100731,-0.003292449958424081,1.1414236357593858e-5,9.873424664573726e-6,0.00023023875753345563,0.0004343871798135015,-0.013242949372096444,-0.004800564853074999
5.759519038076152,-0.008271670747263203,-0.0025457740432880565,1.4231560813058435e-5,-9.34679592995898e-6,0.00037841031725314116,-0.0003118857889372075,0.0026524194633388543,-0.0036691883566390537
5.797595190380761,-0.008450581295036223,-0.0017203735968903573,-5.466479106451217e-6,-1.870890141131402e-5,-0.0002593664109794311,-0.0001808580639088025,-0.010271934486912711,-0.019406940605621474
5.83567134268537,-0.008487780632273397,-0.0016278780070610034,-2.270285050305085e-5,-1.064560195551828e-6,5.970978141483981e-5,-0.00010548306498164384,-0.014338972440208419,0.003516407804383148
5.8737474949899795,-0.00945502407456339,-0.0017147752646400785,-1.0011206657766105e-5,2.712625460927238e-5,-0.0007039107396390784,-7.226366072650848e-5,0.006212110337053418,-0.012497877136484526
5.911823647294589,-0.01098174886162432,-0.0007481940428984886,3.105032369479313e-5,1.9182870874803817e-5,0.00031390471596149375,0.0013360303040179213,-0.026786567813760487,-0.017890397309615932
5.949899799599198,-0.01154932036645134,0.001420239505658798,2.8453890561895597e-5,-3.11204261600499e-5,0.0014194986358628478,-0.0010119088227204648,-0.0051786908653398845,0.012943428350991774
5.987975951903807,-0.01035167363263559,0.002965376662259033,-2.707559810732578e-5,-3.93928956298933e-5,-0.0014578224854780956,-0.0008711697397977853,-0.00012868174076256564,-0.031162797023001287
6.026052104208416,-0.00954600132817577,0.0020402782525774307,-5.030703390319674e-5,1.7196885046473242e-5,0.0004326268685441138,0.0010102882383121118,-0.04507800009281948,0.0030785373787964566
6.064128256513025,-0.012155169537154268,0.00170557474805546,-9.861887827201018e-7,6.643320448370316e-5,-0.0010872840336605986,-0.0011150834963944368,0.01831152724603408,0.008451543842234528
6.102204408817634,-0.014490392030458907,0.005592014226667788,8.921530508468637e-5,1.8475775481192758e-5,-0.0001170358588672856,0.003951294223415478,-0.035533074241902225,-0.048433320656112507
6.140280561122244,-0.01173852580977607,0.010639267139054841,3.188663382580354e-5,-0.00010755912765270642,0.005409347481565173,-0.003749914699338181,-0.035289882578742916,0.04863535652709983
6.1783567134268536,-0.006059631653695857,0.009927015977374243,-0.00011749443285164118,-4.958975188126206e-5,-0.007292514037995297,-0.0029697745265031667,0.033485912999911355,-0.0370686863115554
6.216432865731463,-0.007046903410060885,0.0036989156778209934,-6.880148714370472e-5,0.00011667869673731847,0.0034074566372681767,0.007719274018561709,-0.10307979833319948,-0.010421420595241919
6.254509018036072,-0.016641564158075668,0.007573063341782373,9.182355998923892e-5,0.00011183513187841859,-0.0016788273394325363,-0.008012912156246846,0.04520101541015863,0.06695845392049267
6.292585170340681,-0.012472513528130088,0.02188682678607728,0.00019415021122396733,-9.08680013110566e-5,-0.0017918096262867543,0.013761832530282464,-0.03960284638151345,-0.10769493538745815
6.33066132264529,0.005768016337063527,0.02113333627209192,-0.0001261328105502315,-0.00025781237966119734,0.01746651082992106,-0.019377720008709638,-0.08860674725765623,0.1339266595948586
6.368737474949899,0.0073862383087523985,0.0019255944285762328,-0.0002942912367776008,0.0001557484226442982,-0.03389746331455798,0.0040146157299782905,0.11488560326917982,-0.06464379400692837
6.406813627254508,-0.015500093698303087,-0.0010036739192128986,0.0001808133683780538,0.0002949658827199907,0.03537395052984312,0.024141968019601154,-0.21697253196982758,-0.008466086105268488
6.444889779559118,-0.01606000596533007,0.03495589146426175,0.0002485877920026601,-0.00010351618848935893,-0.02942065211913429,-0.03782606887434295,0.16021449930980244,0.15483401590650983
6.482965931863727,0.03150136217514364,0.0314156281990559,5.613870495642932e-5,-0.00037812339127956963,0.020800958214736556,0.0533206459075246,-0.1082714012239482,-0.217529872696802
6.521042084168336,0.02820901729347925,-0.023621122200050686,-0.0005786268775245493,-2.741543419748189e-5,0.0017462157500893402,-0.0925669398090528,-0.07189578658768479,0.32530296493928834
6.559118236472945,-0.02912489873368609,-0.016649803806468133,7.112005182161052e-5,0.0006889072637343717,-0.052171522381724476,0.10765450691452921,0.1921695578222879,-0.2386884320698357
6.597194388777554,-0.02210976813483459,0.04399509275652484,0.000682651103746229,-0.00026546360894756974,0.12293757263212592,-0.07689682007417767,-0.3638253691007812,0.1573562939931518
6.635270541082164,0.06053950954772779,0.029422767322144407,-0.0002963914155889551,-0.0003578216820721581,-0.15948483584314904,0.054316874976142154,0.40305957796376657,0.06292714341507051
6.673346693386773,0.024125011685354688,-0.0688847584580204,-0.000330755953535406,-0.00020289209320232138,0.17021912467512562,-0.017562184110083746,-0.3559045651164003,-0.17907817577874482
6.7114228456913825,-0.08183579487182538,-0.011507815463327478,-0.00025503104233644443,0.0007774884827604343,-0.23689018492594793,-0.026289324480556583,0.276560551253516,0.39757247461934564
6.749498997995992,0.0018079292335942349,0.07395390949312201,0.0010618977589287645,7.991592280446523e-5,0.2351761271248489,0.05980419504333574,-0.1585111702097053,-0.38510572258533515
6.787575150300601,0.0690032439409038,-0.006690886176836596,-0.000566396504852535,-0.0010745765871598648,-0.2304421405130469,-0.1633899728712888,-0.004634719784675095,0.5114065452649701
6.82565130260521,-0.043358972920185576,-0.057566133152778455,-0.0001270645973159135,0.0006529038122372417,0.2072504403556218,0.028191591125639747,0.0001854080852044614,-0.4071547455278803
6.863727454909819,-0.060827352094596054,0.04375122657505849,-0.00029159545753526425,0.00016073362852349522,-0.09475509482609072,-0.06995052091911955,-0.12886723513787787,0.325501829260162
6.901803607214428,0.06280888986848462,0.022458919382804483,0.0007695229553616491,0.00041963729902245414,0.1360217831454851,-0.04916567160491247,-0.010536175962755643,-0.3389595169618205
6.939879759519037,0.01033546694943027,-0.011007439144779373,-0.0005285306206113315,-0.0015530747720232294,-0.016200009895973384,-0.016134578630320695,-0.10066590200955078,0.09343361389826668
6.9779559118236465,-0.013366820589499926,0.00306857049978136,8.250739695040798e-5,0.0013416175712884291,0.0007753934444828122,0.016813319925494185,0.10139041854109586,-0.022788580056211143
7.016032064128256,0.004602055677196941,0.02565940643447888,-0.00026051637714629686,-0.0004669177161509604,-0.0012937828299845787,-0.0044586658863465635,-0.01660214054884229,0.036495192796513615
7.054108216432865,0.011000109819564573,0.010806908007117064,0.0010575374393998584,-0.0005222485873459681,0.0019037434013162676,-0.0012422248280435757,0.04406899008392552,0.0026989985067713885
7.092184368737474,0.014766566198249342,0.013830695765852961,-0.000707552192995678,0.0016533285170842174,-0.007625042259332424,-0.00530345586532137,0.029215358688233408,-0.03752073430894011
7.130260521042084,-0.007477311694831663,-0.013332980557679142,-0.0007015006237292259,0.000564376212338205,-0.005911812807292193,-0.028705188919837824,-0.059430683065363164,0.09687605585818723
7.168336673346693,0.009048003414441468,0.0009608008670471688,0.001708980884890196,-0.00038573471428492834,0.0008520654297789293,-6.559219188644017e-6,0.02389858286045671,0.005717227169116479
7.206412825651302,0.011652606781661053,0.0026722574766355365,0.0017899478549855633,-0.0006177840229078079,-0.0007009749009795545,2.258104846603878e-5,0.02968935709132914,0.003321142429204496
7.244488977955911,0.003098060943859609,-0.012548516874182928,0.000128629645890081,-0.0012464578426128919,0.0002647441201753693,-0.0012114192843693636,-0.10904969750155367,-0.08371712888958623
7.2825651302605205,-0.0040191624311134485,0.008383291157556101,-0.001081323098653976,0.0017862145255706828,-0.0021700641275169364,0.001396601865596135,0.0006066349385233738,0.008260847420412594
7.32064128256513,0.006909694407618674,0.0002751161254749678,0.001085290118210583,-0.0020475879383029445,-0.0008191027779187683,8.357069820847277e-5,-0.00298923084205671,0.025170984047241312
7.358717434869739,-0.022157637306337408,0.026052234511224587,-0.0017983541780983302,0.0002551401525560611,0.04847312971274763,-0.03061085593268455,-0.27768235643289524,-0.009533490016977253
7.396793587174348,0.026508958826143642,-0.04263268434375847,0.0007623543460528726,-0.0015450796732676053,-0.07640101251196905,0.058063027184513276,0.1648901718812667,0.07681853592295258
7.434869739478957,-0.05513782476620488,0.0690104021785362,0.002267875879045581,0.002374224257840312,0.13117781373188664,-0.29194518876958503,-0.10528741000496752,-0.03797898341151757
7.472945891783566,0.06414399524836192,-0.012929334747014335,-0.0025793392415314432,0.0002793586894852206,-0.03284438342547747,0.36336213539077344,0.09216172799499936,0.034213650416528886
7.511022044088175,-0.01443992945193075,-0.03601232296334221,0.002958983721670532,-0.0005208507867340234,0.1256419637766904,-0.4736788287641271,-0.042054146433199005,-0.061901648123183044
7.549098196392785,-0.04707723031894401,0.0022809470459339495,-0.003336242701215005,0.0006384421266145504,-0.1690566672565535,0.5522466038793663,0.029669292448341957,0.06473461759072625
7.587174348697395,0.012204917879914078,0.06836762335962086,0.0036297768189826594,0.0001296469467861798,0.35540857979710316,-0.48840248065222047,0.026761195611482023,-0.0658582446255787
7.625250501002004,0.06320194364689351,-0.04885043969857579,-0.004447844449161021,-0.0005809686210084469,-0.5800569971392665,0.44680300687176266,-0.039559043351341985,0.043945706561825434
7.663326653306613,-0.06489542347491226,-0.034441059132082084,0.0041410527639933435,0.0009054545572959023,0.688797761318277,-0.24064226964394003,0.06834650455663774,-0.007939638515475935
7.701402805611222,-0.016318911827458083,0.05317400974039379,-0.003582079006558764,-0.0024507470230159547,-0.8119306925838278,-0.11106911236868743,-0.05257520945954125,-0.026888871768421054
7.739478957915831,0.039109711786771834,0.017245087768236585,0.003185651605051747,0.0040841860924918415,0.7894848077222903,0.40769725344292607,0.028428170493314753,0.051656045911240504
7.77755511022044,0.029186302804958958,-0.03681292686002752,-0.001578580431299346,-0.005516765408688867,-0.4941684167629569,-0.7434310710846941,0.01063139280986784,-0.06397613819603648
7.8156312625250495,-0.06290511152128342,-0.024290530378251657,-0.0006323203491796041,0.006945777832507268,0.12295548149021875,1.0376225254099647,-0.03523428141968793,0.03865916408307359
7.853707414829659,-0.015282571491111877,0.08259291474063166,0.0024650370815776906,-0.006267605725523555,0.325078000574352,-1.015116669767297,0.07251725507412547,-0.005583094483886775
7.891783567134268,0.07225467451331552,-0.007574362778131573,-0.005036944648509753,0.003930875920603671,-0.90176843673586,0.7436069645522644,-0.051471784418615926,-0.028281901846893366
7.929859719438877,-0.02493628071227256,-0.06523145197217287,0.007806565034916783,-0.001993889892167146,1.2902996257413069,-0.32835909760272025,0.007003399018027528,0.0646382354049043
7.967935871743486,-0.05508260228405356,0.017533600076747743,-0.009458942097539714,-0.000633487005656713,-1.3330800576297963,-0.37170683679416006,0.02202400562195507,-0.07188792293589027
8.006012024048095,0.017824587524480733,0.07624719500400413,0.010096454426745772,0.005526911133295696,1.1557267887714546,1.2345126852644033,-0.05246163448831611,0.015966345786293693
8.044088176352705,0.10394125794411267,-0.017706495313753106,-0.007732385847058166,-0.009930403854650159,-0.6119670063235716,-1.8824469138811974,0.08882029801450761,0.030276304615167747
8.082164328657315,-0.06109967541504605,-0.12265819550394966,0.000984307008182087,0.012626505269230218,-0.48870215371229975,2.197163066457522,-0.051423772870954794,-0.04495903060604696
8.120240480961924,-0.15218088681373354,0.09881791803684825,0.006336814349643233,-0.01553654902409834,1.8189918378986374,-2.148797108079804,-0.05437285234713387,0.10363494012784803
8.158316633266534,0.155512115423836,0.1410488463603834,-0.012870771405219635,0.019919059146422058,-3.293818279221879,1.427654451136858,0.05634087302155148,-0.110677900046739
8.196392785571142,0.15194506342928152,-0.30644613702907897,0.023937090079428125,-0.024527887273441545,5.447449918037732,-0.07408253907408889,-0.11217003601768714,-0.012419923520364473
8.234468937875752,-0.5421957780274365,-0.10707876385178836,-0.03823399181182873,0.0229378406627705,-7.649270145054101,-1.1394329949538147,0.31609064150034805,0.17632382188587437
8.27254509018036,-0.05014258332751499,0.7494658470849807,0.06477417506099228,-0.009965274788054812,10.314833751071886,3.987963495576591,-0.1455663583765246,0.09744572305952837
8.31062124248497,0.5344214933340403,-1.1235584128801763,-0.11289990790256862,0.06618465614407158,-21.136698370147894,-0.388346417570668,0.8793358093183757,0.8122677558102547
8.348697394789578,-0.5887340497972424,1.2127163381716524,0.0042586545671693815,-0.08599040051331995,10.9607466953198,-8.768066166506706,-0.16632905507370352,-0.2130611326095283
8.386773547094188,1.023313307176881,0.1855036312599723,0.0170966952229123,0.043973583275880176,-6.195363095924804,6.007658986396347,0.13217138135466006,-0.012104488865560408
8.424849699398797,-0.18598836185393233,-0.31352573935049494,-0.0058464724082542404,-0.019738404698347516,2.8749925695135454,-3.1411295078611876,-0.20294912454300623,-0.09502731729405786
8.462925851703407,-0.12072720477760138,0.1285857515063365,-0.0044117821417548105,0.010899564093684826,-1.738898291360857,0.8308395230239424,-0.012483617886494453,0.023557832093703542
8.501002004008015,0.1044657724675891,0.07333888640960731,0.006345661201001678,-0.005171204591545312,1.1659199771964608,0.11656472044425631,0.0009175747323523498,-0.037359591281261845
8.539078156312625,0.06680852359604471,-0.08315601353797057,-0.004142951148967049,0.0025027242929434763,-0.6945706051366412,-0.3759066961430252,-0.013559568441161409,0.02814534018841671
8.577154308617235,-0.034981905748690756,-0.035879644249309305,0.0017239008747757223,-0.0009115886008111381,0.24665777693998636,0.3553935112619432,0.007664838521826999,0.01675764734027521
8.615230460921843,-0.01237873521269703,0.025667998963580928,-0.0008642412822549639,-0.00027943347395154884,0.028401558659171183,-0.26156320069850314,-0.01244396039176559,0.003695502005611216
8.653306613226453,0.03007416146525519,0.017222899653813347,0.00023891593149624589,0.0011158847163474435,-0.14044224972417857,0.15028526784095908,-0.0004274871265506538,0.011015973403454032
8.691382765531062,0.022560452865169865,-0.020169149939194015,0.0002482382837267864,-0.0011758953708733396,0.14782125814796832,-0.048847760746166834,0.006703090366531292,0.003652903131879687
8.729458917835672,-0.004141739332264324,-0.012366709472732522,-0.0003716431476805643,0.0006166477165447926,-0.10069182561139976,-0.027365856513362617,0.001255542840671555,0.008523479208671761
8.76753507014028,-0.000506032058941148,0.005913784703952597,0.00020236555709327803,-0.00018096921646567135,0.04113830026297629,0.05524413677771033,0.0045746363695738385,0.008705811915058254
8.80561122244489,0.011862316126330989,0.006523897828998569,-8.841481459271884e-5,-1.8843244833229546e-5,0.004267826452581088,-0.04926990277417602,0.004118090506900851,0.003931453802426424
8.843687374749498,0.014251976703833508,-0.0040035118754923535,5.6498353621143476e-5,0.0001818398096016394,-0.028822939335556495,0.0319363502313072,0.004827631457876312,0.005462236597080482
8.881763527054108,0.00438750303106188,-0.006312863911578716,-9.450413374496179e-6,-0.0002636984675328639,0.03216514528044871,-0.011589526616904738,0.006953011906965219,0.005090151195230328
8.919839679358716,0.003200089440204624,0.0009478933104840053,-4.978219607126321e-5,0.00016924848330453855,-0.02177714987533634,-0.006727254145107216,0.005636595364161088,0.004208334120402701
8.957915831663327,0.007782332805693568,0.002593818128969015,4.3969195124899134e-5,-5.1723339305827175e-5,0.008221701197099045,0.014743869607414813,0.005965321734898148,0.004209190331125028
8.995991983967935,0.009897996785634019,-0.0005417392200819075,-1.0785791142844642e-5,-1.300038095057136e-5,0.002518045767316667,-0.013608330234805234,0.00691021840897841,0.0030816110280660614
9.034068136272545,0.007406813296584086,-0.0030012980933835894,6.058568927188098e-6,4.7667823394322894e-5,-0.008360249939641528,0.007966686849440132,0.006748589394526135,0.0029540636089627026
9.072144288577153,0.0052614833846239325,-0.0010336870970481685,-3.3344000148822797e-6,-6.570311717472765e-5,0.008982275443225069,-0.0017601565161906613,0.00701879577461234,0.0029838837330609415
9.110220440881763,0.006743033858664347,0.0005472894743203414,-9.933660903932889e-6,5.107245305806989e-5,-0.005907309184498633,-0.0027878366528584207,0.007078156689213887,0.002207261933412419
9.148296593186371,0.008088676993624606,-0.00033906661636211994,1.2631741813892043e-5,-1.827717957079071e-5,0.0017225936230992067,0.004756657574447184,0.007079448524567724,0.0018879348397248539
9.186372745490981,0.007715749838363428,-0.001710186781189937,-2.492239795217082e-6,-6.26167746225632e-6,0.0015870616532556792,-0.004209731359990515,0.007430267603880892,0.001669529237706571
9.22444889779559,0.006536395582006717,-0.0016467408281436256,-7.831989094940266e-7,1.6292135467321184e-5,-0.0029555357826550966,0.0020773368631082415,0.007411965672059126,0.0012871664154532046
9.2625250501002,0.006604972532662325,-0.0008341427702485537,9.580472354565553e-7,-1.8839816283605004e-5,0.002784430074185153,0.00011420780238244937,0.007357487342802501,0.0010497491619145185
9.30060120240481,0.007314435064051454,-0.0009047202121827465,-4.009166443362598e-6,1.6517068831764044e-5,-0.0017219135939967555,-0.0014468197796419925,0.007511604934040319,0.0006933360002212295
9.338677354709418,0.007446773185557494,-0.0015786639833267285,5.184269252344458e-6,-6.827383870281368e-6,0.00027141817240004806,0.0017955074323952286,0.007533303782865396,0.0003687976717017328
9.376753507014028,0.007004135422809981,-0.0019354498239680606,-1.9760877751018064e-6,-2.6962199062257543e-6,0.0008793185092062203,-0.0013235617532797114,0.007550014419276567,0.00017890581794741638
9.414829659318636,0.006750287136596475,-0.001736653575832127,-8.226106708650975e-7,6.314285261037584e-6,-0.0012499032880179258,0.0004632562867869044,0.0075796929036817,-0.0001204566267286828
9.452905811623246,0.006978724065145434,-0.001663200510821884,1.5042440011642268e-6,-6.302917234326777e-6,0.00100124341211389,0.0003460937783465336,0.00755437390824107,-0.0004165291909109689
9.490981963927855,0.007165273779325208,-0.001962448907442791,-2.293383504568243e-6,5.484741999749158e-6,-0.000472503307855263,-0.0008235532731295268,0.007582958598031527,-0.0006480388179647948
9.529058116232465,0.0070367874584483315,-0.0023128578921250563,2.8984872276754527e-6,-2.628145163753062e-6,-8.462409944246515e-5,0.0008487113121510017,0.00759135744354976,-0.0009048921665043775
9.567134268537073,0.006832748577612366,-0.002395669016217733,-2.2047081758707066e-6,-1.2217999086151894e-6,0.0004963113342672266,-0.0005037939670548435,0.00755008531442549,-0.0011498844185751594
9.605210420841683,0.006834493913347264,-0.002403561125663202,2.0565111126858186e-7,3.0639786478507183e-6,-0.0006445584264428975,2.6995111720117835e-5,0.00753933478756623,-0.0013892802516443255
9.643286573146291,0.006933623937965635,-0.002552616364985534,1.4726436236225216e-6,-2.8136425045517683e-6,0.0005101878796824535,0.0004087858869822045,0.00753001842293108,-0.0016358365130353407
9.681362725450901,0.006917186123207367,-0.0028355362617812955,-2.105439476257331e-6,2.15851892653833e-6,-0.00022915010428403306,-0.0006795355887245327,0.0074913222029441,-0.0018622394859326014
9.71943887775551,0.006759437556247612,-0.002985474944116863,2.451512778968286e-6,-1.6698155134893622e-6,-4.0902143657384175e-5,0.0006410628933186094,0.007452214401357485,-0.002080553609292497
9.75751503006012,0.0067312774948456305,-0.0030709449526946757,-3.0776191698203094e-6,4.6132050674673343e-7,0.00037728254235956454,-0.0004118029523393035,0.007426416651105128,-0.00232991152912793
9.79559118236473,0.006740517166736014,-0.003228811028425118,2.630472952807996e-6,1.9518535496515037e-6,-0.0009070982668629417,3.454920364848911e-5,0.0073885266145318545,-0.0025703419018904723
9.833667334669338,0.006669167960274741,-0.0034508282418224405,-5.202016799158041e-6,-5.87315376576424e-6,0.001333923128627364,-0.000860503734458879,0.007416281688483358,-0.002843161983021125
9.871743486973948,0.006615647478274732,-0.0035698525820868896,5.303529367341205e-6,7.030400667150733e-7,-0.0008213092914494171,0.0008495437224570813,0.007296343239700036,-0.003127444245236274
9.909819639278556,0.0065850724094594654,-0.0037471068825754277,-3.0901201472197637e-6,-1.7232036499943399e-6,0.0004851661938245979,-0.0002264517156779106,0.007282807965172176,-0.0032178642621970566
9.947895791583166,0.006503439675078942,-0.0039058094624981336,3.218256627666243e-6,3.6389048336505766e-7,-0.0004570350844293543,7.43378615433626e-5,0.007192920327646837,-0.003414577980358447
9.985971943887774,0.006485049197369363,-0.004047395002717963,-5.274829342112573e-7,-2.6321298326628096e-7,0.00011240585350896258,-7.496470759819196e-5,0.0071209344065157705,-0.0036053370398937347
10.024048096192384,0.006423303212518987,-0.0042233527548822805,-2.9344196073705893e-9,3.4514939042131117e-7,-4.940227207286089e-5,-1.1382378550564778e-5,0.007053131782083246,-0.0038155783670486276
10.062124248496993,0.006354030948782041,-0.004385492849577837,5.963409517408289e-8,-7.993196282726277e-8,1.5249370232825183e-5,2.3021967759631033e-5,0.006986325426909106,-0.0040186317053988166
10.100200400801603,0.006290051364208315,-0.004540764163078895,2.3288840614016175e-8,6.189123741714253e-9,2.5097930350447853e-7,-1.4847533556659834e-5,0.006916085859475444,-0.004222607888692498
10.138276553106211,0.006229704701301604,-0.004702825976011228,1.035861350711714e-8,-2.7032250300254006e-8,-4.056258800991845e-6,6.35763059911381e-6,0.00684278039267695,-0.004423374463888668
10.176352705410821,0.006162207808557876,-0.004869130922537884,-4.3549396993616084e-8,-6.214849898328108e-9,3.7125480692010346e-6,-1.6336665853452849e-6,0.006766793243757754,-0.004624134310221707
10.21442885771543,0.006089740200567814,-0.005033351932070781,1.1556671880912587e-8,2.667176685403343e-8,-2.1422544162185002e-6,-8.715178908179748e-7,0.006686616811856272,-0.004822522782013283
10.25250501002004,0.006015635314352111,-0.005196413724319069,7.330296607757795e-9,-2.4243398746125448e-9,3.5922333731559886e-7,1.4366592303594135e-6,0.006604722981491449,-0.0050197609661888735
10.29058116232465,0.005940071724243209,-0.005360076724950092,2.4258113995518327e-9,-7.647016031749995e-9,4.796686899479392e-7,-7.45651327205833e-7,0.006518829303717528,-0.005216755278226608
10.328657314629258,0.005861962016890387,-0.005525172971147325,-2.0906165436136873e-9,-6.517757588913738e-10,-4.3586450583082934e-7,1.2708243849882998e-7,0.0064299914184608115,-0.005411746660662408
10.366733466933868,0.005780420231917115,-0.005690988046731758,-4.4803608336769524e-9,-7.880587112192312e-10,2.5650356729766085e-7,5.976302765575406e-8,0.006338712038944576,-0.005606552868823395
10.404809619238476,0.00569588585675123,-0.00585685605220911,1.464376723060039e-9,4.153171976135844e-9,-1.1738984954792907e-7,-1.277937500472391e-7,0.0062436180038503855,-0.005800650059474041
10.442885771543086,0.00560879804695204,-0.0060231180325500755,1.418272005491943e-9,-4.847813487241774e-10,-3.707664748596356e-8,1.1425431048631229e-7,0.0061458820287531345,-0.005993688078820725
10.480961923847694,0.005518990458916857,-0.0061900503059848936,7.730651063701097e-10,-1.3587652222654538e-9,8.915534771317741e-8,-1.607891106516699e-8,0.006045108580140621,-0.00618674624871104
10.519038076152304,0.0054262964602525155,-0.0063577654376925355,-9.324190357090604e-10,-1.9627477876034666e-10,-3.925654989984563e-8,-3.033470623294572e-8,0.005940864313531014,-0.006379179000095845
10.557114228456912,0.00533051524734235,-0.006526200244530623,-4.507156572865633e-10,-1.3640536655335252e-11,7.578353262395425e-9,1.8744527847791546e-8,0.005833795332113209,-0.006571275687972106
10.595190380761522,0.005231692745785699,-0.006695286589234102,5.683883648298013e-11,7.633305154315585e-10,-2.7784806319080697e-9,-1.357862256992958e-8,0.005723388022008573,-0.0067634564640130165
10.63326653306613,0.005129839286826316,-0.006865156249343219,3.568839066734862e-10,-1.1588912357602104e-10,-8.057376764844074e-9,8.390265996912935e-9,0.005609644594566616,-0.006955379982881263
10.67134268537074,0.0050248454471434525,-0.007035904486787946,1.486731026156385e-10,-1.8906655108682716e-10,8.915143735847118e-9,5.360798916874661e-9,0.005492743738729558,-0.007147434227068423
10.709418837675349,0.004916623371810957,-0.007207599367921877,-2.0854917830451077e-10,-1.2535700238182702e-10,1.7329943782445936e-10,-7.624135309386016e-9,0.005372332567124084,-0.007339728491096297
10.747494989979959,0.00480505949185807,-0.007380299220213552,-5.879270137942601e-11,4.69024035658161e-11,-2.015951721595265e-9,1.7377123548520505e-9,0.005248483625653469,-0.007532203480128572
10.785571142284569,0.0046900827060622425,-0.007554049907950561,-2.4252137097530985e-11,1.149830559046078e-10,1.962702386071228e-10,-7.116243372185379e-10,0.005121133917475741,-0.00772515063089363
10.823647294589177,0.0045716084485437946,-0.0077289491039077675,8.894730297961425e-11,-7.812900807304621e-12,-9.400370089525225e-10,6.273260422902947e-10,0.004990078596559756,-0.007918610687588005
10.861723446893787,0.004449518772493255,-0.007905084979074472,1.8929780537839586e-11,-2.924517478069764e-11,5.876290851975972e-10,9.86327958225677e-10,0.004855318743786094,-0.008112674138089871
10.899799599198396,0.0043236979548626755,-0.008082544806255799,-2.7553887452331058e-11,-3.6406729372630525e-11,7.943129762887484e-10,-7.768418915425976e-10,0.004716707220471076,-0.008307535806213923
10.937875751503006,0.004194015371281555,-0.008261422764103209,-1.4941730946592243e-11,1.656235354624566e-11,-5.393530051048217e-10,-1.3542243759221992e-10,0.004574100081279602,-0.008503265640778537
10.975951903807614,0.004060338487390838,-0.00844181174666349,-5.69339577157868e-12,1.3546307596779967e-11,-1.5227408554917434e-11,1.970181524236295e-11,0.004427411118714281,-0.008700007567279506
11.014028056112224,0.003922525074361925,-0.008623822032059424,1.6645183697322058e-11,4.385557294658167e-12,-9.895285391549719e-11,9.122628543668366e-11,0.00427646883826867,-0.008897913407487468
11.052104208416832,0.003780414193426301,-0.008807566474913214,1.6106573756311764e-12,-5.880410834794161e-12,3.328023703762567e-11,9.802807875977998e-11,0.004121124257053544,-0.00909709813532841
11.090180360721442,0.003633836445108654,-0.008993163305971111,-1.8485587620475504e-12,-6.263754682819514e-12,1.3237802602074817e-10,-2.4573029808209047e-11,0.003961223397378279,-0.009297721922888387
11.12825651302605,0.0034826069802490842,-0.009180739791966555,-4.129677087801988e-12,2.9979659980978454e-12,-5.83831188384904e-11,-7.87259583629508e-11,0.0037965734970314582,-0.009499936205541746
11.16633266533066,0.00332652737219603,-0.00937042881614148,-3.426940631538817e-13,1.1355302676057748e-12,-9.446752900278821e-12,1.335465464827786e-11,0.0036269871815561225,-0.009703893530968542
11.204408817635269,0.0031653840191759645,-0.009562374535418892,2.238215783217405e-12,1.4795090103359207e-12,-1.6295196831746805e-11,1.4570171810551548e-11,0.003452255518269072,-0.00990976826831024
11.242484969939879,0.002998943581438137,-0.009756729457457943,-5.028859324169429e-14,-1.3418907687571717e-12,8.977498234531898e-12,4.5825293570040855e-12,0.0032721481794741455,-0.01011773416675512
11.280561122244489,0.0028269550593260978,-0.00995365560995057,7.281017081087736e-14,-6.58821464591881e-13,1.2477790661203276e-11,4.6849074705835795e-12,0.0030864231093736838,-0.010327977026163298
11.318637274549097,0.002649145547038945,-0.010153326724316823,-7.295745108913105e-13,6.769090165073376e-13,-7.168004752682283e-12,-1.3451869558901775e-11,0.002894813946671103,-0.010540696190467285
11.356713426853707,0.0024652194574589117,-0.010355927213118284,1.698631069788994e-13,-2.278792827828105e-13,1.7403655050083795e-12,4.711201247191153e-12,0.002697032887752175,-0.010756099959404082
11.394789579158315,0.0022748558712182027,-0.010561655463421412,3.2494944821522594e-13,2.971945240079668e-14,-5.797883822392621e-13,2.7591964427017808e-12,0.00249276918956521,-0.010974411683548548
11.432865731462925,0.0020777052526272047,-0.010770722845633275,-1.5344734064185075e-13,1.8432208265258536e-13,-2.0412319385293844e-12,-2.138759588439579e-12,0.002281684250358202,-0.011195869409767877
11.470941883767534,0.0018733873932359473,-0.010983356433149717,1.580426851346823e-14,-1.01710724433451e-13,1.3625001550672192e-12,5.497123059630069e-13,0.0020634108344969354,-0.011420727005705381
11.509018036072144,0.0016614874378337683,-0.011199799267586793,-3.44373352332629e-15,-1.5810207978670805e-14,1.1075231823629081e-13,-1.2448444390921842e-14,0.0018375494275651462,-0.011649256891393152
11.547094188376752,0.0014415524149652365,-0.011420312645732933,-1.2938578273571147e-14,1.4100100884360549e-14,-8.347769021831579e-14,-1.712130934317976e-13,0.0016036646083898876,-0.011881751305048604
11.585170340681362,0.001213086675007366,-0.011645177335203028,4.204021734694878e-15,2.467063076110418e-15,-4.3247979203541755e-14,2.560691699061445e-14,0.0013612814934965993,-0.012118524626201919
11.62324649298597,0.0009755470396596899,-0.011874695543313392,1.9025282490209156e-15,-6.631990687932549e-16,-3.1195367917541774e-15,2.3996063414731284e-14,0.0011098810984606225,-0.012359915839878935
11.66132264529058,0.0007283371125561403,-0.012109192893287178,-2.2009239052193444e-16,-7.741458001476276e-16,9.443516839330735e-15,1.5104705897776495e-15,0.0008488953207476779,-0.012606291133544114
11.699398797595189,0.0004708008036113171,-0.012349020663863255,-2.098659842817993e-16,-2.1679353678614964e-17,1.0943668267240467e-15,-2.1431725507831425e-15,0.0005777011679522225,-0.012858046975381357
11.737474949899799,0.00020221486974114254,-0.012594558258840602,-3.503559218036787e-17,6.03255320419385e-17,-4.1744353409268e-16,-5.774243549059748e-16,0.0002956140988569514,-0.013115613518818238
11.775551102204409,-7.821967904933459e-5,-0.012846215945341338,1.2253690393364891e-17,1.2263243141409691e-17,-1.6946528760106406e-16,4.6546866676854173e-17,1.880399719558945e-6,-0.013379458462245267
11.813627254509017,-0.0003713875207394309,-0.01310443788863283,3.5287002976949685e-18,-1.2533547757058607e-18,-7.530669403699409e-18,3.895960446118589e-17,-0.00030433162173852196,-0.013650091429978042
11.851703406813627,-0.0006782705563705083,-0.013369705516729674,4.306998832969793e-20,-8.877077435398152e-19,7.678611113187394e-18,4.9733621927791696e-18,-0.0006239418249317233,-0.013928068948385698
11.889779559118235,-0.0009999613420037573,-0.013642541247582542,-2.387374697911264e-19,-9.847632473010824e-20,2.129431493944692e-18,-1.5458204550415445e-18,-0.0009579700666083621,-0.014214000119055811
11.927855711422845,-0.0013376787867942536,-0.013923512616088842,-1.0502732713270158e-19,1.3579074099440514e-19,-6.160458138975582e-19,-1.5833560324824012e-18,-0.001307549988201098,-0.01450855310396312
11.965931863727453,-0.001692786570177741,-0.014213236837876937,2.3465843352347733e-19,2.52759288815478e-19,-3.1668590321619035e-18,5.20148795706532e-19,-0.001673945144802182,-0.014812462560475676
12.004008016032063,-0.0020668148368056336,-0.014512385844906025,1.2240935465319256e-18,-5.837749266950074e-19,-2.513152050503133e-18,1.2484226653157276e-17,-0.002058567949981968,-0.015126538189800792
12.042084168336672,-0.0024614858615169743,-0.014821691825651765,-3.277500598467973e-19,-6.5786355879180165e-18,5.124482236336792e-17,3.389366550043667e-17,-0.0024630020227730536,-0.015451674596693209
12.080160320641282,-0.0028787445473132237,-0.015141953293104842,-2.8102221078403306e-17,-9.45346552105039e-18,2.2028069950353507e-16,-1.4415161733888745e-16,-0.0028890286666218637,-0.01578886269537748
12.11823647294589,-0.003320794838189479,-0.01547404168993866,-7.417965212374814e-17,8.677963489055566e-17,-1.598673406708745e-16,-1.0021096048810689e-15,-0.003338658393457492,-0.016139202948189876
12.1563126252505,-0.003790143411371728,-0.015818908513129212,1.8285577484135164e-16,3.4493610902857523e-16,-3.291724543215785e-15,-7.188782934477969e-16,-0.0038141686438552735,-0.01650392077950968
12.194388777555108,-0.004289652380960342,-0.016177592900160048,1.1598415202884747e-15,-1.5691781041482184e-16,-5.6078455248979425e-15,7.850346745528609e-15,-0.004318149165073565,-0.0168843845784517
12.232464929859718,-0.004822603227380296,-0.016551229551314696,7.107417169485607e-16,-3.064056888404066e-15,1.372645401310753e-14,2.2410345543771756e-14,-0.004853556891258958,-0.017282126800698537
12.270541082164328,-0.005392774802111917,-0.0169410567592445,-6.56651345816265e-15,-4.3379501058220146e-15,6.265352952088946e-14,-1.2673226387529787e-14,-0.005423782778188196,-0.01769886880809313
12.308617234468937,-0.006004539104642282,-0.017348424157853273,-1.4550133654428225e-14,1.0871945366538632e-14,2.749614080683122e-14,-1.390155716806949e-13,-0.006032733629567549,-0.018136550042209067
12.346693386773547,-0.006662979664798142,-0.01777479954989605,1.1194110556471334e-14,3.789953568342609e-14,-2.610333209523474e-13,-1.6998350741682313e-13,-0.006684932852656423,-0.018597362844923145
12.384769539078155,-0.007374038902115347,-0.018221773793557355,8.242749235923176e-14,4.825164390433962e-15,-4.985375142603737e-13,3.7941593113358376e-13,-0.007385646379638818,-0.01908379355788813
12.422845691382765,-0.008144702942774045,-0.01869106212887227,6.370196613754104e-14,-1.5091694343727441e-13,3.0348229660677447e-13,1.1614035902242015e-12,-0.008141038707301679,-0.019598670640756224
12.460921843687373,-0.008983235279386064,-0.019184499401665202,-2.30851191725972e-13,-2.1408444306814334e-13,2.3215579628219866e-12,2.573751610683417e-13,-0.00895837116648896,-0.020145225574756172
12.498997995991983,-0.009899474723973461,-0.01970402519723578,-5.223864277900752e-13,2.751706447975949e-13,1.7946909772337197e-12,-3.7780377345442816e-12,-0.00984625787565719,-0.020727158924798417
12.537074148296592,-0.010905218854061847,-0.02025165259572023,1.566968005251859e-13,1.0586094499088392e-12,-4.921530120364978e-12,-5.423940666658486e-12,-0.010814980383016492,-0.02134872384016561
12.575150300601202,-0.012014722323034747,-0.02082941061397216,1.876273448977482e-12,3.711826728704794e-13,-1.2180941047843744e-11,4.941690482389472e-12,-0.011876922812008129,-0.02201483878800982
12.61322645290581,-0.013245351332004902,-0.021439244518263165,1.6873162786380704e-12,-2.9081956862976764e-12,1.1791288360358037e-12,2.180461576363218e-11,-0.01304712830802372,-0.022731170974952676
12.65130260521042,-0.014618452944537582,-0.022082848455157764,-3.774686759754792e-12,-4.382930195294926e-12,3.437514995112752e-11,1.1919315990366159e-11,-0.014343989044010009,-0.023504317946612074
12.689378757515028,-0.01616052384403232,-0.022761388889308502,-9.242127599045954e-12,3.662308810179111e-12,3.8739190162176925e-11,-4.8793117601412834e-11,-0.015790355019518688,-0.02434198030205019
12.727454909819638,-0.017904802441641065,-0.02347504993725754,9.339378419831807e-13,1.6835291483488033e-11,-5.3511070727544267e-11,-8.332907814639203e-11,-0.017414775359545387,-0.025252978542946225
12.765531062124248,-0.019893467940042025,-0.024222284556749765,2.732390528408468e-11,7.65863575781703e-12,-1.585654234872378e-10,2.9807694596546636e-11,-0.019253333272382222,-0.026247807311882063
12.803607214428856,-0.022180723754820768,-0.02499857257463275,2.6908703839651163e-11,-3.990332894183764e-11,-3.7042534346690734e-11,2.688458151984663e-10,-0.02135286106305272,-0.027338462049404686
12.841683366733466,-0.02483719015577859,-0.025794334680737427,-4.990864528953001e-11,-6.355953972191059e-11,3.8057380505001217e-10,1.8715446025548555e-10,-0.023773704547124016,-0.02853827090389578
12.879759519038075,-0.0279562666223933,-0.026591370654270884,-1.2867756559019303e-10,4.6787103557929907e-11,5.114345994160095e-10,-4.5481603221663594e-10,-0.026596473787372663,-0.02986354054219345
12.917835671342685,-0.03166350743545831,-0.027356646538396114,1.173777960463244e-11,2.346810225296605e-10,-4.683469920863752e-10,-1.1057542854534856e-9,-0.02993170072361736,-0.03132957546199195
12.955911823647293,-0.036130667328216896,-0.02803117160604372,3.9062470320767974e-10,9.857418566433424e-11,-1.9168419692663355e-9,2.0860958838688497e-10,-0.03392726982350735,-0.03295209298655228
12.993987975951903,-0.04159705000023705,-0.028509461024790586,3.642612008598201e-10,-6.114647216895091e-10,-7.535330062739321e-10,3.2387079254988764e-9,-0.03880167247246415,-0.034746160369284386
13.032064128256511,-0.048402218381206605,-0.028600193667049315,-8.880743985018996e-10,-9.175717448719758e-10,5.16796937587152e-9,2.749020075510451e-9,-0.0448684357129448,-0.036697931325736004
13.070140280561121,-0.05703567027282115,-0.027947563555159156,-2.056019979099699e-9,1.1422097195834783e-9,6.967558120336038e-9,-7.196960404058664e-9,-0.05258679632620237,-0.038781372665437325
13.10821643286573,-0.06820818902497618,-0.025866138402921433,1.2548900736018772e-9,4.387909620049877e-9,-9.464933119972508e-9,-1.6551669362119137e-8,-0.06273471034978768,-0.04085917516496314
13.14629258517034,-0.08293274504636028,-0.020974677245878072,9.119507799512892e-9,-7.980948797021758e-10,-3.544026079044993e-8,1.2690463397705825e-8,-0.07645459361044565,-0.042515803633675464
13.184368737474948,-0.10250486766432206,-0.010338620386714584,1.3321790293122467e-9,-1.9858927437600685e-8,1.272193296935369e-8,7.458688903243817e-8,-0.0958371504395701,-0.042926365446020055
13.222444889779558,-0.1277694022320438,0.012608414901805878,-4.686308166911316e-8,-5.4465315346397965e-9,1.7707202961898908e-7,-1.3325681614807126e-8,-0.12455200384633511,-0.03897418631432165
13.260521042084168,-0.15451790539430973,0.06272611179487339,-5.96188580442628e-9,1.2257542797207776e-7,-8.022718166896099e-8,-4.416981650388283e-7,-0.16741799755847062,-0.02315937780071603
13.298597194388776,-0.1506291696951496,0.1662944174768516,3.540112981696444e-7,-1.0347451327219511e-7,-1.0945944857251583e-6,5.687954617430064e-7,-0.23020859452019135,0.030652254253858723
13.336673346693386,0.0014896111377738614,0.2883361967759387,-9.202842437853245e-7,-5.44633144835799e-7,3.3267356864053225e-6,1.39393424153498e-6,-0.2587578713798693,0.17411532737591437
13.374749498997994,0.23841203713219247,0.12234444080263489,1.6487041862183413e-6,1.7899364717222341e-6,-8.75622936462834e-6,-5.2246877528880266e-6,-0.09662699764531962,0.3537989846587225
13.412825651302605,0.12842159837793135,-0.09964156415963427,-1.8513574216657063e-6,-1.949921203195678e-6,5.419639253686071e-6,4.459697158495208e-6,0.1230296231942941,0.24249480311540128
13.450901803607213,-0.03317437462963594,-0.09216706685838093,6.955366397091531e-7,1.1794228777256266e-6,-2.4538638687070715e-6,-2.921046007877785e-6,0.1338076700438533,0.0838982167456237
13.488977955911823,-0.07127860686007877,-0.005595162828728678,1.6176123677869282e-7,-4.746830724197328e-7,-1.5671090786358433e-7,1.2554036198504297e-6,0.06486204629905304,0.04708622176425274
13.527054108216431,-0.05012580010733396,0.03667968403185054,-1.984077266790692e-7,-9.787441637940735e-9,4.6788208280562306e-7,-2.9727045782239738e-8,0.047191618486653604,0.04404782641224295
13.565130260521041,-0.02781711099759304,0.04833860031606938,-4.2226116165774635e-10,8.924823086088533e-8,-3.067797598145312e-8,-2.232118895983183e-7,0.03882750089137088,0.0411396868276115
13.60320641282565,-0.012675803822519972,0.04864226846009066,4.488524292141408e-8,3.5570231857182606e-9,-9.866326526745173e-8,1.9743130687620392e-8,0.036687779803200496,0.03741553392075274
13.64128256513026,-0.0030985407921276437,0.04534658311058106,5.463534324905973e-9,-2.3857597063173542e-8,-3.619456787809782e-10,4.623945022632096e-8,0.03427526762895817,0.03261459987660724
13.67935871743487,0.0029315576694005203,0.0411879019548558,-1.2933295272853536e-8,-5.728689833773649e-9,2.5213642129543725e-8,6.826163285079782e-9,0.032396982829135966,0.02889769035914684
13.717434869739478,0.006760878790728437,0.03710197083696157,-5.0125054632946845e-9,6.8452829518647805e-9,6.592959837972534e-9,-1.355413445949344e-8,0.030848666766033418,0.025165005183617365
13.755511022044088,0.009209433221066153,0.03338171243024608,3.3632620840876003e-9,3.969710610667088e-9,-6.640328581883412e-9,-5.544466760825654e-9,0.029099059306013145,0.022109021632526878
13.793587174348696,0.010773657091486142,0.030088028796389582,2.8993206450872487e-9,-1.4336686551847853e-9,-4.197868784086153e-9,3.0685497982070716e-9,0.027744625890670272,0.019495057721410955
13.831663326653306,0.011759213603622434,0.027200292563364533,-4.244184269234684e-10,-1.955033241014454e-9,1.2321557372781294e-9,2.8633921249964554e-9,0.026344023011732904,0.01708917473788612
13.869739478957914,0.012358679917066894,0.0246729241761582,-1.221028813094353e-9,-3.624148170714912e-11,1.8124302247754097e-9,-3.625087660754078e-10,0.025075998365260106,0.015150432882078005
13.907815631262524,0.01269625940578064,0.02245665493245047,-1.8318221435137237e-10,7.017807272046242e-10,-2.0062923959841717e-11,-1.050341573369833e-9,0.023970081364864546,0.01333675919549629
13.945891783567133,0.012853837362845765,0.020506077763860694,3.7025349422696544e-10,1.7953594733375202e-10,-5.654044853617198e-10,-8.644175464896171e-11,0.022847804192179938,0.011779870487081857
13.983967935871743,0.012886478737797925,0.018781806159687307,1.226466338644643e-10,-1.8447786772346595e-10,-7.375841236999117e-11,2.976359467222443e-10,0.021897970290405303,0.010418935016189299
14.02204408817635,0.012831867199811975,0.017250567611243085,-9.28725710643555e-11,-6.545317459263699e-11,1.4809664270693835e-10,2.9410303977646077e-11,0.020969136845412274,0.00914124122278629
14.06012024048096,0.012716189451899644,0.01588456921840601,-2.913259186999433e-11,5.1283281801265984e-11,8.115708516366923e-12,-7.510391330294656e-11,0.02010309761561895,0.00805701316820357
14.09819639278557,0.012557883136328425,0.014660683578749039,2.8644718416913534e-11,1.1278424367139906e-11,-4.4649389791488304e-11,1.890319140666334e-12,0.01933547565410786,0.007038955229288911
14.13627254509018,0.012370075696585256,0.013559662693207516,-3.431454935297949e-13,-1.0794355169877096e-11,1.1536644090288248e-11,1.296606982795858e-11,0.018556088456774048,0.006112661099941734
14.17434869739479,0.012162199656847984,0.01256545006754617,-7.378690931816696e-13,1.7126421214477718e-11,-1.6852731376731624e-11,-1.4686279603679714e-11,0.017876934369406138,0.005299176204462682
14.212424849699397,0.011941081915158424,0.011664606320710036,3.9389935930377e-11,1.2741909394561787e-11,-3.9677592915170766e-11,2.489464478332396e-11,0.01721493232351625,0.0045122725524755734
14.250501002004007,0.01171168979956163,0.01084583809259909,6.301113516595275e-11,-4.9852308237011514e-11,-3.6035748598601425e-12,8.813624490075553e-11,0.016580265263635822,0.003819753153077288
14.288577154308616,0.011477648994117127,0.01009961699652049,-1.2601892074480939e-11,-1.5633499908549833e-10,1.3366886138200436e-10,9.812202281498808e-11,0.016007969378119234,0.003165178787939853
14.326653306613226,0.011241608386552072,0.0094178721130447,-2.7203725169742334e-10,-1.2153218830680053e-10,2.9595158197036666e-10,-1.202262113807124e-10,0.015431481802579833,0.002544253543307589
14.364729458917834,0.011005499628672016,0.008793742196060677,-4.009233382937779e-10,3.529055734780634e-10,1.428226210478443e-13,-6.169869118130994e-10,0.014894952772790042,0.0020029810733714045
14.402805611222444,0.010770724118615514,0.00822137618829301,2.9817091032432427e-10,8.500320646818214e-10,-9.57499747659812e-10,-3.3328775897539277e-10,0.014398325499993488,0.0014546704026518456
14.440881763527052,0.010538289051545614,0.0076957719611945785,1.444791797485783e-9,3.355684467138429e-11,-1.0395646496764319e-9,1.2246339038620223e-9,0.013878038841555985,0.000963905991993097
14.478957915831662,0.01030890709739623,0.007212646148188295,8.014285659985772e-10,-2.080766321702298e-9,1.2441788279105154e-9,2.1863713205284003e-9,0.013430185036006908,0.0005153615021157941
14.51703406813627,0.010083070487017093,0.006768328834059928,-2.5426892016438695e-9,-2.1530601149024748e-9,3.739475253202404e-9,-7.107539151315029e-10,0.012962816975578977,4.2222742849635906e-5
14.55511022044088,0.009861106196067244,0.006359678300277427,-4.170888463419775e-9,2.4969185744118114e-9,7.536172497332876e-10,-5.558846801041516e-9,0.012504202171329304,-0.000338612951987544
14.593186372745489,0.009643217684000588,0.0059840125075684815,1.4894553153032656e-9,6.794203187184935e-9,-7.274200624799474e-9,-3.4129972716406513e-9,0.012110148792226801,-0.0007523588376239779
14.631262525050099,0.009429516791693739,0.005639054027434493,9.746535141904063e-9,1.0209423777676852e-9,-7.338588328880992e-9,8.002848205580917e-9,0.011648328254416715,-0.001135541445984942
14.669338677354709,0.009220048336347285,0.005322886660874009,5.58642865680558e-9,-1.2443515829791992e-8,6.318944088496546e-9,1.2570746253528086e-8,0.0112664070761673,-0.001461937161150503
14.707414829659317,0.009014809732433281,0.005033921851972604,-1.3935381004442515e-8,-1.2643943081098561e-8,1.9062548074252964e-8,-5.042240636127705e-10,0.01086523631317203,-0.001847437493015804
14.745490981963927,0.008813766776370274,0.004770873806135815,-2.23193701549294e-8,1.2820442263500815e-8,1.1024118206732919e-8,-2.7070341439115882e-8,0.010434866955647366,-0.0021477505986599687
14.783567134268536,0.00861686715647008,0.004532742718163521,7.2986447317267645e-9,3.428718227154208e-8,-3.655490338240021e-8,-2.5673788400649526e-8,0.010095518436652712,-0.002463641136343095
14.821643286573146,0.008424052575957337,0.004318805451970739,4.730404355678815e-8,4.660999180278194e-9,-4.1555089989290194e-8,3.6532172491776034e-8,0.009661545169580983,-0.002802043583367238
14.859719438877754,0.008235270483613106,0.004128613986538263,2.538211392732663e-8,-5.902260629327738e-8,2.2515732788098375e-8,6.751993544473931e-8,0.009284545663695182,-0.003047327102073532
14.897795591182364,0.008050486510633116,0.003962001605429692,-6.583759563786864e-8,-5.6703580497722576e-8,1.0415535879531859e-7,1.9570884726312528e-10,0.008929341284516853,-0.003378018081259679
14.935871743486974,0.007869698447403501,0.0038190979522409237,-9.951767829246851e-8,6.199516929586228e-8,3.012609900784507e-8,-1.3113553279062165e-7,0.00847991012407843,-0.0036433157460143114
14.973947895791584,0.007692953335579867,0.0037003541945729614,4.006186715131162e-8,1.5351888399647305e-7,-1.3933366615723552e-7,-8.9143677673269e-8,0.008139343140980193,-0.0038860638658033487
15.012024048096192,0.0075203695922754785,0.0036065805214504226,2.1487493760293397e-7,9.076691483034498e-9,-1.7599258173665407e-7,1.3343346260251323e-7,0.007723675941168283,-0.004215352173353356
15.050100200400802,0.00735216682089278,0.003538998419410561,9.71666155439144e-8,-2.756375956199577e-7,9.946403229852111e-8,2.7384385695638504e-7,0.0072753341290722915,-0.004411784196579631
15.08817635270541,0.007188706823230729,0.0034993120535697217,-3.224351683262796e-7,-2.359751233059642e-7,3.460548293785104e-7,-1.8509197558965877e-8,0.006932197269728829,-0.004692930266555905
15.12625250501002,0.00703055146742758,0.0034898043072210255,-4.3677203429968246e-7,3.317772971399062e-7,1.6612049030514612e-7,-4.771980738347617e-7,0.00641855547622884,-0.004993470102078224
15.16432865731463,0.006878546201006393,0.0035134658650059426,2.693667191338367e-7,7.094406212325671e-7,-5.225266608470085e-7,-3.989346685548327e-7,0.005995663755997956,-0.005128326763414882
15.202404809619239,0.006733943238772301,0.0035741677357434306,1.054720252754466e-6,-8.617755258344668e-8,-7.329218337343024e-7,4.879627367454403e-7,0.005583577315427002,-0.005500614886582619
15.240480961923849,0.006598585740843621,0.003676890747850367,2.897020558503993e-7,-1.4615780713906654e-6,3.439337006848977e-7,1.1524535406768301e-6,0.0049223643539688285,-0.005680907863636827
15.278557114228457,0.0064751866048251925,0.0038280333648355383,-1.8951000871622846e-6,-9.548854790317787e-7,1.6031579091566992e-6,-3.500085087683006e-9,0.0045763329182332635,-0.005868013789234684
15.316633266533067,0.006367761789383496,0.004035820622546147,-2.0467518351009247e-6,2.279782859170473e-6,6.41082361414664e-7,-2.0858664174359173e-6,0.003861919590784796,-0.006303343587380653
15.354709418837675,0.006282310201536084,0.004310844650619723,2.4752054490047576e-6,3.7485768697514997e-6,-2.6039314140078126e-6,-1.5776533687075042e-6,0.0032092227535759875,-0.006266553532891524
15.392785571142285,0.006227912018645094,0.004666757451241251,6.330221492143866e-6,-2.2120458825423835e-6,-2.798343728381512e-6,2.915645641490772e-6,0.0027142844824460054,-0.006755665324132585
15.430861723446894,0.006218507191186571,0.005121099841532589,-1.0478704923638543e-6,-1.0191999500317944e-5,2.845776965850797e-6,4.550102664657649e-6,0.0015751394114841147,-0.006908121784423113
15.468937875751504,0.006275839224957692,0.005696149069870421,-1.5913561106593936e-5,-1.8602366386733494e-6,6.930990780073093e-6,-2.6216715633507658e-6,0.001057721176875736,-0.006971542118270105
15.507014028056112,0.006434246774601567,0.006419282531871833,-8.062430363599714e-6,2.4621283793185953e-5,-2.2858423494290497e-6,-9.423193152020277e-6,-0.00021954112409901494,-0.007597841671817709
15.545090180360722,0.0067482895878399896,0.007321568942284746,3.835955822566223e-5,2.0344903325651812e-5,-1.1488550076306474e-5,1.2147933527892679e-6,-0.0014692533433930946,-0.007297688541290774
15.58316633266533,0.007303160873488006,0.008430594815824312,4.459689479383258e-5,-6.171438936920392e-5,2.9574133734855046e-7,1.5053942701433564e-5,-0.0026255564371416304,-0.007888964320811634
15.62124248496994,0.008220684533509874,0.009750211885476995,-0.0001072891199729369,-9.237052132455056e-5,1.5651851290531557e-5,-4.4426242566606285e-6,-0.0049851973195546495,-0.00774819297485296
15.65931863727455,0.009621493533153176,0.011220668420224584,-0.00018602872714259115,0.00021197821306123823,-1.5549824555526654e-5,-5.3642432882145904e-6,-0.006818907396644971,-0.00783384037655482
15.697394789579159,0.011370461415501852,0.01276969347894423,0.0005034941375143342,0.0003531411591287037,3.230580235551945e-5,4.284954958684037e-5,-0.010630910948140289,-0.007298649334920152
15.735470941883769,0.012399928470467371,0.015641509707689787,0.00044665384842675266,-0.0014287172366162723,0.00010061531678617978,-0.00021190021389000662,-0.013480340726224047,-0.006988310530795584
15.773547094188377,0.016385438565410117,0.030316504127696212,-0.003766226547882617,0.001453742310195639,-0.0008800278189998274,0.0003008944400878514,-0.02557926736433171,-0.0032657767269649346
15.811623246492987,0.08271443222002343,0.03806388551523879,0.010425815490086783,-0.000494201720365,0.0029398428954945533,-5.531811175124084e-5,-0.019304477100043828,0.0013058130414513641
15.849699398797595,0.049300007332349585,-0.12474314742763942,-0.02093931471854197,0.0074853106454305565,-0.007454729680437416,0.0017327772153607566,-0.08133806739383147,0.036788491254696055
15.887775551102205,-0.051540476683975,0.13196338960438653,0.0091155780539791,-0.039640356227939474,0.006440887809203374,-0.015863569063111236,0.020968065950918238,-0.0045623330987656285
15.925851703406813,-0.03212570143202059,-0.1357569251013582,0.013614390181105529,0.004567556136671777,0.005926424500705934,0.003549589159712869,0.12340613955648136,0.09276203956359255
15.963927855711423,-0.006453236271790346,0.04157931512792441,0.0014843570987230102,-0.0036569546843790686,0.0014326614458240474,-0.0017071321203446733,0.0052095063422871405,0.011829352183882706
16.00200400801603,0.030209522573444333,0.010833852210496991,-0.0025545018683438563,0.0009536671702498614,-0.001831904604296422,1.511918532447131e-5,0.036509507508025396,0.014481705567836522
16.04008016032064,0.027941773298722473,-0.006019317129555803,0.001023300957709696,0.0010435765722608703,0.0004226144045564332,0.0010124212692921091,0.022311964979742062,-6.143741665808514e-6
16.07815631262525,0.022159526794635436,-0.011962756977708357,0.00047524901631774155,-0.0006613457783577445,0.0006059380781204673,-0.00033737196093091887,0.021518323169580165,0.004854902928847949
16.11623246492986,0.017722726854971553,-0.01381855524928685,-0.00040729419196893705,-0.0002707275181473102,-0.00024077264291673696,-0.00040889325045143364,0.022132973932443813,-0.00213543593319061
16.15430861723447,0.014583828702900103,-0.014183077599683637,-0.00018575822380903652,0.00025001158176705273,-0.00028966035586417847,0.00014709886346180655,0.016791845217238463,-0.0021980106443871823
16.19238476953908,0.012388417030268795,-0.014014064652593377,0.00015381965958112135,0.00014412632322460199,7.35499571107959e-5,0.0002268972304245969,0.018178697547676054,-0.0024419109962871273
16.230460921843687,0.010794228081527671,-0.013690121612767548,0.00011705065522379094,-9.262216837930869e-5,0.0001817330631830249,-2.9021178440213847e-5,0.01583624746611623,-0.005412246043247913
16.268537074148295,0.009595994201580917,-0.013336990849531834,-5.137228034216586e-5,-9.68258009131006e-5,4.939063361235639e-6,-0.00013941066059509278,0.01451154819524364,-0.0042852501086600115
16.306613226452907,0.008664019393750517,-0.013012631089241824,-8.01332063210695e-5,2.3601563454764993e-5,-0.00010684825357490745,-3.172463224438896e-5,0.014858413778543272,-0.005889733226275708
16.344689378757515,0.007911590032989612,-0.01273043700598419,4.616522920747341e-6,6.506656280219665e-5,-4.5858924380965944e-5,7.9818348196487e-5,0.012757853271534524,-0.006512700429087053
16.382765531062123,0.007288118719570241,-0.012492927638762233,5.15713310584374e-5,8.349038950440918e-6,5.248601329829682e-5,5.258351879230799e-5,0.012906067068823319,-0.006220152629209161
16.42084168336673,0.0067562305298193735,-0.012299083662170082,1.6600453097150176e-5,-3.941997752717333e-5,5.618436404365291e-5,-2.8968081999327756e-5,0.012199655117349986,-0.007623179121791812
16.458917835671343,0.006291800626021007,-0.01214281391759741,-2.8421161840954373e-5,-2.1400455999236108e-5,-1.0873341492047277e-5,-5.408160966526017e-5,0.011126133393176044,-0.007328265050064908
16.49699398797595,0.005878632650873071,-0.012020885644591445,-2.35918660815928e-5,1.8748024384021733e-5,-4.687061313456302e-5,-5.0034161638376695e-6,0.011325289593229265,-0.007881711765728508
16.53507014028056,0.005503193641975923,-0.01192859875300735,1.0416558453857403e-5,2.3691102399514555e-5,-1.8004743606438102e-5,3.851975257011034e-5,0.010267696817028727,-0.008524314703374449
16.573146292585168,0.005157671358032787,-0.011861862216479942,2.2229225290826457e-5,-3.397740264024386e-6,2.9037182972835596e-5,2.5821021001989914e-5,0.01001099166178679,-0.008322874437733578
16.61122244488978,0.004834598879101577,-0.01181829145001526,2.265477828069725e-6,-1.967089654915007e-5,2.9903092938259287e-5,-1.7582991521034245e-5,0.009737337031333698,-0.009095504653713019
16.649298597194388,0.004528926711149886,-0.011794113275576177,-1.633107981959765e-5,-6.564623992568621e-6,-6.61580602926282e-6,-3.177549162942823e-5,0.008944530216134002,-0.009207504347609582
16.687374749498996,0.004237004779404918,-0.011787763171412514,-9.611172218748446e-6,1.2526910031086637e-5,-3.0194389778576636e-5,-2.3126159910234588e-6,0.008902589562674503,-0.009388515996241879
16.725450901803608,0.003954946712751227,-0.011796812958618227,8.59055735382371e-6,1.1450888429517819e-5,-1.0366049874631696e-5,2.5412476863561567e-5,0.008345250638179844,-0.009958251802124722
16.763527054108216,0.003680838104614091,-0.011819511321961568,1.217615447199647e-5,-4.706552731641085e-6,1.9682918733996766e-5,1.690001084489938e-5,0.007885671976055683,-0.009937866104078721
16.801603206412825,0.003412079300994032,-0.011854734943117022,-1.0984130237304582e-6,-1.1967450080268191e-5,2.02959536000401e-5,-1.3149876418979078e-5,0.007758697629607569,-0.010360404244251078
16.839679358717433,0.0031470164352476347,-0.01190070302673464,-1.0943466618691467e-5,-2.0529147249205447e-6,-5.354782910880311e-6,-2.1454820273489278e-5,0.007132204844299507,-0.010662009087958856
16.877755511022045,0.0028843128579538347,-0.01195673523028447,-4.65416023823677e-6,9.277640873289453e-6,-2.122564730466969e-5,-1.6747409222488913e-6,0.006916613525928584,-0.01072828073063386
16.915831663326653,0.0026222774117718142,-0.012021632763608868,7.169942817724268e-6,6.6068722270720075e-6,-7.226762412809185e-6,1.8545547550785297e-5,0.006578755000053731,-0.011211122658261833
16.95390781563126,0.0023601727373414655,-0.012094478943119708,7.86355935079583e-6,-4.776182758204849e-6,1.3911781001778065e-5,1.2051028664200926e-5,0.006067396169907858,-0.011312491381809116
16.99198396793587,0.002096729896659185,-0.012174786875048397,-2.284449368005896e-6,-8.436113865284572e-6,1.5498663051071326e-5,-8.926092603990467e-6,0.00591021745062622,-0.011566759381013062
17.030060120240478,0.0018310375017519863,-0.012261500155815376,-8.341533211790641e-6,-1.4106580030896532e-7,-3.5928631762677024e-6,-1.654712899715492e-5,0.005403635443215236,-0.011922777765133927
17.06813627254509,0.0015624859103379406,-0.012354290783643062,-2.3594401820295806e-6,7.651896186016536e-6,-1.593305102178156e-5,-2.230305197452054e-6,0.005081709024401989,-0.01200054985005396
17.106212424849698,0.0012899180089505763,-0.01245247418719431,6.453017569945144e-6,4.239096259250523e-6,-7.239509366462158e-6,1.4276214319339726e-5,0.004790229325917086,-0.012369895864238992
17.144288577154306,0.0010130289126513297,-0.012555343940004546,5.691392983237316e-6,-4.860418395592645e-6,1.0979236410797766e-5,1.0780674381806946e-5,0.004302975449608192,-0.012556189106987865
17.182364729458918,0.0007308955030819618,-0.012662819720923242,-3.000437227654036e-6,-6.63793630292547e-6,1.3466330128405269e-5,-6.501698002517993e-6,0.004035601740545088,-0.012748483170453111
17.220440881763526,0.00044283017926666533,-0.012773944941801858,-7.053898873772243e-6,1.002066019265482e-6,-2.065615784297822e-6,-1.4843716001861516e-5,0.003623930894219524,-0.013066194272202203
17.258517034068134,0.00014849410037599643,-0.012888667174283412,-9.870195115572462e-7,6.929383454158652e-6,-1.4223884385186212e-5,-2.3378773571672145e-6,0.0032107920269741044,-0.01321545519537369
17.296593186372743,-0.00015320355388833516,-0.01300632094239199,6.291352810031522e-6,2.8481629821185942e-6,-6.73958342132571e-6,1.235573813073248e-5,0.002895335637630363,-0.01346361289698208
17.334669338677354,-0.00046226744829320696,-0.013126363828766864,4.452359330250714e-6,-5.200958318204922e-6,9.728399519194402e-6,1.0082882084431379e-5,0.0024364118265019835,-0.013719677439762873
17.372745490981963,-0.0007796566233012779,-0.013248861228622219,-3.7306586245851778e-6,-5.7029060138173315e-6,1.2011810910018242e-5,-5.946230349325184e-6,0.0020572107736157807,-0.013870411295012763
17.41082164328657,-0.0011059569013724204,-0.01337282699293759,-6.520534412001856e-6,1.9912092032796273e-6,-1.5478992341737747e-6,-1.3028991265681566e-5,0.0016763591137806855,-0.014144569577123876
17.44889779559118,-0.0014414694665476958,-0.013498269839993712,8.898870249018237e-8,6.844931314877187e-6,-1.2780284443515303e-5,-2.505159873897531e-6,0.0011985066490050828,-0.014330952915028625
17.48697394789579,-0.001787253131275791,-0.013624481397637308,6.6645092578976155e-6,1.8456208346319693e-6,-6.265890490933146e-6,1.0885716986264439e-5,0.0008261779557423708,-0.014522283046997868
17.5250501002004,-0.0021431673229874815,-0.013750915597132821,3.6803069220638032e-6,-5.969508125967257e-6,8.111685742229994e-6,9.637388484779083e-6,0.00036505965584162,-0.014766001076412497
17.563126252505008,-0.002510240362028963,-0.013877867186001978,-4.797255558434691e-6,-5.3011383193727594e-6,1.1752707693181357e-5,-4.866286617797875e-6,-9.414015094591896e-5,-0.014924765765481008
17.60120240480962,-0.0028893093248616455,-0.014004080618013191,-6.581956856506091e-6,3.2159509260215628e-6,-8.092917449156553e-7,-1.2437027132322523e-5,-0.0005257749500098105,-0.015137744607875833
17.639278557114228,-0.0032804142169011955,-0.014129521123936964,1.2913762136012518e-6,7.427104159692277e-6,-1.2191363996708564e-5,-3.5307853338672417e-6,-0.0010173713364527459,-0.015330467219321612
17.677354709418836,-0.0036848995099859187,-0.014253483098920277,7.769273384875112e-6,8.50550735747166e-7,-7.2162816836545655e-6,1.0845604999569874e-5,-0.001497267555444681,-0.015501693274257876
17.715430861723444,-0.00410222302574831,-0.014375245241876706,3.0934191206616405e-6,-7.537336087065404e-6,8.052062469359643e-6,1.0271883680472227e-5,-0.0019780752962009793,-0.015680216302701416
17.753507014028056,-0.004533960727216864,-0.014495796651126843,-6.715886958782761e-6,-5.295336316199797e-6,1.2720162092034546e-5,-4.5079152897378076e-6,-0.0025004342477113503,-0.015872055754373008
17.791583166332664,-0.0049815545098332555,-0.01461293423929279,-7.313517166647221e-6,5.279976658437514e-6,-7.161234388543801e-7,-1.3914023270480636e-5,-0.0030231073597977005,-0.016001519088394714
17.829659318637272,-0.005444483971851065,-0.01472671590663124,3.2661591877917162e-6,9.021527589061532e-6,-1.3552878678724158e-5,-3.482719440523373e-6,-0.003531440452200787,-0.016187449530152026
17.86773547094188,-0.0059246950492895445,-0.014836362776352575,1.0278818366309464e-5,-7.189530495320739e-7,-7.701144325004692e-6,1.2199142282528534e-5,-0.004122110611523793,-0.016331750956783277
17.905811623246493,-0.006421252685357881,-0.014941609819804025,2.2636940875263347e-6,-1.0981231975163373e-5,9.666972073879509e-6,1.1147244764841282e-5,-0.004649945129085353,-0.016449342227004816
17.9438877755511,-0.006938245793852972,-0.015044323542593498,-1.0973095284567664e-5,-5.563292095056458e-6,1.3853399964561178e-5,-5.818275184839144e-6,-0.005239148421341461,-0.016620712996993938
17.98196392785571,-0.007478291795008213,-0.015139510460154274,-9.10454148142038e-6,1.0118077116125043e-5,-1.243847368530543e-6,-1.5863465508826938e-5,-0.005855571367219573,-0.01670999485587343
18.020040080160317,-0.008039964575012912,-0.015227551667524233,8.30674566927026e-6,1.2824377893101244e-5,-1.648188990778194e-5,-3.4972623072649067e-6,-0.00642818182996394,-0.01682766378445056
18.05811623246493,-0.008628188295488167,-0.015308791469457654,1.673786449211467e-5,-5.485937591411682e-6,-8.81933831066813e-6,1.54762532129627e-5,-0.007086325841214885,-0.01695618763982941
18.096192384769537,-0.009247310119664238,-0.015382573896012261,-1.7354325454411781e-6,-2.0830085509697727e-5,1.3509869932991529e-5,1.4612647245701349e-5,-0.007733881813154568,-0.016998159787464787
18.134268537074146,-0.009913955949729126,-0.015445079621417593,-2.503718227522761e-5,-2.9156410627473797e-6,2.0183421621258356e-5,-1.080805117301145e-5,-0.008356814827875505,-0.01711248140859074
18.172344689378757,-0.01063576923504177,-0.01546722064274926,-8.62848705242385e-6,2.9358285051730493e-5,-7.290788214671502e-6,-2.585574997771478e-5,-0.009103400347986318,-0.017173989827191368
18.210420841683366,-0.011409604611666617,-0.015432814439490178,3.488448037119168e-5,1.6176295769786957e-5,-3.232348999105852e-5,4.7009805493646045e-6,-0.009744861430973839,-0.017177983890868897
18.248496993987974,-0.01224229942605339,-0.015271937085543346,2.361104804009199e-5,-4.574812003476847e-5,5.329148372309257e-6,3.733802465071662e-5,-0.01049000244790044,-0.017287744968412098
18.286573146292582,-0.012999279307780335,-0.014881468305526745,-6.261018728555765e-5,-2.099594447757346e-5,3.956530609261183e-5,-8.012868921448024e-6,-0.011255084361571447,-0.01722715845529983
18.324649298597194,-0.013320851447546193,-0.014438479468927614,8.538060742242291e-7,6.56481276666475e-5,-1.559619859496799e-5,-3.600245115195746e-5,-0.01195300904636511,-0.01727139197945887
18.362725450901802,-0.013559037938165278,-0.014540053602065792,4.4616923215144775e-5,-8.902698987261228e-6,-2.1440403584429437e-5,1.8946049719150222e-5,-0.012808033412858142,-0.017257035171943203
18.40080160320641,-0.014243326704985633,-0.014767342410824232,3.518750491789988e-7,-2.8802463780105065e-5,9.037312303686936e-6,7.633941895556853e-6,-0.013566422661103621,-0.01716876180130886
18.43887775551102,-0.015032644004347385,-0.014762270504974993,-2.3064155350964495e-5,-6.122356530009149e-6,5.2186995573333e-6,-4.7065582953465944e-7,-0.014392251654309863,-0.017170926142023576
18.47695390781563,-0.01584656820400529,-0.014731455748301904,-9.378893833298921e-6,1.153939526272136e-5,2.106155309224849e-6,-4.022642099099722e-6,-0.015289363369195959,-0.017044893339255577
18.51503006012024,-0.016716657966968588,-0.014604141859694724,1.7959527472020454e-7,1.7756446736976497e-5,-2.047053114541271e-6,-2.429769114791192e-6,-0.016100923306951214,-0.016933015462195534
18.553106212424847,-0.01754671809588733,-0.014401143275618526,2.7007045082299677e-5,6.275537120207986e-6,-1.9779118054822096e-6,5.601923479429192e-7,-0.01704419370687333,-0.016849337595189032
18.59118236472946,-0.018349573506243045,-0.014219768600429217,8.330273182985654e-6,-3.1754569103521945e-5,3.020339778419409e-7,5.396973111820398e-7,-0.017972114840824706,-0.016614831734888535
18.629258517034067,-0.019225540807150394,-0.014066342502174489,-2.8589827377896965e-5,-1.1043769176448538e-5,-1.4630168956542067e-6,-8.686157103302719e-7,-0.018869447336192946,-0.016477539291710676
18.667334669338675,-0.02019207112395252,-0.01383144958999728,-2.1402225573982354e-5,1.990606720463962e-5,-2.8392984933232833e-6,2.6341276410475204e-6,-0.019928195055262887,-0.016243003537974445
18.705410821643284,-0.021148628728625846,-0.013500561941150263,1.4421501215443225e-5,4.2518604094419577e-5,2.8639014195049786e-6,7.812477308147814e-6,-0.020867515370822046,-0.015944296754556195
18.743486973947896,-0.022074219726542367,-0.013148660312851149,6.906086529884442e-5,-2.3767566506970726e-5,1.6891455408695375e-5,-3.329679418128962e-6,-0.0219186177760322,-0.01570749135538899
18.781563126252504,-0.023044969385342624,-0.012833139487505373,-5.403636491688273e-5,-8.071838763139745e-5,-6.9249229676608004e-6,-3.0302276524895357e-5,-0.02301863117191182,-0.015342417286674863
18.819639278557112,-0.02417558150291807,-0.012345633692865328,-4.333181991715956e-5,7.957530690236326e-5,-4.1900022127300096e-5,2.5076562035728967e-5,-0.024058910177609045,-0.014891446773608829
18.85771543086172,-0.024822080787782246,-0.01192317793690406,-8.517760141202207e-6,1.902274475518536e-5,1.8231282608135365e-5,5.187071491449736e-6,-0.025220953022253367,-0.014709215575671506
18.895791583166332,-0.026431797136470925,-0.011491243722075679,0.00012039296120412616,-7.362202706374447e-5,8.112100091978315e-5,1.8608996826388193e-7,-0.026323027233984043,-0.013869052228401778
18.93386773547094,-0.027226506166003625,-0.01078958181977545,-4.7652886923931146e-5,-2.2398384842066165e-5,-3.417132258837788e-5,-4.070725396388778e-5,-0.0275231583940308,-0.013666815756486608
18.97194388777555,-0.028398726906743648,-0.010238466463716555,-4.8874696519400804e-5,1.3177518312867025e-5,-4.068348146704921e-5,3.5691925606129314e-6,-0.02886259692587201,-0.01285401452884832
19.010020040080157,-0.02953928012827596,-0.00953753126533979,1.904173132360746e-5,5.847130948050946e-5,-3.2380490597038957e-6,5.3605183023905214e-5,-0.029916487063310782,-0.012288929396490102
19.04809619238477,-0.0306882470630998,-0.008787914772646068,4.936047766580269e-5,-2.0144749650400697e-5,5.541702112748037e-5,3.998752553912964e-6,-0.03140335867397271,-0.011623626952563155
19.086172344689377,-0.03187259291901443,-0.008041397454219987,-1.0578812270759293e-5,-3.815189497109116e-5,7.051128170625057e-6,-4.6510013435860504e-5,-0.03261023095323337,-0.010655134455690884
19.124248496993985,-0.03320933045071829,-0.007193289582906621,-3.239160204631105e-5,-3.075229220342882e-6,-3.3263918204504404e-5,-1.8424146872887193e-5,-0.03395702263748839,-0.009974904836637452
19.162324649298597,-0.03454638231602643,-0.006141694038323978,-1.399578060882599e-5,3.116938617196275e-5,-3.349677879779935e-5,2.2251327863388004e-5,-0.035475512653217404,-0.008854476991011403
19.200400801603205,-0.035832410398036196,-0.005015469256014219,3.0053957243555186e-5,2.0039124211751747e-5,1.4467188064455807e-5,4.633587212022659e-5,-0.0367219487982299,-0.007823739416576367
19.238476953907814,-0.037153363614395814,-0.0038346525946411475,2.2757424387364503e-5,-2.6119631732172736e-5,5.297408831073757e-5,-6.178776381576586e-6,-0.038325356175375955,-0.0067160532907616
19.276553106212422,-0.038545800850722775,-0.0025540645115982616,-1.8839259665618093e-5,-2.4893185925160935e-5,3.7787712277570374e-6,-5.3737149997941575e-5,-0.03976942255245598,-0.005288516647333684
19.314629258517034,-0.04000621538387898,-0.0010914779184311315,-2.8171904402115307e-5,1.0240492261381118e-5,-4.714910545612068e-5,-1.781152030248083e-5,-0.041219732099105726,-0.003963615343056135
19.352705410821642,-0.041428717740362886,0.0005725792218187735,2.644542472250198e-6,3.191446763401263e-5,-3.774526076176089e-5,3.8067236139363394e-5,-0.0428853018009109,-0.0023880125352662013
19.39078156312625,-0.04280710973719027,0.002342822769771901,3.4037003076288145e-5,3.2632210907338037e-6,3.091906693010459e-5,5.833469713094141e-5,-0.04436044590357545,-0.0005527600507135851
19.42885771543086,-0.044232921940833884,0.004233034676463769,8.781427583775975e-6,-3.3276444212035304e-5,7.113618708292695e-5,-2.353345725804281e-5,-0.04592306543906258,0.001189905995993277
19.46693386773547,-0.0457118636981261,0.006336631491598429,-3.0101389660765008e-5,-1.5166159360404069e-5,-9.096579891495732e-6,-7.611639055798838e-5,-0.047646515591564284,0.003405569415070665
19.50501002004008,-0.047182860663164204,0.008719186854224011,-2.2860295467463414e-5,2.5775348317142104e-5,-7.475692769695665e-5,-1.2254736189868352e-5,-0.049029808026707596,0.005731654681681274
19.543086172344687,-0.048544330507610776,0.011361162083592618,2.1733880988809526e-5,3.088861721202317e-5,-4.1695691480087856e-5,6.848122242683853e-5,-0.05073389825743803,0.008121507484251979
19.5811623246493,-0.0498282057131795,0.0141787638911477,3.7270969524730736e-5,-1.7805092463897768e-5,6.121782661677542e-5,7.597550671289995e-5,-0.05229289760546609,0.011149473692826487
19.619238476953907,-0.051116099582394894,0.01724434963731491,-1.2295900458944188e-5,-4.141704836546057e-5,0.00010605007987895243,-5.435738858204554e-5,-0.05352908174111977,0.014133083556254365
19.657314629258515,-0.052357382268403425,0.020689330693833694,-4.440807208004579e-5,4.173876634953351e-6,-3.782518939587492e-5,-0.00012415550072654294,-0.055224770114023776,0.017409548979120667
19.695390781563123,-0.053415085884646885,0.024561278399968012,-6.007717323939224e-6,4.753872294348901e-5,-0.00013495285314039945,5.397376675036259e-6,-0.05629692961232792,0.021649122905613265
19.733466933867735,-0.054171811334485905,0.028796680614394523,5.104882516261533e-5,1.7083273634816983e-5,-4.3889199011811065e-5,0.00014032620693488576,-0.05715119563148491,0.025127218146805172
19.771543086172343,-0.054678014558927714,0.03331096260467912,2.7419341204011754e-5,-5.447215562510577e-5,0.00014648354064538926,0.00010774142560672731,-0.05872992842629465,0.03025415262074227
19.80961923847695,-0.05499259038726923,0.03826317299603843,-5.4660788024290077e-5,-3.694322315772502e-5,0.0001743163983839048,-0.00015538352358176327,-0.058072742522151485,0.03525570760105993
19.84769539078156,-0.05490636215244214,0.043833637178340226,-4.932564597709407e-5,5.160575735561937e-5,-0.00015556607656800277,-0.0002255588050294517,-0.05935591061522342,0.039902311269722095
19.88577154308617,-0.05411139143782652,0.04997034243643658,4.793751646789172e-5,6.4578947447668e-5,-0.0002644516565453941,0.00011787140208731198,-0.0583459530462822,0.04755239628476953
19.92384769539078,-0.05244970627602273,0.05645469637298153,8.228234792973261e-5,-4.399389718012065e-5,3.440721507839573e-5,0.00031358007151801226,-0.05647397553528791,0.05190610655607501
19.961923847695388,-0.05001587857157071,0.06316198544458645,-4.205287117426312e-5,-0.00010156852596460092,0.00039108633754022983,8.321790985584862e-5,-0.05681392884531007,0.06035704253213579
19.999999999999996,-0.04671716857780548,0.070373968379738,-0.0001175871053150356,3.9275132272915744e-5,0.0002124186530364564,-0.0004939313972316532,-0.050076530675711946,0.06765708560764022
