1.0,-6.168502882379625e-9,-7.853981585527174e-5,0.9999999938314973,-7.853981585527176e-5,0.9999999938314972,-7.853981585527174e-5,-6.168502712630422e-9,-7.853981585527176e-5
1.0954773869346732,-7.402639266279122e-9,-8.603859213728019e-5,0.9999999925973606,-8.603859213728017e-5,0.9999999925973607,-8.603859213728017e-5,-7.402639391764317e-9,-8.603859213728016e-5
1.1909547738693467,-8.749239237668394e-9,-9.353736839026002e-5,0.9999999912507607,-9.353736839026002e-5,0.9999999912507608,-9.353736839026001e-5,-8.7492393619244e-9,-9.353736839026001e-5
1.2864321608040201,-1.0208302670940043e-8,-0.00010103614461168127,0.9999999897916974,-0.0001010361446116813,0.9999999897916974,-0.00010103614461168127,-1.0208302622202014e-8,-0.00010103614461168129
1.3819095477386933,-1.1779829063664486e-8,-0.00010853492079901398,0.9999999882201709,-0.00010853492079901398,0.9999999882201709,-0.00010853492079901398,-1.1779829171612614e-8,-0.00010853492079901398
1.4773869346733668,-1.3463819043878703e-8,-0.00011603369694972812,0.9999999865361809,-0.00011603369694972815,0.9999999865361809,-0.00011603369694972812,-1.3463819009095768e-8,-0.00011603369694972813
1.5728643216080402,-1.526027210915311e-8,-0.00012353247306129362,0.999999984739728,-0.00012353247306129365,0.9999999847397278,-0.00012353247306129362,-1.5260272133515143e-8,-0.00012353247306129365
1.6683417085427135,-1.71691883850951e-8,-0.00013103124913118057,0.9999999828308115,-0.00013103124913118057,0.9999999828308116,-0.00013103124913118057,-1.7169188543658542e-8,-0.00013103124913118057
1.763819095477387,-1.919056837413426e-8,-0.00013853002515685887,0.9999999808094318,-0.00013853002515685887,0.9999999808094316,-0.00013853002515685887,-1.919056823823786e-8,-0.00013853002515685885
1.8592964824120601,-2.132441107141142e-8,-0.00014602880113579855,0.9999999786755889,-0.00014602880113579857,0.999999978675589,-0.00014602880113579855,-2.1324411215889112e-8,-0.00014602880113579857
1.9547738693467336,-2.357071748178575e-8,-0.00015352757706546964,0.9999999764292825,-0.00015352757706546964,0.9999999764292825,-0.0001535275770654696,-2.357071747517243e-8,-0.0001535275770654696
2.050251256281407,-2.592948697722027e-8,-0.00016102635294334196,0.999999974070513,-0.00016102635294334202,0.999999974070513,-0.00016102635294334196,-2.5929487014572037e-8,-0.000161026352943342
2.1457286432160805,-2.840071993453717e-8,-0.00016852512876688568,0.9999999715992802,-0.0001685251287668857,0.9999999715992801,-0.00016852512876688568,-2.8400719832496294e-8,-0.0001685251287668857
2.2412060301507535,-3.0984415851306855e-8,-0.0001760239045335708,0.9999999690155841,-0.00017602390453357077,0.9999999690155842,-0.0001760239045335708,-3.098441592727767e-8,-0.00017602390453357077
2.336683417085427,-3.3680575229958926e-8,-0.00018352268024086717,0.9999999663194247,-0.00018352268024086717,0.9999999663194248,-0.00018352268024086717,-3.368057529717273e-8,-0.00018352268024086717
2.4321608040201004,-3.648919781927858e-8,-0.0001910214558862449,0.9999999635108021,-0.0001910214558862449,0.9999999635108022,-0.0001910214558862449,-3.6489197940362164e-8,-0.0001910214558862449
2.527638190954774,-3.941028387048061e-8,-0.00019852023146717381,0.9999999605897162,-0.00019852023146717381,0.9999999605897161,-0.00019852023146717381,-3.941028385495074e-8,-0.00019852023146717381
2.6231155778894473,-4.2443833132350224e-8,-0.0002060190069811241,0.999999957556167,-0.0002060190069811241,0.9999999575561669,-0.0002060190069811241,-4.2443833038967416e-8,-0.0002060190069811241
2.7185929648241203,-4.558984547928003e-8,-0.00021351778242556564,0.9999999544101545,-0.0002135177824255657,0.9999999544101545,-0.00021351778242556564,-4.558984549036521e-8,-0.00021351778242556567
2.8140703517587937,-4.884832128809221e-8,-0.00022101655779796842,0.9999999511516788,-0.00022101655779796842,0.9999999511516787,-0.00022101655779796842,-4.88483212070212e-8,-0.00022101655779796842
2.909547738693467,-5.2219260181964584e-8,-0.00022851533309580256,0.9999999477807399,-0.00022851533309580256,0.9999999477807399,-0.00022851533309580256,-5.221926018673673e-8,-0.00022851533309580256
3.0050251256281406,-5.5702662412111933e-8,-0.00023601410831653786,0.9999999442973376,-0.00023601410831653786,0.9999999442973376,-0.00023601410831653786,-5.570266242723707e-8,-0.00023601410831653786
3.100502512562814,-5.929852797853427e-8,-0.0002435128834576444,0.999999940701472,-0.0002435128834576444,0.999999940701472,-0.0002435128834576444,-5.929852792617172e-8,-0.0002435128834576444
3.1959798994974875,-6.300685675562419e-8,-0.0002510116585165922,0.9999999369931434,-0.00025101165851659215,0.9999999369931433,-0.0002510116585165922,-6.300685668111428e-8,-0.00025101165851659215
3.291457286432161,-6.682764874338169e-8,-0.0002585104334908512,0.9999999331723513,-0.0002585104334908512,0.9999999331723513,-0.0002585104334908512,-6.682764868956244e-8,-0.0002585104334908512
3.386934673366834,-7.076090394180678e-8,-0.00026600920837789143,0.9999999292390961,-0.00026600920837789143,0.9999999292390961,-0.00026600920837789143,-7.0760903948938e-8,-0.00026600920837789143
3.4824120603015074,-7.480662235089945e-8,-0.0002735079831751829,0.9999999251933775,-0.00027350798317518285,0.9999999251933777,-0.0002735079831751829,-7.480662245658687e-8,-0.00027350798317518285
3.577889447236181,-7.89648043474819e-8,-0.0002810067578801954,0.9999999210351959,-0.0002810067578801954,0.9999999210351956,-0.0002810067578801954,-7.896480420977906e-8,-0.0002810067578801954
3.6733668341708543,-8.323544930351714e-8,-0.00028850553249039915,0.9999999167645508,-0.00028850553249039915,0.9999999167645507,-0.00028850553249039915,-8.323544920570877e-8,-0.00028850553249039915
3.7688442211055277,-8.761855747021997e-8,-0.00029600430700326417,0.9999999123814426,-0.0002960043070032641,0.9999999123814426,-0.00029600430700326417,-8.761855744149426e-8,-0.0002960043070032641
3.8643216080402008,-9.211412897319778e-8,-0.0003035030814162603,0.999999907885871,-0.0003035030814162603,0.999999907885871,-0.00030350308141626023,-9.211412891417782e-8,-0.00030350308141626023
3.959798994974874,-9.672216356123577e-8,-0.00031100185572685747,0.9999999032778365,-0.00031100185572685747,0.9999999032778364,-0.00031100185572685747,-9.6722163620726e-8,-0.00031100185572685747
4.055276381909548,-1.0144266161115614e-7,-0.00031850062993252594,0.9999998985573384,-0.00031850062993252594,0.9999998985573384,-0.00031850062993252594,-1.0144266155802941e-7,-0.0003185006299325259
4.150753768844221,-1.062756228717441e-7,-0.0003259994040307354,0.9999998937243773,-0.0003259994040307354,0.9999998937243771,-0.0003259994040307354,-1.0627562272290266e-7,-0.0003259994040307354
4.2462311557788945,-1.1122104709178485e-7,-0.0003334981780189561,0.999999888778953,-0.00033349817801895613,0.999999888778953,-0.0003334981780189561,-1.1122104711208464e-7,-0.00033349817801895613
4.341708542713567,-1.1627893464810058e-7,-0.0003409969518946579,0.9999998837210653,-0.0003409969518946579,0.9999998837210653,-0.0003409969518946579,-1.1627893472223828e-7,-0.00034099695189465786
4.4371859296482405,-1.214492856662987e-7,-0.0003484957256553108,0.9999998785507145,-0.0003484957256553108,0.9999998785507144,-0.0003484957256553108,-1.2144928554995059e-7,-0.00034849572565531073
4.532663316582914,-1.2673209964394959e-7,-0.00035599449929838464,0.9999998732679004,-0.00035599449929838464,0.9999998732679003,-0.00035599449929838464,-1.2673209959173268e-7,-0.00035599449929838464
4.628140703517587,-1.3212737695787548e-7,-0.00036349327282134976,0.9999998678726232,-0.00036349327282134976,0.9999998678726231,-0.00036349327282134976,-1.3212737684401994e-7,-0.00036349327282134976
4.723618090452261,-1.3763511723125416e-7,-0.000370992046221676,0.9999998623648827,-0.000370992046221676,0.9999998623648828,-0.000370992046221676,-1.3763511730317168e-7,-0.000370992046221676
4.819095477386934,-1.432553209665152e-7,-0.0003784908194968333,0.9999998567446791,-0.0003784908194968333,0.9999998567446791,-0.00037849081949683323,-1.4325532096547136e-7,-0.00037849081949683323
4.914572864321608,-1.4898798778683645e-7,-0.00038598959264429155,0.9999998510120123,-0.0003859895926442915,0.9999998510120123,-0.00038598959264429155,-1.4898798782712663e-7,-0.0003859895926442915
5.010050251256281,-1.5483311794343265e-7,-0.00039348836566152086,0.9999998451668821,-0.0003934883656615208,0.9999998451668821,-0.00039348836566152086,-1.5483311788426912e-7,-0.0003934883656615208
5.105527638190955,-1.6079071118508907e-7,-0.0004009871385459913,0.9999998392092888,-0.0004009871385459913,0.9999998392092888,-0.0004009871385459913,-1.607907111329548e-7,-0.00040098713854599125
5.201005025125628,-1.6686076751180566e-7,-0.0004084859112951729,0.9999998331392325,-0.00040848591129517283,0.9999998331392325,-0.00040848591129517283,-1.668607675691635e-7,-0.0004084859112951728
5.296482412060302,-1.7304328730040463e-7,-0.0004159846839065352,0.9999998269567129,-0.0004159846839065352,0.9999998269567127,-0.0004159846839065352,-1.7304328718879923e-7,-0.0004159846839065352
5.391959798994975,-1.7933827004845641e-7,-0.0004234834563775488,0.99999982066173,-0.00042348345637754876,0.99999982066173,-0.00042348345637754876,-1.793382699876903e-7,-0.0004234834563775487
5.4874371859296485,-1.8574571613278316e-7,-0.0004309822287056833,0.999999814254284,-0.0004309822287056833,0.9999998142542839,-0.00043098222870568325,-1.8574571596158889e-7,-0.00043098222870568325
5.582914572864322,-1.9226562492534791e-7,-0.0004384810008884088,0.999999807734375,-0.0004384810008884088,0.999999807734375,-0.0004384810008884088,-1.9226562510617134e-7,-0.0004384810008884088
5.6783919597989945,-1.9889799743100983e-7,-0.0004459797729231955,0.9999998011020026,-0.0004459797729231955,0.9999998011020026,-0.0004459797729231955,-1.988979974170384e-7,-0.0004459797729231955
5.773869346733668,-2.0564283277051714e-7,-0.00045347854480751307,0.9999997943571671,-0.00045347854480751307,0.9999997943571672,-0.000453478544807513,-2.0564283288971426e-7,-0.000453478544807513
5.869346733668341,-2.1250013132069205e-7,-0.0004609773165388316,0.9999997874998685,-0.0004609773165388316,0.9999997874998686,-0.0004609773165388316,-2.1250013151964802e-7,-0.0004609773165388316
5.964824120603015,-2.1946989345835671e-7,-0.0004684760881146211,0.9999997805301067,-0.0004684760881146211,0.9999997805301065,-0.0004684760881146211,-2.194698933022123e-7,-0.0004684760881146211
6.060301507537688,-2.26552118178652e-7,-0.00047597485953235175,0.9999997734478818,-0.00047597485953235175,0.9999997734478818,-0.00047597485953235175,-2.265521182327042e-7,-0.0004759748595323517
6.155778894472362,-2.3374680648643704e-7,-0.0004834736307894932,0.9999997662531936,-0.0004834736307894932,0.9999997662531935,-0.0004834736307894932,-2.3374680630634465e-7,-0.0004834736307894932
6.251256281407035,-2.410539575024601e-7,-0.0004909724018835157,0.9999997589460425,-0.0004909724018835157,0.9999997589460425,-0.0004909724018835157,-2.4105395751827893e-7,-0.0004909724018835157
6.346733668341709,-2.484735719803655e-7,-0.0004984711728118892,0.9999997515264282,-0.0004984711728118892,0.9999997515264281,-0.0004984711728118892,-2.484735718635762e-7,-0.0004984711728118892
6.442211055276382,-2.560056492921163e-7,-0.0005059699435720837,0.9999997439943508,-0.0005059699435720837,0.9999997439943508,-0.0005059699435720837,-2.560056493372301e-7,-0.0005059699435720837
6.5376884422110555,-2.6365018981453473e-7,-0.0005134687141615692,0.9999997363498101,-0.0005134687141615691,0.9999997363498102,-0.0005134687141615692,-2.636501899341578e-7,-0.0005134687141615691
6.633165829145728,-2.714071935476207e-7,-0.0005209674845778155,0.9999997285928064,-0.0005209674845778155,0.9999997285928064,-0.0005209674845778155,-2.7140719364920115e-7,-0.0005209674845778155
6.7286432160804015,-2.7927666036576694e-7,-0.0005284662548182929,0.9999997207233395,-0.0005284662548182929,0.9999997207233396,-0.0005284662548182929,-2.792766604771259e-7,-0.0005284662548182929
6.824120603015075,-2.872585903945807e-7,-0.0005359650248804711,0.9999997127414096,-0.0005359650248804711,0.9999997127414096,-0.0005359650248804711,-2.872585904126217e-7,-0.0005359650248804711
6.919597989949748,-2.9535298350845464e-7,-0.00054346379476182,0.9999997046470165,-0.0005434637947618202,0.9999997046470165,-0.00054346379476182,-2.9535298345030254e-7,-0.0005434637947618202
7.015075376884422,-3.035598393305666e-7,-0.0005509625644598104,0.9999996964401604,-0.0005509625644598104,0.9999996964401606,-0.0005509625644598104,-3.035598395847069e-7,-0.0005509625644598104
7.110552763819095,-3.118791588657757e-7,-0.0005584613339719113,0.9999996881208412,-0.0005584613339719113,0.9999996881208412,-0.0005584613339719113,-3.1187915881029636e-7,-0.0005584613339719113
7.206030150753769,-3.2031094110922285e-7,-0.0005659601032955934,0.9999996796890589,-0.0005659601032955934,0.9999996796890589,-0.0005659601032955934,-3.203109411214578e-7,-0.0005659601032955934
7.301507537688442,-3.2885518643773016e-7,-0.0005734588724283264,0.9999996711448135,-0.0005734588724283264,0.9999996711448136,-0.0005734588724283263,-3.2885518651250105e-7,-0.0005734588724283263
7.396984924623116,-3.3751189485129765e-7,-0.0005809576413675802,0.999999662488105,-0.0005809576413675802,0.9999996624881051,-0.0005809576413675802,-3.375118949776612e-7,-0.0005809576413675802
7.492462311557789,-3.462810664755327e-7,-0.000588456410110825,0.9999996537189335,-0.000588456410110825,0.9999996537189335,-0.000588456410110825,-3.462810665110964e-7,-0.000588456410110825
7.5879396984924625,-3.551627010592206e-7,-0.0005959551786555308,0.999999644837299,-0.0005959551786555308,0.999999644837299,-0.0005959551786555307,-3.551627011068897e-7,-0.0005959551786555307
7.683417085427135,-3.641567987279687e-7,-0.0006034539469991672,0.9999996358432013,-0.0006034539469991672,0.9999996358432013,-0.0006034539469991672,-3.641567987590478e-7,-0.0006034539469991672
7.7788944723618085,-3.7326335948177694e-7,-0.0006109527151392048,0.9999996267366406,-0.0006109527151392048,0.9999996267366406,-0.0006109527151392048,-3.732633594615018e-7,-0.0006109527151392048
7.874371859296482,-3.8248238319503795e-7,-0.0006184514830731132,0.9999996175176168,-0.0006184514830731131,0.9999996175176168,-0.0006184514830731132,-3.8248238320810666e-7,-0.0006184514830731131
7.969849246231155,-3.918138699933592e-7,-0.0006259502507983628,0.99999960818613,-0.0006259502507983627,0.99999960818613,-0.0006259502507983627,-3.918138699926417e-7,-0.0006259502507983626
8.065326633165828,-4.0125781987674063e-7,-0.0006334490183124226,0.9999995987421803,-0.0006334490183124227,0.9999995987421801,-0.0006334490183124226,-4.012578198088099e-7,-0.0006334490183124227
8.160804020100501,-4.1081423246836005e-7,-0.000640947785612764,0.9999995891857675,-0.000640947785612764,0.9999995891857675,-0.000640947785612764,-4.1081423265023936e-7,-0.000640947785612764
8.256281407035175,-4.204831083962544e-7,-0.000648446552696856,0.9999995795168916,-0.000648446552696856,0.9999995795168916,-0.000648446552696856,-4.2048310851048094e-7,-0.000648446552696856
8.351758793969848,-4.30264447409209e-7,-0.0006559453195621688,0.9999995697355526,-0.0006559453195621688,0.9999995697355526,-0.0006559453195621688,-4.302644473830105e-7,-0.0006559453195621688
8.447236180904522,-4.401582491304016e-7,-0.000663444086206173,0.9999995598417508,-0.000663444086206173,0.9999995598417508,-0.0006634440862061729,-4.40158249261228e-7,-0.0006634440862061729
8.542713567839195,-4.5016451406226176e-7,-0.0006709428526263376,0.9999995498354859,-0.0006709428526263376,0.9999995498354859,-0.0006709428526263376,-4.5016451413845714e-7,-0.0006709428526263376
8.638190954773869,-4.602832419535747e-7,-0.0006784416188201332,0.999999539716758,-0.0006784416188201332,0.999999539716758,-0.0006784416188201332,-4.602832420079457e-7,-0.0006784416188201332
8.733668341708542,-4.705144330555553e-7,-0.0006859403847850297,0.9999995294855673,-0.0006859403847850297,0.9999995294855669,-0.0006859403847850297,-4.7051443286286625e-7,-0.0006859403847850297
8.829145728643216,-4.808580867401664e-7,-0.0006934391505184972,0.9999995191419133,-0.0006934391505184972,0.9999995191419133,-0.0006934391505184972,-4.808580866963147e-7,-0.0006934391505184972
8.924623115577889,-4.913142036354452e-7,-0.0007009379160180056,0.9999995086857966,-0.0007009379160180056,0.9999995086857963,-0.0007009379160180056,-4.913142035013113e-7,-0.0007009379160180056
9.020100502512562,-5.018827832389619e-7,-0.0007084366812810251,0.9999994981172168,-0.0007084366812810251,0.9999994981172168,-0.000708436681281025,-5.018827832708006e-7,-0.000708436681281025
9.115577889447236,-5.125638259275388e-7,-0.0007159354463050252,0.999999487436174,-0.0007159354463050253,0.9999994874361741,-0.0007159354463050252,-5.125638259976513e-7,-0.0007159354463050253
9.21105527638191,-5.233573315755685e-7,-0.0007234342110874763,0.9999994766426683,-0.0007234342110874763,0.9999994766426684,-0.0007234342110874763,-5.233573316746558e-7,-0.0007234342110874763
9.306532663316583,-5.342633004342658e-7,-0.0007309329756258483,0.9999994657366997,-0.0007309329756258483,0.9999994657366996,-0.0007309329756258483,-5.342633002945311e-7,-0.0007309329756258483
9.402010050251256,-5.452817314987715e-7,-0.0007384317399176113,0.9999994547182681,-0.0007384317399176113,0.9999994547182685,-0.0007384317399176113,-5.452817318499177e-7,-0.0007384317399176113
9.49748743718593,-5.56412626150767e-7,-0.000745930503960235,0.9999994435873738,-0.000745930503960235,0.9999994435873738,-0.000745930503960235,-5.564126263333809e-7,-0.000745930503960235
9.592964824120603,-5.676559837622153e-7,-0.0007534292677511899,0.9999994323440162,-0.0007534292677511898,0.9999994323440162,-0.0007534292677511899,-5.6765598373741e-7,-0.0007534292677511898
9.688442211055277,-5.790118042075089e-7,-0.0007609280312879452,0.9999994209881959,-0.0007609280312879453,0.9999994209881958,-0.0007609280312879452,-5.790118040544176e-7,-0.0007609280312879453
9.78391959798995,-5.904800871098258e-7,-0.0007684267945679722,0.9999994095199128,-0.0007684267945679722,0.9999994095199128,-0.0007684267945679722,-5.904800872767419e-7,-0.0007684267945679722
9.879396984924623,-6.020608333484176e-7,-0.0007759255575887397,0.9999993979391667,-0.0007759255575887396,0.9999993979391667,-0.0007759255575887397,-6.020608333966436e-7,-0.0007759255575887396
9.974874371859297,-6.137540422952475e-7,-0.0007834243203477181,0.9999993862459576,-0.0007834243203477182,0.9999993862459577,-0.0007834243203477181,-6.137540424063087e-7,-0.0007834243203477182
10.07035175879397,-6.25559714452745e-7,-0.0007909230828423773,0.9999993744402857,-0.0007909230828423775,0.9999993744402855,-0.0007909230828423773,-6.255597142978463e-7,-0.0007909230828423774
10.165829145728644,-6.374778491928729e-7,-0.0007984218450701878,0.9999993625221509,-0.0007984218450701878,0.9999993625221508,-0.0007984218450701878,-6.374778490632911e-7,-0.0007984218450701878
10.261306532663315,-6.49508446641239e-7,-0.0008059206070286192,0.9999993504915534,-0.0008059206070286191,0.9999993504915534,-0.0008059206070286192,-6.495084466946003e-7,-0.0008059206070286191
10.356783919597989,-6.616515073002727e-7,-0.0008134193687151412,0.9999993383484929,-0.0008134193687151412,0.9999993383484928,-0.0008134193687151412,-6.616515071836558e-7,-0.0008134193687151412
10.452261306532662,-6.739070305419369e-7,-0.0008209181301272244,0.9999993260929695,-0.0008209181301272244,0.9999993260929695,-0.0008209181301272244,-6.739070305222644e-7,-0.0008209181301272244
10.547738693467336,-6.862750168686613e-7,-0.0008284168912623386,0.9999993137249833,-0.0008284168912623385,0.9999993137249832,-0.0008284168912623386,-6.862750167021558e-7,-0.0008284168912623385
10.64321608040201,-6.987554656524089e-7,-0.0008359156521179538,0.9999993012445344,-0.0008359156521179538,0.9999993012445343,-0.0008359156521179538,-6.987554657149849e-7,-0.0008359156521179538
10.738693467336683,-7.113483775212167e-7,-0.0008434144126915398,0.9999992886516225,-0.0008434144126915398,0.9999992886516225,-0.0008434144126915398,-7.113483775523292e-7,-0.0008434144126915398
10.834170854271356,-7.240537523494774e-7,-0.0008509131729805668,0.9999992759462478,-0.0008509131729805668,0.9999992759462477,-0.0008509131729805668,-7.240537522056922e-7,-0.0008509131729805668
10.92964824120603,-7.368715896347611e-7,-0.000858411932982505,0.9999992631284104,-0.000858411932982505,0.9999992631284104,-0.000858411932982505,-7.368715896665002e-7,-0.000858411932982505
11.025125628140703,-7.498018897538903e-7,-0.0008659106926948241,0.9999992501981102,-0.0008659106926948241,0.9999992501981102,-0.0008659106926948241,-7.498018899261043e-7,-0.0008659106926948241
11.120603015075377,-7.628446529580797e-7,-0.000873409452114994,0.9999992371553471,-0.0008734094521149939,0.999999237155347,-0.0008734094521149939,-7.628446529757784e-7,-0.0008734094521149938
11.21608040201005,-7.759998787448997e-7,-0.000880908211240485,0.9999992240001213,-0.0008809082112404851,0.9999992240001212,-0.000880908211240485,-7.759998788067229e-7,-0.0008809082112404851
11.311557788944723,-7.892675672399576e-7,-0.0008884069700687671,0.9999992107324327,-0.0008884069700687672,0.9999992107324327,-0.0008884069700687671,-7.892675674100602e-7,-0.0008884069700687672
11.407035175879397,-8.026477189456832e-7,-0.0008959057285973101,0.9999991973522812,-0.0008959057285973102,0.999999197352281,-0.0008959057285973101,-8.026477187768377e-7,-0.0008959057285973102
11.50251256281407,-8.161403329828246e-7,-0.0009034044868235843,0.9999991838596671,-0.0009034044868235843,0.999999183859667,-0.0009034044868235843,-8.161403328980268e-7,-0.0009034044868235843
11.597989949748744,-8.297454098538114e-7,-0.0009109032447450596,0.9999991702545903,-0.0009109032447450595,0.9999991702545902,-0.0009109032447450595,-8.297454097645228e-7,-0.0009109032447450594
11.693467336683417,-8.434629493074287e-7,-0.0009184020023592057,0.9999991565370507,-0.0009184020023592057,0.9999991565370507,-0.0009184020023592057,-8.434629493671454e-7,-0.0009184020023592057
11.78894472361809,-8.572929517204989e-7,-0.000925900759663493,0.9999991427070483,-0.000925900759663493,0.9999991427070483,-0.000925900759663493,-8.572929516966385e-7,-0.000925900759663493
11.884422110552764,-8.712354167161997e-7,-0.0009333995166553913,0.9999991287645833,-0.0009333995166553913,0.9999991287645833,-0.0009333995166553913,-8.712354167436696e-7,-0.0009333995166553913
11.979899497487438,-8.852903444201384e-7,-0.0009408982733323708,0.9999991147096555,-0.0009408982733323709,0.9999991147096555,-0.0009408982733323708,-8.852903444988309e-7,-0.0009408982733323709
12.075376884422111,-8.994577349579226e-7,-0.0009483970296919013,0.999999100542265,-0.0009483970296919014,0.999999100542265,-0.0009483970296919013,-8.994577349526382e-7,-0.0009483970296919014
12.170854271356784,-9.137375880783373e-7,-0.000955895785731453,0.999999086262412,-0.000955895785731453,0.999999086262412,-0.000955895785731453,-9.137375880955318e-7,-0.000955895785731453
12.266331658291456,-9.281299040325975e-7,-0.0009633945414484958,0.9999990718700961,-0.0009633945414484956,0.999999071870096,-0.0009633945414484956,-9.281299039178756e-7,-0.0009633945414484955
12.36180904522613,-9.426346824438808e-7,-0.0009708932968404994,0.9999990573653176,-0.0009708932968404994,0.9999990573653176,-0.0009708932968404994,-9.426346824099586e-7,-0.0009708932968404994
12.457286432160803,-9.572519235634022e-7,-0.0009783920519049344,0.9999990427480765,-0.0009783920519049344,0.9999990427480764,-0.0009783920519049344,-9.572519235619931e-7,-0.0009783920519049344
12.552763819095476,-9.71981627516769e-7,-0.0009858908066392707,0.9999990280183726,-0.0009858908066392707,0.9999990280183725,-0.0009858908066392707,-9.719816273641159e-7,-0.0009858908066392707
12.64824120603015,-9.86823793927159e-7,-0.000993389561040978,0.9999990131762062,-0.000993389561040978,0.9999990131762061,-0.000993389561040978,-9.868237938063866e-7,-0.000993389561040978
12.743718592964823,-1.0017784230457869e-6,-0.0010008883151075261,0.9999989982215771,-0.0010008883151075261,0.999998998221577,-0.0010008883151075261,-1.0017784228787911e-6,-0.0010008883151075261
12.839195979899497,-1.0168455144958307e-6,-0.0010083870688363864,0.9999989831544854,-0.0010083870688363864,0.9999989831544855,-0.0010083870688363864,-1.0168455145712393e-6,-0.0010083870688363864
12.93467336683417,-1.0320250687797198e-6,-0.0010158858222250274,0.9999989679749312,-0.0010158858222250274,0.9999989679749313,-0.0010158858222250274,-1.0320250688735626e-6,-0.0010158858222250274
13.030150753768844,-1.047317085771847e-6,-0.001023384575270919,0.9999989526829143,-0.001023384575270919,0.9999989526829143,-0.001023384575270919,-1.0473170857755175e-6,-0.001023384575270919
13.125628140703517,-1.0627215653466048e-6,-0.0010308833279715325,0.9999989372784348,-0.0010308833279715325,0.9999989372784347,-0.0010308833279715325,-1.0627215652667876e-6,-0.0010308833279715325
13.22110552763819,-1.078238507503993e-6,-0.001038382080324337,0.9999989217614926,-0.001038382080324337,0.9999989217614925,-0.001038382080324337,-1.0782385073369767e-6,-0.001038382080324337
13.316582914572864,-1.0938679121184047e-6,-0.001045880832326803,0.9999989061320881,-0.001045880832326803,0.9999989061320879,-0.001045880832326803,-1.0938679119756153e-6,-0.001045880832326803
13.412060301507537,-1.1096097791898395e-6,-0.0010533795839764001,0.9999988903902208,-0.0010533795839764001,0.9999988903902208,-0.0010533795839764001,-1.1096097791721558e-6,-0.0010533795839764001
13.507537688442211,-1.1254641088439047e-6,-0.0010608783352705987,0.9999988745358911,-0.0010608783352705987,0.9999988745358912,-0.0010608783352705987,-1.1254641089159773e-6,-0.0010608783352705987
13.603015075376884,-1.1414309013318156e-6,-0.0010683770862068684,0.9999988585690989,-0.0010683770862068684,0.9999988585690986,-0.0010683770862068684,-1.1414309011963807e-6,-0.0010683770862068684
13.698492462311558,-1.1575101557743199e-6,-0.0010758758367826798,0.999998842489844,-0.0010758758367826798,0.9999988424898442,-0.0010758758367826798,-1.1575101560025925e-6,-0.0010758758367826798
13.793969849246231,-1.1737018733018844e-6,-0.001083374586995502,0.9999988262981268,-0.001083374586995502,0.9999988262981268,-0.001083374586995502,-1.1737018733237616e-6,-0.001083374586995502
13.889447236180905,-1.190006053160865e-6,-0.0010908733368428056,0.9999988099939469,-0.0010908733368428058,0.9999988099939469,-0.0010908733368428056,-1.1900060531489642e-6,-0.0010908733368428058
13.984924623115578,-1.206422695351261e-6,-0.0010983720863220613,0.9999987935773046,-0.0010983720863220613,0.9999987935773046,-0.0010983720863220613,-1.2064226954671976e-6,-0.0010983720863220613
14.080402010050252,-1.2229518003755027e-6,-0.0011058708354307375,0.9999987770481997,-0.0011058708354307375,0.9999987770481996,-0.0011058708354307375,-1.2229518002673831e-6,-0.0011058708354307375
14.175879396984925,-1.2395933676055527e-6,-0.001113369584166306,0.9999987604066325,-0.001113369584166306,0.9999987604066324,-0.0011133695841663057,-1.2395933675383692e-6,-0.0011133695841663057
14.271356783919597,-1.2563473971670184e-6,-0.0011208683325262352,0.9999987436526028,-0.0011208683325262352,0.9999987436526028,-0.0011208683325262352,-1.2563473972689256e-6,-0.0011208683325262352
14.36683417085427,-1.2732138895623297e-6,-0.0011283670805079962,0.9999987267861106,-0.0011283670805079962,0.9999987267861105,-0.0011283670805079962,-1.2732138894477472e-6,-0.0011283670805079962
14.462311557788944,-1.2901928439122345e-6,-0.001135865828109059,0.999998709807156,-0.001135865828109059,0.9999987098071561,-0.0011358658281090588,-1.2901928440634523e-6,-0.0011358658281090588
14.557788944723617,-1.307284261221592e-6,-0.0011433645753268927,0.9999986927157389,-0.0011433645753268925,0.9999986927157388,-0.0011433645753268927,-1.307284261104585e-6,-0.0011433645753268925
14.65326633165829,-1.3244881406111507e-6,-0.0011508633221589681,0.9999986755118594,-0.0011508633221589686,0.9999986755118594,-0.0011508633221589681,-1.3244881405596117e-6,-0.0011508633221589684
14.748743718592964,-1.3418044822065178e-6,-0.0011583620686027552,0.9999986581955176,-0.0011583620686027554,0.9999986581955178,-0.0011583620686027552,-1.3418044824169231e-6,-0.0011583620686027554
14.844221105527637,-1.3592332867613374e-6,-0.0011658608146557236,0.9999986407667134,-0.0011658608146557236,0.9999986407667133,-0.0011658608146557236,-1.3592332866648352e-6,-0.0011658608146557236
14.93969849246231,-1.376774553270751e-6,-0.001173359560315344,0.9999986232254467,-0.0011733595603153442,0.9999986232254467,-0.001173359560315344,-1.376774553291588e-6,-0.0011733595603153442
15.035175879396984,-1.3944282822371877e-6,-0.001180858305579086,0.9999986055717178,-0.001180858305579086,0.9999986055717178,-0.001180858305579086,-1.3944282822853447e-6,-0.001180858305579086
15.130653266331658,-1.4121944735350402e-6,-0.0011883570504444194,0.9999985878055264,-0.0011883570504444194,0.9999985878055264,-0.0011883570504444194,-1.4121944736341917e-6,-0.0011883570504444194
15.226130653266331,-1.4300731272899158e-6,-0.001195855794908815,0.9999985699268727,-0.0011958557949088148,0.9999985699268727,-0.0011958557949088148,-1.4300731273261423e-6,-0.0011958557949088146
15.321608040201005,-1.4480642433762073e-6,-0.0012033545389697412,0.9999985519357566,-0.0012033545389697415,0.9999985519357566,-0.0012033545389697412,-1.4480642433491317e-6,-0.0012033545389697415
15.417085427135678,-1.4661678217939145e-6,-0.00121085328262467,0.9999985338321784,-0.00121085328262467,0.9999985338321782,-0.00121085328262467,-1.4661678216910204e-6,-0.00121085328262467
15.512562814070352,-1.4843838624174302e-6,-0.0012183520258710703,0.9999985156161377,-0.0012183520258710703,0.9999985156161376,-0.0012183520258710703,-1.4843838623395919e-6,-0.0012183520258710703
15.608040201005025,-1.5027123652467543e-6,-0.0012258507687064124,0.9999984972876348,-0.0012258507687064124,0.9999984972876348,-0.0012258507687064124,-1.5027123652825548e-6,-0.0012258507687064124
15.703517587939698,-1.5211533305331016e-6,-0.0012333495111281664,0.9999984788466695,-0.0012333495111281664,0.9999984788466695,-0.0012333495111281664,-1.521153330507542e-6,-0.0012333495111281664
15.798994974874372,-1.5397067580252573e-6,-0.0012408482531338018,0.999998460293242,-0.0012408482531338018,0.999998460293242,-0.0012408482531338018,-1.539706758002108e-6,-0.0012408482531338018
15.894472361809045,-1.5583726478488288e-6,-0.0012483469947207895,0.9999984416273523,-0.0012483469947207895,0.9999984416273522,-0.0012483469947207895,-1.558372647753736e-6,-0.0012483469947207895
15.989949748743719,-1.577150999626994e-6,-0.001255845735886599,0.9999984228490003,-0.001255845735886599,0.9999984228490003,-0.001255845735886599,-1.5771509997498293e-6,-0.001255845735886599
16.085427135678394,-1.5960418139877897e-6,-0.0012633444766287005,0.9999984039581861,-0.0012633444766287005,0.9999984039581861,-0.0012633444766287005,-1.596041813977717e-6,-0.0012633444766287005
16.180904522613066,-1.615045090303179e-6,-0.001270843216944564,0.9999983849549096,-0.001270843216944564,0.9999983849549097,-0.001270843216944564,-1.6150450904246516e-6,-0.001270843216944564
16.276381909547737,-1.6341608290755916e-6,-0.001278341956831659,0.9999983658391709,-0.001278341956831659,0.9999983658391709,-0.001278341956831659,-1.6341608290778102e-6,-0.001278341956831659
16.371859296482413,-1.6533890299282052e-6,-0.0012858406962874562,0.9999983466109701,-0.001285840696287456,0.9999983466109701,-0.0012858406962874562,-1.653389029924294e-6,-0.001285840696287456
16.467336683417084,-1.6727296928610198e-6,-0.0012933394353094253,0.999998327270307,-0.0012933394353094258,0.9999983272703071,-0.0012933394353094253,-1.672729692951129e-6,-0.0012933394353094256
16.56281407035176,-1.6921828179996428e-6,-0.0013008381738950372,0.9999983078171819,-0.0013008381738950372,0.999998307817182,-0.0013008381738950372,-1.6921828181452643e-6,-0.001300838173895037
16.65829145728643,-1.7117484054696817e-6,-0.0013083369120417603,0.9999982882515945,-0.0013083369120417603,0.9999982882515945,-0.0013083369120417603,-1.7117484054935724e-6,-0.0013083369120417603
16.753768844221106,-1.7314264550199214e-6,-0.0013158356497470658,0.999998268573545,-0.0013158356497470658,0.999998268573545,-0.0013158356497470656,-1.7314264549828514e-6,-0.0013158356497470656
16.849246231155778,-1.7512169666503623e-6,-0.0013233343870084232,0.9999982487830333,-0.0013233343870084232,0.9999982487830333,-0.0013233343870084232,-1.7512169665998232e-6,-0.0013233343870084232
16.944723618090453,-1.7711199403610042e-6,-0.0013308331238233032,0.9999982288800596,-0.0013308331238233032,0.9999982288800596,-0.0013308331238233032,-1.7711199403311344e-6,-0.0013308331238233032
17.040201005025125,-1.791135376151847e-6,-0.0013383318601891752,0.9999982088646239,-0.0013383318601891754,0.9999982088646239,-0.0013383318601891752,-1.791135376163354e-6,-0.0013383318601891754
17.1356783919598,-1.8112632741484983e-6,-0.0013458305961035096,0.999998188736726,-0.0013458305961035096,0.9999981887367259,-0.0013458305961035096,-1.811263274082976e-6,-0.0013458305961035096
17.231155778894472,-1.8315036342253506e-6,-0.001353329331563776,0.9999981684963659,-0.001353329331563776,0.9999981684963658,-0.001353329331563776,-1.8315036340764185e-6,-0.001353329331563776
17.326633165829143,-1.8518564561311891e-6,-0.0013608280665674448,0.9999981481435439,-0.0013608280665674453,0.9999981481435439,-0.0013608280665674448,-1.8518564561300247e-6,-0.001360828066567445
17.42211055276382,-1.8723217401172287e-6,-0.0013683268011119866,0.9999981276782598,-0.0013683268011119866,0.9999981276782599,-0.0013683268011119866,-1.872321740230061e-6,-0.0013683268011119866
17.51758793969849,-1.8928994863090766e-6,-0.00137582553519487,0.9999981071005137,-0.00137582553519487,0.9999981071005137,-0.00137582553519487,-1.8928994863627158e-6,-0.00137582553519487
17.613065326633166,-1.913589694706733e-6,-0.0013833242688135658,0.9999980864103055,-0.0013833242688135658,0.9999980864103053,-0.0013833242688135658,-1.913589694514106e-6,-0.0013833242688135658
17.708542713567837,-1.934392364682161e-6,-0.0013908230019655447,0.9999980656076354,-0.0013908230019655447,0.9999980656076353,-0.0013908230019655447,-1.93439236467027e-6,-0.0013908230019655447
17.804020100502512,-1.9553074967377897e-6,-0.0013983217346482764,0.9999980446925032,-0.0013983217346482761,0.9999980446925033,-0.0013983217346482761,-1.9553074968171706e-6,-0.001398321734648276
17.899497487437184,-1.9763350909992266e-6,-0.0014058204668592291,0.999998023664909,-0.0014058204668592291,0.999998023664909,-0.0014058204668592291,-1.976335090940693e-6,-0.0014058204668592291
17.99497487437186,-1.9974751472152574e-6,-0.0014133191985958755,0.999998002524853,-0.0014133191985958755,0.9999980025248528,-0.0014133191985958755,-1.9974751470266507e-6,-0.0014133191985958753
18.09045226130653,-2.0187276651346674e-6,-0.0014208179298556844,0.999997981272335,-0.0014208179298556844,0.9999979812723349,-0.0014208179298556844,-2.0187276650607786e-6,-0.0014208179298556844
18.185929648241206,-2.040092645134278e-6,-0.0014283166606361259,0.9999979599073551,-0.0014283166606361259,0.9999979599073548,-0.0014283166606361259,-2.0400926450287344e-6,-0.0014283166606361259
18.281407035175878,-2.0615700868372675e-6,-0.0014358153909346703,0.999997938429913,-0.00143581539093467,0.9999979384299131,-0.0014358153909346703,-2.061570086916103e-6,-0.00143581539093467
18.376884422110553,-2.083159990871673e-6,-0.0014433141207487866,0.9999979168400093,-0.0014433141207487866,0.9999979168400092,-0.0014433141207487866,-2.0831599907083903e-6,-0.0014433141207487866
18.472361809045225,-2.104862356358242e-6,-0.0014508128500759466,0.9999978951376437,-0.0014508128500759468,0.9999978951376437,-0.0014508128500759466,-2.1048623563910304e-6,-0.0014508128500759468
18.5678391959799,-2.1266771840506197e-6,-0.0014583115789136188,0.9999978733228161,-0.0014583115789136188,0.999997873322816,-0.0014583115789136188,-2.126677183949377e-6,-0.0014583115789136188
18.66331658291457,-2.1486044735719837e-6,-0.0014658103072592741,0.9999978513955267,-0.0014658103072592741,0.9999978513955264,-0.0014658103072592741,-2.148604473368711e-6,-0.0014658103072592741
18.758793969849247,-2.170644224671119e-6,-0.0014733090351103828,0.9999978293557753,-0.0014733090351103828,0.9999978293557753,-0.0014733090351103828,-2.170644224634237e-6,-0.0014733090351103828
18.85427135678392,-2.1927964375992408e-6,-0.0014808077624644143,0.9999978072035623,-0.001480807762464414,0.9999978072035623,-0.0014808077624644143,-2.1927964377310823e-6,-0.001480807762464414
18.949748743718594,-2.215061112481956e-6,-0.001488306489318838,0.9999977849388875,-0.0014883064893188378,0.9999977849388875,-0.001488306489318838,-2.215061112644297e-6,-0.0014883064893188378
19.045226130653266,-2.237438249444872e-6,-0.001495805215671125,0.9999977625617507,-0.001495805215671125,0.9999977625617505,-0.001495805215671125,-2.237438249358861e-6,-0.001495805215671125
19.14070351758794,-2.2599278479855597e-6,-0.0015033039415187457,0.9999977400721521,-0.0015033039415187455,0.999997740072152,-0.0015033039415187457,-2.2599278478596737e-6,-0.0015033039415187455
19.236180904522612,-2.282529908104019e-6,-0.0015108026668591691,0.9999977174700919,-0.0015108026668591691,0.9999977174700919,-0.0015108026668591691,-2.282529908131559e-6,-0.0015108026668591691
19.331658291457288,-2.305244430177072e-6,-0.0015183013916898656,0.9999976947555699,-0.0015183013916898656,0.9999976947555699,-0.0015183013916898656,-2.3052444301592655e-6,-0.0015183013916898656
19.42713567839196,-2.3280714137022883e-6,-0.0015258001160083057,0.999997671928586,-0.0015258001160083055,0.9999976719285862,-0.0015258001160083057,-2.328071413927467e-6,-0.0015258001160083055
19.52261306532663,-2.3510108594333134e-6,-0.0015332988398119583,0.9999976489891406,-0.0015332988398119585,0.9999976489891406,-0.0015332988398119583,-2.3510108594207587e-6,-0.0015332988398119585
19.618090452261306,-2.374062766616503e-6,-0.0015407975630982946,0.9999976259372334,-0.0015407975630982948,0.9999976259372334,-0.0015407975630982946,-2.3740627666236633e-6,-0.0015407975630982948
19.713567839195978,-2.3972271355030706e-6,-0.001548296285864785,0.9999976027728645,-0.001548296285864785,0.9999976027728645,-0.001548296285864785,-2.397227135520627e-6,-0.001548296285864785
19.809045226130653,-2.4205039663442322e-6,-0.0015557950081088975,0.999997579496034,-0.001555795008108898,0.9999975794960336,-0.0015557950081088975,-2.420503966096015e-6,-0.0015557950081088977
19.904522613065325,-2.4438932582607357e-6,-0.0015632937298281045,0.9999975561067417,-0.0015632937298281045,0.9999975561067417,-0.0015632937298281045,-2.4438932583341248e-6,-0.0015632937298281045
20.0,-2.4673950122574404e-6,-0.0015707924510198741,0.9999975326049878,-0.0015707924510198743,0.9999975326049877,-0.0015707924510198741,-2.4673950122191706e-6,-0.0015707924510198743
