1.0,3.947841608581054e-9,6.283185282374563e-5,0.9999999960521583,-6.283185282374565e-5,0.9999999960521582,-6.283185282374565e-5,3.947841744850289e-9,6.283185282374565e-5
1.0954773869346732,4.737689180661597e-9,6.883087389325494e-5,0.9999999952623109,-6.883087389325498e-5,0.9999999952623106,-6.883087389325495e-5,4.737689223354865e-9,6.883087389325494e-5
1.1909547738693467,5.599513056840517e-9,7.482989494790166e-5,0.9999999944004868,-7.482989494790166e-5,0.9999999944004867,-7.482989494790166e-5,5.599513209268547e-9,7.482989494790166e-5
1.2864321608040201,6.533313739547404e-9,8.082891598639044e-5,0.9999999934666863,-8.082891598639038e-5,0.9999999934666864,-8.08289159863904e-5,6.533313702219146e-9,8.082891598639041e-5
1.3819095477386933,7.539090726352667e-9,8.682793700742575e-5,0.9999999924609093,-8.682793700742574e-5,0.9999999924609093,-8.682793700742575e-5,7.539090701803384e-9,8.682793700742577e-5
1.4773869346733668,8.61684401725631e-9,9.282695800971238e-5,0.9999999913831558,-9.282695800971241e-5,0.9999999913831557,-9.282695800971241e-5,8.616844207586916e-9,9.282695800971241e-5
1.5728643216080402,9.766574240295315e-9,9.882597899195501e-5,0.9999999902334258,-9.8825978991955e-5,0.9999999902334258,-9.882597899195501e-5,9.766574219104304e-9,9.882597899195501e-5
1.6683417085427135,1.09882806418253e-8,0.0001048249999528581,0.9999999890117193,-0.0001048249999528581,0.9999999890117193,-0.0001048249999528581,1.0988280735859015e-8,0.0001048249999528581
1.763819095477387,1.2281963849883251e-8,0.00011082402089112643,0.9999999877180363,-0.0001108240208911264,0.9999999877180363,-0.00011082402089112643,1.228196375732346e-8,0.00011082402089112643
1.8592964824120601,1.3647623362039581e-8,0.00011682304180546454,0.9999999863523767,-0.00011682304180546454,0.9999999863523767,-0.0001168230418054646,1.364762328293895e-8,0.0001168230418054646
1.9547738693467336,1.5085259303901686e-8,0.00012282206269457712,0.9999999849147407,-0.00012282206269457712,0.9999999849147407,-0.00012282206269457717,1.5085259312115692e-8,0.00012282206269457717
2.050251256281407,1.6594871801076962e-8,0.00012882108355716883,0.9999999834051282,-0.00012882108355716883,0.9999999834051281,-0.00012882108355716883,1.6594871844232848e-8,0.00012882108355716885
2.1457286432160805,1.8176460727958013e-8,0.0001348201043919442,0.9999999818235392,-0.00013482010439194427,0.999999981823539,-0.00013482010439194427,1.8176460878638477e-8,0.00013482010439194424
2.2412060301507535,1.983002646136703e-8,0.00014081912519760804,0.9999999801699736,-0.00014081912519760796,0.9999999801699737,-0.00014081912519760804,1.983002641464955e-8,0.00014081912519760804
2.336683417085427,2.1555568373267027e-8,0.00014681814597286474,0.9999999784444316,-0.00014681814597286477,0.9999999784444316,-0.0001468181459728648,2.155556845155197e-8,0.0001468181459728648
2.4321608040201004,2.3353086966087592e-8,0.00015281716671641918,0.9999999766469131,-0.00015281716671641915,0.9999999766469131,-0.00015281716671641918,2.3353086988600523e-8,0.00015281716671641918
2.527638190954774,2.5222581988613934e-8,0.0001588161874269758,0.9999999747774181,-0.00015881618742697587,0.9999999747774179,-0.00015881618742697584,2.5222582025018964e-8,0.00015881618742697581
2.6231155778894473,2.716405344084605e-8,0.00016481520810323935,0.9999999728359464,-0.00016481520810323935,0.9999999728359463,-0.00016481520810323935,2.716405355999991e-8,0.00016481520810323938
2.7185929648241203,2.917750169960613e-8,0.0001708142287439145,0.9999999708224985,-0.0001708142287439144,0.9999999708224986,-0.0001708142287439145,2.9177501592704937e-8,0.0001708142287439145
2.8140703517587937,3.12629260112498e-8,0.0001768132493477057,0.9999999687370739,-0.00017681324934770573,0.9999999687370738,-0.0001768132493477057,3.1262926122264504e-8,0.0001768132493477057
2.909547738693467,3.342032725502882e-8,0.00018281226991331774,0.9999999665796729,-0.00018281226991331771,0.9999999665796729,-0.0001828122699133178,3.342032714777802e-8,0.00018281226991331777
3.0050251256281406,3.564970467729884e-8,0.00018881129043945525,0.9999999643502954,-0.00018881129043945522,0.9999999643502954,-0.00018881129043945525,3.564970466831377e-8,0.00018881129043945525
3.100502512562814,3.795105865488201e-8,0.00019481031092482282,0.9999999620489414,-0.00019481031092482277,0.9999999620489414,-0.00019481031092482282,3.7951058682908997e-8,0.00019481031092482285
3.1959798994974875,4.032438918777837e-8,0.00020080933136812503,0.9999999596756108,-0.000200809331368125,0.9999999596756108,-0.00020080933136812509,4.0324389190569826e-8,0.00020080933136812509
3.291457286432161,4.276969627598789e-8,0.00020680835176806666,0.9999999572303039,-0.00020680835176806664,0.9999999572303039,-0.00020680835176806672,4.2769696190271335e-8,0.00020680835176806672
3.386934673366834,4.52869796682958e-8,0.00021280737212335228,0.9999999547130204,-0.00021280737212335226,0.9999999547130204,-0.00021280737212335228,4.5286979680957464e-8,0.00021280737212335228
3.4824120603015074,4.7876239741524265e-8,0.00021880639243268644,0.9999999521237604,-0.00021880639243268644,0.9999999521237604,-0.0002188063924326865,4.787623966154112e-8,0.0002188063924326865
3.577889447236181,5.0537476118851114e-8,0.00022480541269477388,0.9999999494625239,-0.00022480541269477388,0.9999999494625239,-0.00022480541269477388,5.053747613090409e-8,0.00022480541269477388
3.6733668341708543,5.327068930270593e-8,0.00023080443290831917,0.999999946729311,-0.00023080443290831912,0.999999946729311,-0.00023080443290831912,5.32706890878971e-8,0.00023080443290831915
3.7688442211055277,5.607587841383694e-8,0.00023680345307202695,0.9999999439241215,-0.000236803453072027,0.9999999439241214,-0.000236803453072027,5.607587853133985e-8,0.00023680345307202697
3.8643216080402008,5.89530444571033e-8,0.00024280247318460193,0.9999999410469556,-0.00024280247318460193,0.9999999410469556,-0.00024280247318460199,5.895304446002082e-8,0.00024280247318460199
3.959798994974874,6.190218680446804e-8,0.0002488014932447487,0.9999999380978131,-0.00024880149324474875,0.9999999380978131,-0.00024880149324474875,6.19021868726975e-8,0.00024880149324474875
4.055276381909548,6.492330570714596e-8,0.00025480051325117183,0.9999999350766943,-0.0002548005132511719,0.9999999350766942,-0.00025480051325117194,6.492330576809627e-8,0.00025480051325117194
4.150753768844221,6.801640103952964e-8,0.0002607995332025761,0.9999999319835988,-0.00026079953320257615,0.9999999319835987,-0.00026079953320257604,6.801640114491241e-8,0.0002607995332025761
4.2462311557788945,7.118147305283391e-8,0.00026679855309766603,0.999999928818527,-0.00026679855309766603,0.9999999288185271,-0.00026679855309766614,7.118147300181026e-8,0.0002667985530976661
4.341708542713567,7.441852111902174e-8,0.00027279757293514624,0.9999999255814787,-0.00027279757293514634,0.9999999255814785,-0.0002727975729351463,7.44185213374228e-8,0.0002727975729351463
4.4371859296482405,7.772754624295236e-8,0.0002787965927137215,0.9999999222724539,-0.0002787965927137214,0.9999999222724539,-0.0002787965927137215,7.772754615035216e-8,0.0002787965927137216
4.532663316582914,8.110854729415914e-8,0.00028479561243209626,0.9999999188914526,-0.00028479561243209626,0.9999999188914525,-0.00028479561243209626,8.110854743916926e-8,0.00028479561243209626
4.628140703517587,8.456152515189389e-8,0.00029079463208897527,0.9999999154384749,-0.0002907946320889753,0.9999999154384747,-0.00029079463208897527,8.456152520241404e-8,0.00029079463208897527
4.723618090452261,8.808647943933442e-8,0.0002967936516830632,0.9999999119135206,-0.00029679365168306315,0.9999999119135206,-0.0002967936516830632,8.80864794385953e-8,0.0002967936516830632
4.819095477386934,9.168341003087334e-8,0.0003027926712130645,0.9999999083165899,-0.00030279267121306465,0.9999999083165897,-0.00030279267121306465,9.168341014619076e-8,0.00030279267121306465
4.914572864321608,9.535231717772541e-8,0.0003087916906776841,0.9999999046476827,-0.00030879169067768415,0.9999999046476825,-0.0003087916906776841,9.535231732364697e-8,0.0003087916906776841
5.010050251256281,9.909320087989066e-8,0.00031479071007562646,0.999999900906799,-0.00031479071007562635,0.999999900906799,-0.00031479071007562646,9.909320096937957e-8,0.0003147907100756264
5.105527638190955,1.0290606113736908e-7,0.0003207897294055961,0.9999998970939389,-0.0003207897294055961,0.999999897093939,-0.00032078972940559623,1.0290606108177304e-7,0.00032078972940559623
5.201005025125628,1.0679089769894589e-7,0.00032678874866629785,0.9999998932091023,-0.0003267887486662978,0.9999998932091024,-0.00032678874866629785,1.067908976591806e-7,0.00032678874866629785
5.296482412060302,1.1074771069022846e-7,0.00033278776785643634,0.9999998892522893,-0.0003327877678564363,0.9999998892522893,-0.00033278776785643634,1.1074771069992478e-7,0.00033278776785643634
5.391959798994975,1.1477649998560942e-7,0.000338786786974716,0.9999998852234998,-0.000338786786974716,0.9999998852234997,-0.000338786786974716,1.1477650020229662e-7,0.000338786786974716
5.4874371859296485,1.1887726621312574e-7,0.0003447858060198417,0.9999998811227339,-0.00034478580601984165,0.999999881122734,-0.00034478580601984187,1.188772661645564e-7,0.0003447858060198418
5.582914572864322,1.2305000836791825e-7,0.0003507848249905179,0.9999998769499914,-0.000350784824990518,0.9999998769499913,-0.0003507848249905179,1.230500085849329e-7,0.0003507848249905179
5.6783919597989945,1.272947274548461e-7,0.0003567838438854494,0.9999998727052726,-0.0003567838438854494,0.9999998727052726,-0.00035678384388544953,1.2729472746162445e-7,0.00035678384388544953
5.773869346733668,1.3161142259465757e-7,0.00036278286270334065,0.9999998683885771,-0.0003627828627033407,0.999999868388577,-0.00036278286270334065,1.3161142279279756e-7,0.0003627828627033407
5.869346733668341,1.3600009441538959e-7,0.00036878188144289653,0.9999998639999055,-0.0003687818814428966,0.9999998639999053,-0.00036878188144289653,1.3600009457658832e-7,0.00036878188144289653
5.964824120603015,1.4046074266582737e-7,0.00037478090010282145,0.9999998595392572,-0.00037478090010282155,0.9999998595392571,-0.00037478090010282155,1.404607428111014e-7,0.00037478090010282155
6.060301507537688,1.4499336759718574e-7,0.0003807799186818203,0.9999998550066326,-0.0003807799186818202,0.9999998550066327,-0.0003807799186818203,1.449933674944103e-7,0.00038077991868182027
6.155778894472362,1.495979685814277e-7,0.0003867789371785974,0.9999998504020314,-0.0003867789371785975,0.9999998504020313,-0.0003867789371785974,1.4959796862455763e-7,0.0003867789371785974
6.251256281407035,1.542745459953754e-7,0.0003927779555918575,0.9999998457254538,-0.00039277795559185757,0.9999998457254536,-0.0003927779555918575,1.5427454619955484e-7,0.00039277795559185757
6.346733668341709,1.590231000902437e-7,0.00039877697392030534,0.9999998409768998,-0.0003987769739203055,0.9999998409768996,-0.00039877697392030545,1.590231002173824e-7,0.00039877697392030545
6.442211055276382,1.6384363074042517e-7,0.0004047759921626455,0.9999998361563694,-0.0004047759921626455,0.9999998361563693,-0.0004047759921626455,1.638436306759894e-7,0.0004047759921626455
6.5376884422110555,1.6873613756909762e-7,0.00041077501031758267,0.9999998312638625,-0.00041077501031758267,0.9999998312638624,-0.00041077501031758267,1.6873613757329427e-7,0.00041077501031758267
6.633165829145728,1.7370062095308322e-7,0.00041677402838382124,0.9999998262993791,-0.0004167740283838212,0.9999998262993792,-0.00041677402838382135,1.73700620907184e-7,0.00041677402838382135
6.7286432160804015,1.787370807667746e-7,0.0004227730463600662,0.9999998212629194,-0.00042277304636006616,0.9999998212629193,-0.0004227730463600662,1.787370806755147e-7,0.0004227730463600662
6.824120603015075,1.83845516758957e-7,0.0004287720642450218,0.9999998161544832,-0.00042877206424502196,0.999999816154483,-0.0004287720642450219,1.8384551687611128e-7,0.00042877206424502185
6.919597989949748,1.8902592943205993e-7,0.000434771082037393,0.9999998109740704,-0.0004347710820373931,0.9999998109740704,-0.000434771082037393,1.8902592950676758e-7,0.000434771082037393
7.015075376884422,1.9427831853486865e-7,0.0004407700997358845,0.9999998057216815,-0.0004407700997358844,0.9999998057216815,-0.0004407700997358845,1.942783185652466e-7,0.0004407700997358845
7.110552763819095,1.9960268406738315e-7,0.00044676911733920044,0.999999800397316,-0.0004467691173392005,0.999999800397316,-0.00044676911733920066,1.996026840492799e-7,0.00044676911733920066
7.206030150753769,2.0499902602960341e-7,0.00045276813484604615,0.9999997950009741,-0.00045276813484604615,0.9999997950009741,-0.00045276813484604626,2.0499902595656816e-7,0.0004527681348460462
7.301507537688442,2.1046734417031467e-7,0.0004587671522551255,0.9999997895326558,-0.0004587671522551256,0.9999997895326556,-0.0004587671522551256,2.1046734428478066e-7,0.00045876715225512567
7.396984924623116,2.160076389919465e-7,0.00046476616956514386,0.999999783992361,-0.00046476616956514396,0.9999997839923609,-0.00046476616956514396,2.1600763903155626e-7,0.00046476616956514396
7.492462311557789,2.2161991011767666e-7,0.0004707651867748053,0.9999997783800898,-0.0004707651867748054,0.9999997783800898,-0.0004707651867748054,2.21619910194502e-7,0.00047076518677480536
7.5879396984924625,2.2730415792432743e-7,0.00047676420388281495,0.9999997726958423,-0.000476764203882815,0.9999997726958423,-0.00047676420388281495,2.2730415777119446e-7,0.0004767642038828149
7.683417085427135,2.330603817838618e-7,0.00048276322088787693,0.9999997669396182,-0.0004827632208878769,0.9999997669396182,-0.00048276322088787704,2.330603817591787e-7,0.00048276322088787704
7.7788944723618085,2.388885820731019e-7,0.0004887622377886963,0.9999997611114179,-0.0004887622377886962,0.9999997611114179,-0.0004887622377886962,2.3888858215596866e-7,0.0004887622377886962
7.874371859296482,2.4478875916887e-7,0.0004947612545839775,0.9999997552112411,-0.0004947612545839773,0.9999997552112412,-0.0004947612545839774,2.447887589590478e-7,0.0004947612545839775
7.969849246231155,2.507609121919143e-7,0.000500760271272425,0.9999997492390879,-0.0005007602712724249,0.9999997492390879,-0.000500760271272425,2.507609121658678e-7,0.0005007602712724251
8.065326633165828,2.568050420214865e-7,0.0005067592878527439,0.9999997431949582,-0.0005067592878527438,0.9999997431949584,-0.000506759287852744,2.568050417738496e-7,0.0005067592878527439
8.160804020100501,2.6292114790394234e-7,0.0005127583043236384,0.9999997370788523,-0.0005127583043236383,0.9999997370788524,-0.0005127583043236384,2.629211477803829e-7,0.0005127583043236384
8.256281407035175,2.6910923009049654e-7,0.0005187573206838134,0.9999997308907698,-0.0005187573206838134,0.9999997308907698,-0.0005187573206838135,2.691092301828267e-7,0.0005187573206838135
8.351758793969848,2.7536928883236395e-7,0.0005247563369319732,0.9999997246307111,-0.0005247563369319733,0.999999724630711,-0.0005247563369319733,2.753692889785081e-7,0.0005247563369319733
8.447236180904522,2.8170132425515187e-7,0.0005307553530668231,0.9999997182986758,-0.000530755353066823,0.9999997182986758,-0.0005307553530668231,2.8170132416472416e-7,0.0005307553530668232
8.542713567839195,2.881053357308234e-7,0.0005367543690870672,0.9999997118946643,-0.000536754369087067,0.9999997118946643,-0.0005367543690870671,2.8810533573873997e-7,0.0005367543690870672
8.638190954773869,2.945813236362007e-7,0.0005427533849914098,0.9999997054186764,-0.0005427533849914099,0.9999997054186762,-0.00054275338499141,2.9458132369779005e-7,0.00054275338499141
8.733668341708542,3.011292879712838e-7,0.0005487524007785566,0.9999996988707119,-0.0005487524007785565,0.9999996988707119,-0.0005487524007785566,3.0112928803907777e-7,0.0005487524007785567
8.829145728643216,3.0774922861046527e-7,0.0005547514164472112,0.9999996922507713,-0.0005547514164472115,0.9999996922507711,-0.0005547514164472114,3.0774922875977515e-7,0.0005547514164472113
8.924623115577889,3.144411458049599e-7,0.000560750431996079,0.9999996855588542,-0.0005607504319960792,0.9999996855588541,-0.0005607504319960793,3.144411458570237e-7,0.0005607504319960792
9.020100502512562,3.2120503942916026e-7,0.0005667494474238644,0.9999996787949608,-0.0005667494474238643,0.9999996787949608,-0.0005667494474238644,3.212050393279329e-7,0.0005667494474238644
9.115577889447236,3.2804090923185164e-7,0.0005727484627292717,0.9999996719590908,-0.0005727484627292717,0.9999996719590909,-0.0005727484627292717,3.2804090916958196e-7,0.0005727484627292717
9.21105527638191,3.349487554642488e-7,0.0005787474779110059,0.9999996650512447,-0.0005787474779110057,0.9999996650512447,-0.0005787474779110059,3.34948755379019e-7,0.0005787474779110059
9.306532663316583,3.41928577875137e-7,0.0005847464929677715,0.999999658071422,-0.0005847464929677715,0.999999658071422,-0.0005847464929677715,3.419285779532604e-7,0.0005847464929677715
9.402010050251256,3.4898037684133827e-7,0.0005907455078982728,0.9999996510196232,-0.0005907455078982729,0.9999996510196231,-0.000590745507898273,3.48980376889292e-7,0.000590745507898273
9.49748743718593,3.561041522372454e-7,0.0005967445227012154,0.9999996438958478,-0.0005967445227012153,0.9999996438958478,-0.0005967445227012154,3.561041521840685e-7,0.0005967445227012153
9.592964824120603,3.6329990368603607e-7,0.000602743537375303,0.9999996367000962,-0.0006027435373753031,0.9999996367000961,-0.000602743537375303,3.632999038345135e-7,0.000602743537375303
9.688442211055277,3.705676318157473e-7,0.0006087425519192407,0.9999996294323682,-0.0006087425519192406,0.9999996294323682,-0.0006087425519192407,3.705676318375192e-7,0.0006087425519192407
9.78391959798995,3.779073361239495e-7,0.0006147415663317331,0.9999996220926638,-0.000614741566331733,0.9999996220926638,-0.0006147415663317331,3.779073361899473e-7,0.0006147415663317331
9.879396984924623,3.853190168618575e-7,0.0006207405806114845,0.9999996146809832,-0.0006207405806114846,0.9999996146809831,-0.0006207405806114845,3.853190168886277e-7,0.0006207405806114845
9.974874371859297,3.928026740294713e-7,0.0006267395947571999,0.9999996071973262,-0.0006267395947571998,0.9999996071973262,-0.0006267395947571999,3.9280267393035995e-7,0.0006267395947572
10.07035175879397,4.0035830750118343e-7,0.0006327386087675842,0.9999995996416928,-0.0006327386087675839,0.9999995996416928,-0.000632738608767584,4.003583073119119e-7,0.0006327386087675841
10.165829145728644,4.079859170257792e-7,0.0006387376226413412,0.999999592014083,-0.000638737622641341,0.999999592014083,-0.0006387376226413412,4.0798591703002075e-7,0.000638737622641341
10.261306532663315,4.1568550335690287e-7,0.000644736636377176,0.9999995843144969,-0.0006447366363771759,0.9999995843144971,-0.0006447366363771762,4.156855030813926e-7,0.0006447366363771762
10.356783919597989,4.23457065364088e-7,0.0006507356499737933,0.9999995765429346,-0.0006507356499737935,0.9999995765429344,-0.0006507356499737935,4.2345706546270176e-7,0.0006507356499737935
10.452261306532662,4.3130060417780103e-7,0.000656734663429898,0.9999995686993959,-0.000656734663429898,0.9999995686993959,-0.000656734663429898,4.3130060417059257e-7,0.000656734663429898
10.547738693467336,4.392161191700051e-7,0.0006627336767441941,0.9999995607838809,-0.0006627336767441942,0.9999995607838807,-0.0006627336767441943,4.3921611920167763e-7,0.0006627336767441943
10.64321608040201,4.472036103407001e-7,0.0006687326899153869,0.9999995527963894,-0.0006687326899153871,0.9999995527963893,-0.0006687326899153869,4.472036105525384e-7,0.000668732689915387
10.738693467336683,4.552630781923157e-7,0.0006747317029421806,0.9999995447369219,-0.0006747317029421805,0.9999995447369218,-0.0006747317029421804,4.552630782197253e-7,0.0006747317029421805
10.834170854271356,4.633945220968149e-7,0.0006807307158232799,0.9999995366054778,-0.00068073071582328,0.9999995366054777,-0.0006807307158232799,4.6339452219975834e-7,0.0006807307158232799
10.92964824120603,4.7159794255662724e-7,0.0006867297285573895,0.9999995284020576,-0.0006867297285573895,0.9999995284020575,-0.0006867297285573895,4.7159794248912533e-7,0.0006867297285573895
11.025125628140703,4.798733391949306e-7,0.0006927287411432143,0.9999995201266609,-0.0006927287411432142,0.999999520126661,-0.0006927287411432143,4.798733390842838e-7,0.0006927287411432142
11.120603015075377,4.882207120117248e-7,0.0006987277535794581,0.999999511779288,-0.0006987277535794581,0.999999511779288,-0.0006987277535794583,4.882207119816598e-7,0.0006987277535794583
11.21608040201005,4.96640061258225e-7,0.0007047267658648267,0.9999995033599389,-0.0007047267658648266,0.9999995033599389,-0.0007047267658648267,4.966400611776486e-7,0.0007047267658648268
11.311557788944723,5.051313865576086e-7,0.0007107257779980237,0.9999994948686134,-0.0007107257779980238,0.9999994948686132,-0.0007107257779980237,5.051313866686139e-7,0.0007107257779980237
11.407035175879397,5.136946886635203e-7,0.0007167247899777545,0.9999994863053117,-0.0007167247899777543,0.9999994863053117,-0.0007167247899777545,5.136946884508892e-7,0.0007167247899777545
11.50251256281407,5.223299665711008e-7,0.0007227238018027236,0.9999994776700335,-0.0007227238018027233,0.9999994776700336,-0.0007227238018027234,5.223299665207761e-7,0.0007227238018027235
11.597989949748744,5.310372207827796e-7,0.0007287228134716349,0.9999994689627791,-0.0007287228134716348,0.9999994689627791,-0.0007287228134716351,5.310372208745454e-7,0.0007287228134716351
11.693467336683417,5.398164515497716e-7,0.0007347218249831937,0.9999994601835485,-0.0007347218249831937,0.9999994601835486,-0.0007347218249831941,5.398164515084365e-7,0.0007347218249831941
11.78894472361809,5.486676584952545e-7,0.0007407208363361051,0.9999994513323417,-0.0007407208363361051,0.9999994513323416,-0.0007407208363361051,5.486676584186585e-7,0.0007407208363361051
11.884422110552764,5.575908416192284e-7,0.0007467198475290728,0.9999994424091584,-0.0007467198475290728,0.9999994424091584,-0.000746719847529073,5.575908416013887e-7,0.000746719847529073
11.979899497487438,5.665860009216933e-7,0.000752718858560802,0.999999433413999,-0.000752718858560802,0.9999994334139989,-0.000752718858560802,5.665860010527733e-7,0.0007527188585608021
12.075376884422111,5.756531367794715e-7,0.000758717869429997,0.9999994243468633,-0.0007587178694299973,0.9999994243468632,-0.0007587178694299972,5.756531367689281e-7,0.0007587178694299971
12.170854271356784,5.847922485645257e-7,0.0007647168801353628,0.9999994152077514,-0.000764716880135363,0.999999415207751,-0.0007647168801353628,5.847922487459373e-7,0.000764716880135363
12.266331658291456,5.940033370305006e-7,0.0007707158906756041,0.999999405996663,-0.0007707158906756039,0.9999994059966631,-0.0007707158906756041,5.94003336979854e-7,0.0007707158906756041
12.36180904522613,6.032864014237516e-7,0.0007767149010494249,0.9999993967135986,-0.000776714901049425,0.9999993967135985,-0.0007767149010494249,6.032864014667001e-7,0.0007767149010494249
12.457286432160803,6.126414421211011e-7,0.0007827139112555302,0.9999993873585578,-0.0007827139112555304,0.9999993873585578,-0.0007827139112555305,6.126414422024672e-7,0.0007827139112555305
12.552763819095476,6.220684591225488e-7,0.0007887129212926251,0.9999993779315409,-0.0007887129212926251,0.9999993779315408,-0.0007887129212926251,6.220684591831146e-7,0.0007887129212926251
12.64824120603015,6.315674523024876e-7,0.0007947119311594136,0.9999993684325476,-0.0007947119311594138,0.9999993684325474,-0.0007947119311594136,6.315674524045716e-7,0.0007947119311594137
12.743718592964823,6.411384217865248e-7,0.0008007109408546003,0.9999993588615781,-0.0008007109408546004,0.9999993588615781,-0.0008007109408546008,6.411384218627359e-7,0.0008007109408546008
12.839195979899497,6.507813675746603e-7,0.0008067099503768906,0.9999993492186324,-0.0008067099503768906,0.9999993492186324,-0.0008067099503768909,6.50781367553474e-7,0.0008067099503768909
12.93467336683417,6.604962894156795e-7,0.0008127089597249886,0.9999993395037106,-0.0008127089597249888,0.9999993395037104,-0.000812708959724989,6.604962894726222e-7,0.0008127089597249889
13.030150753768844,6.702831876864043e-7,0.0008187079688975991,0.9999993297168125,-0.0008187079688975991,0.9999993297168124,-0.0008187079688975991,6.702831876159838e-7,0.0008187079688975991
13.125628140703517,6.801420620100128e-7,0.0008247069778934263,0.999999319857938,-0.0008247069778934264,0.999999319857938,-0.0008247069778934265,6.801420619793332e-7,0.0008247069778934265
13.22110552763819,6.900729126377197e-7,0.0008307059867111756,0.9999993099270875,-0.0008307059867111755,0.9999993099270875,-0.0008307059867111758,6.900729125584128e-7,0.0008307059867111758
13.316582914572864,7.000757393183102e-7,0.0008367049953495511,0.9999992999242607,-0.000836704995349551,0.9999992999242607,-0.0008367049953495511,7.000757393489332e-7,0.0008367049953495511
13.412060301507537,7.101505424286063e-7,0.0008427040038072574,0.9999992898494577,-0.0008427040038072572,0.9999992898494577,-0.0008427040038072574,7.101505423465748e-7,0.0008427040038072574
13.507537688442211,7.202973213405713e-7,0.0008487030120829991,0.9999992797026784,-0.0008487030120829993,0.9999992797026783,-0.0008487030120829993,7.202973215469873e-7,0.0008487030120829993
13.603015075376884,7.305160770590644e-7,0.0008547020201754817,0.9999992694839231,-0.0008547020201754814,0.9999992694839231,-0.0008547020201754818,7.305160769457882e-7,0.0008547020201754818
13.698492462311558,7.408068085792261e-7,0.0008607010280834089,0.9999992591931914,-0.0008607010280834088,0.9999992591931915,-0.0008607010280834089,7.408068085385646e-7,0.0008607010280834089
13.793969849246231,7.511695164034862e-7,0.0008667000358054856,0.9999992488304837,-0.0008667000358054853,0.9999992488304837,-0.0008667000358054856,7.511695163208722e-7,0.0008667000358054857
13.889447236180905,7.6160420028063e-7,0.0008726990433404163,0.9999992383957997,-0.0008726990433404163,0.9999992383957997,-0.0008726990433404165,7.616042002882361e-7,0.0008726990433404165
13.984924623115578,7.721108604618721e-7,0.0008786980506869061,0.9999992278891395,-0.0008786980506869062,0.9999992278891395,-0.0008786980506869063,7.721108604361496e-7,0.0008786980506869063
14.080402010050252,7.826894966959978e-7,0.0008846970578436596,0.9999992173105032,-0.0008846970578436595,0.9999992173105032,-0.0008846970578436594,7.826894967600756e-7,0.0008846970578436595
14.175879396984925,7.933401091086145e-7,0.0008906960648093807,0.9999992066598908,-0.0008906960648093811,0.9999992066598906,-0.0008906960648093807,7.933401092554456e-7,0.0008906960648093807
14.271356783919597,8.040626978253296e-7,0.0008966950715827748,0.999999195937302,-0.0008966950715827748,0.999999195937302,-0.0008966950715827752,8.040626979176604e-7,0.0008966950715827752
14.36683417085427,8.148572627205356e-7,0.0009026940781625467,0.9999991851427373,-0.0009026940781625467,0.9999991851427372,-0.0009026940781625465,8.148572627420884e-7,0.0009026940781625466
14.462311557788944,8.257238037942326e-7,0.0009086930845474002,0.9999991742761963,-0.0009086930845474001,0.9999991742761963,-0.0009086930845474005,8.25723803724069e-7,0.0009086930845474004
14.557788944723617,8.366623207952058e-7,0.0009146920907360406,0.9999991633376791,-0.0009146920907360406,0.9999991633376791,-0.0009146920907360406,8.366623208589082e-7,0.0009146920907360406
14.65326633165829,8.476728141002774e-7,0.0009206910967271722,0.999999152327186,-0.0009206910967271722,0.9999991523271858,-0.0009206910967271725,8.476728141418835e-7,0.0009206910967271725
14.748743718592964,8.587552837094473e-7,0.0009266901025195,0.9999991412447164,-0.0009266901025194999,0.9999991412447166,-0.0009266901025195,8.587552835682384e-7,0.0009266901025195
14.844221105527637,8.699097291202862e-7,0.000932689108111728,0.9999991300902709,-0.0009326891081117283,0.9999991300902709,-0.0009326891081117286,8.699097291331884e-7,0.0009326891081117284
14.93969849246231,8.811361508352233e-7,0.0009386881135025622,0.9999991188638492,-0.0009386881135025621,0.9999991188638492,-0.0009386881135025622,8.811361508319155e-7,0.0009386881135025623
15.035175879396984,8.924345486030439e-7,0.0009446871186907055,0.9999991075654514,-0.0009446871186907057,0.9999991075654513,-0.0009446871186907057,8.924345486595712e-7,0.0009446871186907057
15.130653266331658,9.038049224237482e-7,0.0009506861236748635,0.9999990961950774,-0.0009506861236748638,0.9999990961950772,-0.0009506861236748637,9.038049226112766e-7,0.0009506861236748637
15.226130653266331,9.152472725485509e-7,0.0009566851284537412,0.9999990847527274,-0.0009566851284537412,0.9999990847527273,-0.0009566851284537412,9.152472726821218e-7,0.0009566851284537413
15.321608040201005,9.267615988518446e-7,0.0009626841330260425,0.9999990732384012,-0.0009626841330260423,0.9999990732384012,-0.0009626841330260425,9.267615988671645e-7,0.0009626841330260427
15.417085427135678,9.383479012080219e-7,0.0009686831373904723,0.9999990616520988,-0.0009686831373904721,0.999999061652099,-0.0009686831373904725,9.383479011614325e-7,0.0009686831373904725
15.512562814070352,9.500061794914753e-7,0.000974682141545735,0.9999990499938204,-0.0009746821415457351,0.9999990499938204,-0.0009746821415457352,9.50006179559922e-7,0.0009746821415457352
15.608040201005025,9.617364340790272e-7,0.0009806811454905358,0.999999038263566,-0.0009806811454905358,0.999999038263566,-0.0009806811454905362,9.617364340575985e-7,0.000980681145490536
15.703517587939698,9.735386644682478e-7,0.0009866801492235788,0.9999990264613354,-0.0009866801492235794,0.9999990264613352,-0.0009866801492235792,9.73538664649396e-7,0.000986680149223579
15.798994974874372,9.854128716639962e-7,0.0009926791527435697,0.9999990145871287,-0.0009926791527435693,0.9999990145871289,-0.0009926791527435697,9.85412871330218e-7,0.0009926791527435695
15.894472361809045,9.97359054158984e-7,0.0009986781560492116,0.999999002640946,-0.0009986781560492113,0.999999002640946,-0.0009986781560492118,9.973590540949364e-7,0.0009986781560492118
15.989949748743719,1.0093772128324629e-6,0.0010046771591392097,0.9999989906227871,-0.00100467715913921,0.999998990622787,-0.00100467715913921,1.0093772129383915e-6,0.0010046771591392099
16.085427135678394,1.0214673479356473e-6,0.0010106761620122693,0.9999989785326522,-0.0010106761620122693,0.9999989785326522,-0.00101067616201227,1.0214673478553946e-6,0.0010106761620122698
16.180904522613066,1.033629458966108e-6,0.0010166751646670947,0.9999989663705412,-0.0010166751646670945,0.9999989663705413,-0.001016675164667095,1.0336294588407224e-6,0.001016675164667095
16.276381909547737,1.0458635456726302e-6,0.0010226741671023904,0.9999989541364541,-0.0010226741671023904,0.999998954136454,-0.00102267416710239,1.045863545889124e-6,0.0010226741671023902
16.371859296482413,1.0581696089344656e-6,0.0010286731693168608,0.9999989418303911,-0.001028673169316861,0.999998941830391,-0.0010286731693168608,1.0581696089953166e-6,0.0010286731693168608
16.467336683417084,1.0705476479979695e-6,0.0010346721713092111,0.9999989294523519,-0.0010346721713092113,0.9999989294523518,-0.001034672171309211,1.0705476481539842e-6,0.001034672171309211
16.56281407035176,1.0829976634911793e-6,0.0010406711730781453,0.9999989170023367,-0.001040671173078145,0.9999989170023368,-0.0010406711730781455,1.0829976633597825e-6,0.0010406711730781455
16.65829145728643,1.0955196545348431e-6,0.0010466701746223688,0.9999989044803453,-0.0010466701746223686,0.9999989044803453,-0.0010466701746223688,1.095519654607334e-6,0.001046670174622369
16.753768844221106,1.1081136218826056e-6,0.0010526691759405857,0.9999988918863781,-0.0010526691759405857,0.9999988918863781,-0.0010526691759405859,1.1081136218912313e-6,0.0010526691759405859
16.849246231155778,1.1207795654088586e-6,0.001058668177031501,0.9999988792204348,-0.0010586681770315008,0.999998879220435,-0.001058668177031501,1.1207795652060353e-6,0.001058668177031501
16.944723618090453,1.1335174843599584e-6,0.0010646671778938186,0.9999988664825156,-0.0010646671778938193,0.9999988664825152,-0.0010646671778938189,1.1335174845462765e-6,0.0010646671778938189
17.040201005025125,1.1463273801175863e-6,0.001070666178526245,0.9999988536726202,-0.0010706661785262449,0.9999988536726202,-0.0010706661785262449,1.1463273799064547e-6,0.0010706661785262449
17.1356783919598,1.159209251425668e-6,0.0010766651789274825,0.9999988407907487,-0.0010766651789274823,0.9999988407907489,-0.0010766651789274827,1.1592092512810367e-6,0.0010766651789274827
17.231155778894472,1.1721630987866335e-6,0.001082664179096237,0.9999988278369014,-0.0010826641790962369,0.9999988278369014,-0.0010826641790962373,1.1721630986644592e-6,0.0010826641790962373
17.326633165829143,1.1851889222004823e-6,0.0010886631790312134,0.999998814811078,-0.0010886631790312132,0.999998814811078,-0.0010886631790312132,1.1851889220511283e-6,0.0010886631790312132
17.42211055276382,1.1982867214160002e-6,0.0010946621787311153,0.9999988017132786,-0.0010946621787311156,0.9999988017132786,-0.0010946621787311156,1.1982867214354192e-6,0.0010946621787311153
17.51758793969849,1.2114564969356162e-6,0.0011006611781946482,0.9999987885435032,-0.001100661178194648,0.9999987885435033,-0.0011006611781946487,1.2114564968116756e-6,0.0011006611781946487
17.613065326633166,1.2246982481312938e-6,0.0011066601774205168,0.9999987753017519,-0.0011066601774205168,0.9999987753017517,-0.0011066601774205168,1.224698248174209e-6,0.0011066601774205168
17.708542713567837,1.2380119755054622e-6,0.0011126591764074253,0.9999987619880245,-0.0011126591764074251,0.9999987619880245,-0.0011126591764074253,1.2380119755173014e-6,0.0011126591764074253
17.804020100502512,1.2513976786812996e-6,0.0011186581751540785,0.9999987486023212,-0.0011186581751540785,0.9999987486023211,-0.0011186581751540785,1.2513976788352038e-6,0.0011186581751540785
17.899497487437184,1.2648553580356277e-6,0.0011246571736591808,0.9999987351446419,-0.001124657173659181,0.9999987351446419,-0.0011246571736591808,1.264855358122134e-6,0.0011246571736591808
17.99497487437186,1.2783850133172321e-6,0.0011306561719214377,0.9999987216149867,-0.0011306561719214374,0.9999987216149866,-0.0011306561719214377,1.278385013372282e-6,0.0011306561719214377
18.09045226130653,1.2919866445261128e-6,0.0011366551699395523,0.9999987080133556,-0.0011366551699395528,0.9999987080133553,-0.0011366551699395528,1.2919866445798035e-6,0.0011366551699395528
18.185929648241206,1.3056602515366623e-6,0.001142654167712231,0.9999986943397482,-0.0011426541677122318,0.9999986943397481,-0.0011426541677122314,1.305660251738825e-6,0.0011426541677122311
18.281407035175878,1.31940583485131e-6,0.0011486531652381779,0.9999986805941652,-0.001148653165238178,0.9999986805941652,-0.0011486531652381779,1.3194058348434417e-6,0.0011486531652381779
18.376884422110553,1.3332233939676268e-6,0.0011546521625160973,0.9999986667766062,-0.001154652162516097,0.9999986667766062,-0.0011546521625160973,1.3332233938877181e-6,0.0011546521625160973
18.472361809045225,1.3471129290112196e-6,0.0011606511595446936,0.9999986528870711,-0.0011606511595446936,0.9999986528870712,-0.001160651159544694,1.3471129288656858e-6,0.001160651159544694
18.5678391959799,1.3610744397308737e-6,0.001166650156322672,0.9999986389255603,-0.0011666501563226718,0.9999986389255602,-0.001166650156322672,1.3610744397713458e-6,0.001166650156322672
18.66331658291457,1.3751079265034115e-6,0.0011726491528487365,0.9999986248920734,-0.001172649152848737,0.9999986248920733,-0.001172649152848737,1.3751079265986703e-6,0.001172649152848737
18.758793969849247,1.3892133893288327e-6,0.001178648149121593,0.9999986107866107,-0.0011786481491215931,0.9999986107866107,-0.0011786481491215934,1.3892133893415988e-6,0.0011786481491215931
18.85427135678392,1.4033908282071378e-6,0.0011846471451399455,0.9999985966091721,-0.0011846471451399452,0.9999985966091721,-0.0011846471451399455,1.4033908279940392e-6,0.0011846471451399455
18.949748743718594,1.4176402426358967e-6,0.0011906461409024976,0.9999985823597575,-0.0011906461409024976,0.9999985823597575,-0.001190646140902498,1.4176402425498687e-6,0.001190646140902498
19.045226130653266,1.4319616329919319e-6,0.0011966451364079555,0.9999985680383671,-0.0011966451364079558,0.999998568038367,-0.0011966451364079555,1.431961633002933e-6,0.0011966451364079555
19.14070351758794,1.4463549994008505e-6,0.0012026441316550238,0.9999985536450007,-0.0012026441316550236,0.9999985536450007,-0.0012026441316550238,1.44635499934705e-6,0.0012026441316550236
19.236180904522612,1.4608203414858306e-6,0.0012086431266424057,0.9999985391796584,-0.0012086431266424055,0.9999985391796584,-0.0012086431266424057,1.4608203415760009e-6,0.0012086431266424057
19.331658291457288,1.4753576597493018e-6,0.0012146421213688073,0.9999985246423404,-0.0012146421213688069,0.9999985246423404,-0.0012146421213688073,1.4753576596835403e-6,0.0012146421213688073
19.42713567839196,1.4899669536888343e-6,0.001220641115832932,0.9999985100330463,-0.001220641115832932,0.9999985100330463,-0.001220641115832932,1.4899669536633884e-6,0.0012206411158329322
19.52261306532663,1.5046482234300355e-6,0.0012266401100334858,0.9999984953517764,-0.0012266401100334858,0.9999984953517764,-0.0012266401100334858,1.5046482235092386e-6,0.0012266401100334858
19.618090452261306,1.5194014692241204e-6,0.0012326391039691722,0.9999984805985308,-0.0012326391039691722,0.9999984805985308,-0.0012326391039691722,1.5194014692147486e-6,0.0012326391039691722
19.713567839195978,1.5342266905686593e-6,0.0012386380976386964,0.9999984657733092,-0.001238638097638697,0.9999984657733091,-0.0012386380976386968,1.5342266907735485e-6,0.0012386380976386966
19.809045226130653,1.5491238882172965e-6,0.0012446370910407637,0.9999984508761118,-0.0012446370910407633,0.9999984508761119,-0.0012446370910407637,1.5491238881792353e-6,0.001244637091040764
19.904522613065325,1.5640930614163877e-6,0.001250636084174077,0.9999984359069386,-0.001250636084174077,0.9999984359069386,-0.0012506360841740777,1.5640930614253752e-6,0.0012506360841740775
20.0,1.579134210542755e-6,0.0012566350770373434,0.9999984208657895,-0.001256635077037343,0.9999984208657896,-0.0012566350770373434,1.5791342105055047e-6,0.0012566350770373434
