2.0,2.51214793389404e-16,1.9626155733547188e-18,0.9998960518986978,-0.014418231424031463,0.9998960518986978,-0.014418231424031461,0.0,0.0
2.0904522613065324,-1.25607396694702e-16,3.9252311467094376e-18,0.9998864371241167,-0.015070263940611348,0.9998864371241165,-0.015070263940611343,-9.809652751780993e-17,3.011976026693896e-18
2.180904522613065,-0.0,-3.9252311467094376e-18,0.9998763971589806,-0.01572229004872958,0.9998763971589807,-0.015722290048729583,-9.811864942470117e-17,1.5428405649218299e-18
2.271356783919598,-1.25607396694702e-16,-3.9252311467094376e-18,0.9998659320075586,-0.016374309471119324,0.9998659320075586,-0.016374309471119324,-9.814272909215806e-17,7.373588743424712e-20
2.3618090452261304,1.25607396694702e-16,-3.9252311467094376e-18,0.999855041674301,-0.0170263219305166,0.9998550416743013,-0.017026321930516605,-9.811655379436075e-17,1.6708062288891435e-18
2.4522613065326633,0.0,1.9626155733547188e-18,0.9998437261638389,-0.01767832714966037,0.9998437261638389,-0.01767832714966037,-2.710606263654921e-20,-1.5330538030391883e-18
2.542713567839196,1.25607396694702e-16,-3.9252311467094376e-18,0.9998319854809838,-0.018330324851292698,0.9998319854809837,-0.0183303248512927,-2.810576642015475e-20,-1.5330358011274592e-18
2.6331658291457285,-1.25607396694702e-16,0.0,0.9998198196307283,-0.018982314758158834,0.9998198196307282,-0.01898231475815883,-9.814220288605075e-17,3.297321808248276e-19
2.7236180904522613,2.51214793389404e-16,-3.9252311467094376e-18,0.9998072286182461,-0.019634296593007326,0.9998072286182463,-0.019634296593007337,-9.81118618619396e-17,1.9267288132650847e-18
2.8140703517587937,-0.0,0.0,0.9997942124488911,-0.020286270078590192,0.9997942124488912,-0.020286270078590195,-3.110480436056326e-20,-1.5329778839860236e-18
2.9045226130653266,-1.25607396694702e-16,3.9252311467094376e-18,0.9997807711281985,-0.02093823493766296,0.9997807711281983,-0.020938234937662954,-9.81092655678396e-17,2.054685298360859e-18
2.9949748743718594,-1.25607396694702e-16,3.9252311467094376e-18,0.9997669046618839,-0.021590190892984865,0.9997669046618838,-0.02159019089298486,0.0,0.0
3.0854271356783918,-1.25607396694702e-16,3.9252311467094376e-18,0.9997526130558438,-0.022242137667318886,0.9997526130558438,-0.022242137667318883,-9.814060611753193e-17,6.49724188618456e-19
3.1758793969849246,-0.0,0.0,0.999737896316156,-0.022894074983431947,0.9997378963161561,-0.02289407498343195,-3.510333445315174e-20,-1.5328915348304477e-18
3.2663316582914574,-0.0,-7.850462293418875e-18,0.999722754449078,-0.02354600256409496,0.999722754449078,-0.023546002564094965,-9.813967527666254e-17,7.777192482218054e-19
3.35678391959799,-0.0,0.0,0.9997071874610491,-0.024197920132083016,0.9997071874610493,-0.02419792013208302,-3.710251163595298e-20,-1.5328444491450786e-18
3.4472361809045227,-1.25607396694702e-16,3.9252311467094376e-18,0.9996911953586889,-0.024849827410175416,0.9996911953586889,-0.024849827410175412,-9.806237335105413e-17,3.971352842079172e-18
3.537688442211055,-2.51214793389404e-16,0.0,0.999674778148798,-0.025501724121155873,0.9996747781487978,-0.025501724121155867,0.0,0.0
3.628140703517588,-1.25607396694702e-16,0.0,0.9996579358383573,-0.026153609987812583,0.9996579358383572,-0.026153609987812573,-9.817741396123324e-17,-4.990637508361639e-19
3.7185929648241207,-0.0,-3.9252311467094376e-18,0.9996406684345291,-0.026805484732938333,0.9996406684345291,-0.026805484732938336,-4.1100673272021043e-20,-1.5327424559596311e-18
3.809045226130653,-0.0,0.0,0.999622975944656,-0.027457348079330687,0.9996229759446561,-0.027457348079330687,-9.81358811746582e-17,1.1616956189944002e-18
3.899497487437186,-0.0,-7.850462293418875e-18,0.9996048583762617,-0.028109199749792008,0.9996048583762618,-0.028109199749792015,-9.809200311251448e-17,2.7583776591740186e-18
3.9899497487437188,1.25607396694702e-16,-0.0,0.9995863157370503,-0.028761039467129657,0.9995863157370506,-0.02876103946712966,-9.817838173383397e-17,-2.429750364498975e-19
4.080402010050251,1.25607396694702e-16,-3.9252311467094376e-18,0.9995673480349071,-0.029412866954156052,0.9995673480349072,-0.029412866954156052,-9.019711053318288e-20,-3.0652600685471644e-18
4.1708542713567835,1.25607396694702e-16,-3.9252311467094376e-18,0.9995479552778976,-0.030064681933688834,0.9995479552778979,-0.03006468193368884,-9.219595776720935e-20,-3.0652005989738567e-18
4.261306532663316,-0.0,-1.1775693440128313e-17,0.9995281374742685,-0.03071648412855094,0.9995281374742687,-0.03071648412855095,-9.808447443066181e-17,3.014232505469857e-18
4.351758793969849,-0.0,-1.1775693440128313e-17,0.9995078946324474,-0.03136827326157077,0.9995078946324472,-0.03136827326157077,-9.808248798483141e-17,3.07819308062026e-18
4.442211055276382,1.25607396694702e-16,-7.850462293418875e-18,0.9994872267610417,-0.03202004905558225,0.999487226761042,-0.03202004905558226,-9.819226083760595e-20,-3.065014369703657e-18
4.532663316582915,2.51214793389404e-16,-3.9252311467094376e-18,0.9994661338688406,-0.03267181123342501,0.9994661338688409,-0.03267181123342502,-9.817858091473163e-17,1.4116059030312389e-19
4.623115577889447,-0.0,-7.850462293418875e-18,0.9994446159648137,-0.033323559517944454,0.9994446159648138,-0.03332355951794446,-1.0218958885864167e-19,-3.064883699996984e-18
4.71356783919598,-0.0,-7.850462293418875e-18,0.9994226730581109,-0.03397529363199188,0.999422673058111,-0.033975293631991886,-9.807412512538252e-17,3.334022019572334e-18
4.8040201005025125,1.25607396694702e-16,-3.9252311467094376e-18,0.9994003051580637,-0.034627013298424617,0.9994003051580638,-0.03462701329842462,0.0,0.0
4.894472361809045,-0.0,0.0,0.9993775122741833,-0.03527871824010617,0.9993775122741831,-0.03527871824010617,0.0,0.0
4.984924623115578,-0.0,0.0,0.9993542944161622,-0.035930408179906274,0.9993542944161622,-0.035930408179906274,-1.1018371664199348e-19,-3.0646067211251198e-18
5.07537688442211,-1.25607396694702e-16,0.0,0.9993306515938737,-0.036582082840701045,0.9993306515938736,-0.03658208284070104,0.0,0.0
5.165829145728643,-1.25607396694702e-16,-7.850462293418875e-18,0.9993065838173716,-0.0372337419453731,0.9993065838173714,-0.0372337419453731,0.0,0.0
5.256281407035176,1.25607396694702e-16,-7.850462293418875e-18,0.9992820910968901,-0.03788538521681167,0.9992820910968905,-0.03788538521681169,-9.81765085315442e-17,6.533370480759471e-19
5.346733668341709,-1.25607396694702e-16,-1.570092458683775e-17,0.9992571734428451,-0.03853701237791273,0.9992571734428453,-0.038537012377912745,-9.817606161402267e-17,7.1735814094565335e-19
5.437185929648241,-0.0,0.0,0.9992318308658324,-0.03918862315157911,0.9992318308658324,-0.03918862315157911,-1.2017531577440382e-19,-3.064231176014111e-18
5.527638190954773,1.25607396694702e-16,-7.850462293418875e-18,0.9992060633766282,-0.039840217260720574,0.9992060633766284,-0.039840217260720595,-9.817504253436186e-17,8.453993843152962e-19
5.618090452261306,-1.25607396694702e-16,0.0,0.9991798709861904,-0.040491794428254006,0.9991798709861902,-0.040491794428254,0.0,0.0
5.708542713567839,-2.51214793389404e-16,-7.850462293418875e-18,0.9991532537056566,-0.04114335437710348,0.9991532537056563,-0.041143354377103473,-9.804768679453798e-17,4.037429402027766e-18
5.798994974874372,-1.25607396694702e-16,0.0,0.9991262115463456,-0.041794896830200386,0.9991262115463453,-0.04179489683020037,-9.804503312638793e-17,4.101365770285251e-18
5.889447236180905,-1.25607396694702e-16,0.0,0.999098744519757,-0.042446421510483584,0.9990987445197567,-0.04244642151048358,0.0,0.0
5.9798994974874375,1.25607396694702e-16,-7.850462293418875e-18,0.9990708526375702,-0.04309792814089945,0.9990708526375705,-0.04309792814089946,-9.817176425254593e-17,1.1654957251337286e-18
6.07035175879397,1.25607396694702e-16,-0.0,0.9990425359116469,-0.04374941644440206,0.9990425359116469,-0.04374941644440206,0.0,0.0
6.160804020100502,-1.25607396694702e-16,-7.850462293418875e-18,0.9990137943540278,-0.04440088614395331,0.9990137943540277,-0.04440088614395331,0.0,0.0
6.251256281407035,-1.25607396694702e-16,7.850462293418875e-18,0.9989846279769349,-0.04505233696252292,0.998984627976935,-0.045052336962522914,-9.830745322715849e-17,-1.705925306846101e-18
6.341708542713568,-1.25607396694702e-16,0.0,0.9989550367927713,-0.04570376862308874,0.9989550367927714,-0.04570376862308874,1.4015457509480424e-19,3.0633823629541084e-18
6.432160804020101,-0.0,0.0,0.99892502081412,-0.046355180848636685,0.99892502081412,-0.04635518084863668,-2.8430437449752736e-19,-6.126580632698371e-18
6.522613065326634,-0.0,-7.850462293418875e-18,0.998894580053745,-0.04700657336216102,0.9988945800537451,-0.047006573362161026,-9.816645268660919e-17,1.5495946794166937e-18
6.613065326633166,-0.0,-7.850462293418875e-18,0.9988637145245911,-0.0476579458866643,0.9988637145245911,-0.047657945886664305,-1.4614722936134973e-19,-3.0631023152889134e-18
6.703517587939698,0.0,7.850462293418875e-18,0.9988324242397834,-0.04830929814515765,0.9988324242397831,-0.04830929814515764,0.0,0.0
6.793969849246231,-2.51214793389404e-16,-7.850462293418875e-18,0.9988007092126272,-0.04896062986066078,0.9988007092126271,-0.04896062986066076,-9.831337537469008e-17,-1.3212734757681804e-18
6.884422110552764,-0.0,0.0,0.99876856945661,-0.04961194075620213,0.99876856945661,-0.04961194075620213,0.0,0.0
6.974874371859297,1.25607396694702e-16,-0.0,0.998736004985398,-0.05026323055481902,0.9987360049853982,-0.05026323055481902,-9.800674185272093e-17,4.932369952700328e-18
7.06532663316583,-1.25607396694702e-16,7.850462293418875e-18,0.9987030158128395,-0.050914498979557736,0.9987030158128393,-0.050914498979557715,1.5613373219817642e-19,3.062609518735316e-18
7.155778894472362,-1.25607396694702e-16,-1.570092458683775e-17,0.9986696019529622,-0.05156574575347363,0.9986696019529622,-0.05156574575347363,-9.815835650842243e-17,1.9976797311382996e-18
7.2462311557788945,-2.51214793389404e-16,-7.850462293418875e-18,0.9986357634199754,-0.05221697059963126,0.9986357634199752,-0.05221697059963125,-9.79969050698511e-17,5.124091984612089e-18
7.336683417085427,1.25607396694702e-16,-0.0,0.9986015002282685,-0.05286817324110455,0.9986015002282685,-0.05286817324110455,-9.81556676401346e-17,2.125696794510061e-18
7.42713567839196,-0.0,-7.850462293418875e-18,0.9985668123924114,-0.053519353400976834,0.9985668123924114,-0.05351935340097684,0.0,0.0
7.517587939698493,-0.0,-7.850462293418875e-18,0.9985316999271546,-0.05417051080234102,0.9985316999271547,-0.054170510802341025,-9.798669323826975e-17,5.315794405862726e-18
7.608040201005025,1.25607396694702e-16,-0.0,0.9984961628474298,-0.05482164516829966,0.9984961628474298,-0.054821645168299654,-9.798320595696475e-17,5.379690728211569e-18
7.698492462311558,-0.0,-2.3551386880256626e-17,0.9984602011683481,-0.055472756221965146,0.9984602011683481,-0.055472756221965146,-9.831990105707596e-17,-6.80145050180209e-19
7.788944723618091,1.25607396694702e-16,-7.850462293418875e-18,0.9984238149052024,-0.05612384368645974,0.9984238149052026,-0.056123843686459764,0.0,0.0
7.8793969849246235,-1.25607396694702e-16,-7.850462293418875e-18,0.9983870040734651,-0.056774907284915826,0.998387004073465,-0.056774907284915826,0.0,0.0
7.969849246231156,-2.51214793389404e-16,0.0,0.9983497686887899,-0.057425946740475776,0.9983497686887896,-0.057425946740475756,-3.5220330433592616e-19,-6.123052511511562e-18
8.060301507537687,-1.25607396694702e-16,0.0,0.9983121087670104,-0.058076961776292395,0.9983121087670103,-0.05807696177629239,-3.561960926102443e-19,-6.122821536671013e-18
8.15075376884422,-0.0,-1.570092458683775e-17,0.9982740243241411,-0.05872795211552877,0.9982740243241414,-0.058727952115528795,-9.796140733070236e-17,5.763019670658351e-18
8.241206030150753,-1.25607396694702e-16,0.0,0.9982355153763776,-0.05937891748135853,0.9982355153763774,-0.059378917481358526,0.0,0.0
8.331658291457286,0.0,7.850462293418875e-18,0.9981965819400945,-0.06002985759696591,0.9981965819400945,-0.0600298575969659,-9.795380784925397e-17,5.890776669303567e-18
8.422110552763819,-0.0,-1.570092458683775e-17,0.9981572240318485,-0.06068077218554589,0.9981572240318485,-0.0606807721855459,-9.794994562707105e-17,5.954651424727112e-18
8.512562814070352,-1.25607396694702e-16,-7.850462293418875e-18,0.9981174416683757,-0.06133166097030427,0.9981174416683758,-0.06133166097030427,-9.794604175276623e-17,6.018523648001547e-18
8.603015075376884,2.51214793389404e-16,-7.850462293418875e-18,0.9980772348665934,-0.06198252367445792,0.9980772348665937,-0.06198252367445794,-9.79420962279996e-17,6.082393311965935e-18
8.693467336683417,-2.51214793389404e-16,-7.850462293418875e-18,0.9980366036435991,-0.06263336002123468,0.9980366036435988,-0.06263336002123467,0.0,0.0
8.78391959798995,-1.25607396694702e-16,-7.850462293418875e-18,0.9979955480166706,-0.06328416973387366,0.9979955480166702,-0.06328416973387364,0.0,0.0
8.874371859296483,-1.25607396694702e-16,-2.3551386880256626e-17,0.997954068003266,-0.06393495253562531,0.997954068003266,-0.06393495253562533,-3.921241672753532e-19,-6.1206256104872e-18
8.964824120603016,-0.0,-1.570092458683775e-17,0.9979121636210248,-0.06458570814975148,0.997912163621025,-0.0645857081497515,-9.79258976581363e-17,6.337845831542253e-18
9.055276381909547,0.0,7.850462293418875e-18,0.9978698348877663,-0.0652364362995256,0.9978698348877663,-0.06523643629952558,-9.79217439065816e-17,6.4017022915806e-18
9.14572864321608,-1.25607396694702e-16,1.570092458683775e-17,0.9978270818214899,-0.06588713670823282,0.99782708182149,-0.0658871367082328,-9.791754851489748e-17,6.465556029366454e-18
9.236180904522612,-1.25607396694702e-16,1.570092458683775e-17,0.9977839044403766,-0.06653780909917001,0.9977839044403763,-0.06653780909916998,0.0,0.0
9.326633165829145,-0.0,-7.850462293418875e-18,0.9977403027627864,-0.067188453195646,0.9977403027627862,-0.067188453195646,-4.120784518480921e-19,-6.1193145511434265e-18
9.417085427135678,2.51214793389404e-16,-1.570092458683775e-17,0.9976962768072606,-0.06783906872098165,0.9976962768072608,-0.06783906872098168,-4.1606878985524886e-19,-6.119044532312345e-18
9.507537688442211,-3.76822190084106e-16,-7.850462293418875e-18,0.9976518265925207,-0.06848965539850996,0.9976518265925206,-0.06848965539850994,-9.790035058281312e-17,6.720943214940685e-18
9.597989949748744,-1.25607396694702e-16,7.850462293418875e-18,0.9976069521374692,-0.06914021295157621,0.9976069521374691,-0.0691402129515762,-4.240489333869534e-19,-6.118496688599789e-18
9.688442211055277,1.25607396694702e-16,-0.0,0.9975616534611877,-0.06979074110353806,0.9975616534611881,-0.06979074110353808,0.0,0.0
9.77889447236181,-1.25607396694702e-16,7.850462293418875e-18,0.9975159305829395,-0.07044123957776567,0.9975159305829394,-0.07044123957776566,0.0,0.0
9.869346733668342,-1.25607396694702e-16,-1.570092458683775e-17,0.9974697835221675,-0.0710917080976418,0.9974697835221674,-0.0710917080976418,0.0,0.0
9.959798994974875,-1.25607396694702e-16,0.0,0.9974232122984953,-0.07174214638656197,0.9974232122984952,-0.07174214638656197,0.0,0.0
10.050251256281408,-0.0,-1.570092458683775e-17,0.9973762169317266,-0.07239255416793458,0.9973762169317266,-0.0723925541679346,-4.439961068903547e-19,-6.117081549511941e-18
10.14070351758794,1.25607396694702e-16,-0.0,0.997328797441846,-0.07304293116518096,0.997328797441846,-0.07304293116518094,-9.786865148072504e-17,7.167759711413043e-18
10.231155778894472,-0.0,-1.570092458683775e-17,0.9972809538490178,-0.07369327710173551,0.9972809538490178,-0.07369327710173552,-4.519736665356589e-19,-6.1164972844816594e-18
10.321608040201005,-0.0,-1.570092458683775e-17,0.9972326861735871,-0.07434359170104592,0.9972326861735872,-0.07434359170104592,-9.83151821660433e-17,1.179193292134113e-18
10.412060301507537,-0.0,-1.570092458683775e-17,0.9971839944360793,-0.07499387468657316,0.9971839944360793,-0.07499387468657318,0.0,0.0
10.50251256281407,-1.25607396694702e-16,0.0,0.9971348786571997,-0.07564412578179161,0.9971348786571996,-0.07564412578179161,0.0,0.0
10.592964824120603,1.25607396694702e-16,-1.570092458683775e-17,0.9970853388578345,-0.07629434471018927,0.9970853388578347,-0.07629434471018928,-9.784476070030266e-17,7.486823454355535e-18
10.683417085427136,-0.0,0.0,0.9970353750590498,-0.07694453119526778,0.99703537505905,-0.0769445311952678,-9.783985771382274e-17,7.550626760415529e-18
10.773869346733669,-1.25607396694702e-16,-1.570092458683775e-17,0.9969849872820925,-0.07759468496054259,0.9969849872820924,-0.07759468496054259,-4.759016784784815e-19,-6.114682070127159e-18
10.864321608040202,-1.25607396694702e-16,-1.570092458683775e-17,0.9969341755483889,-0.0782448057295431,0.9969341755483888,-0.07824480572954308,-9.782992692704075e-17,7.678223712945789e-18
10.954773869346734,-0.0,0.0,0.9968829398795466,-0.07889489322581263,0.9968829398795467,-0.07889489322581265,-4.8387608157230505e-19,-6.114056195685107e-18
11.045226130653267,-1.25607396694702e-16,-3.14018491736755e-17,0.9968312802973525,-0.07954494717290878,0.9968312802973526,-0.0795449471729088,-9.830769271125795e-17,1.6920682466655013e-18
11.1356783919598,-0.0,0.0,0.9967791968237748,-0.08019496729440335,0.9967791968237749,-0.08019496729440337,0.0,0.0
11.226130653266331,-1.25607396694702e-16,0.0,0.996726689480961,-0.08084495331388253,0.9967266894809609,-0.08084495331388251,-9.830540229643435e-17,1.820280335192966e-18
11.316582914572864,-0.0,0.0,0.9966737582912395,-0.08149490495494699,0.9966737582912396,-0.081494904954947,-4.998224050426301e-19,-6.1127732486761365e-18
11.407035175879397,-0.0,0.0,0.9966204032771186,-0.0821448219412121,0.9966204032771186,-0.0821448219412121,-5.03808458788354e-19,-6.1124460131085415e-18
11.49748743718593,1.25607396694702e-16,-0.0,0.9965666244612869,-0.08279470399630785,0.9965666244612871,-0.08279470399630787,-9.779385885266329e-17,8.1247087727224e-18
11.587939698492463,-1.25607396694702e-16,0.0,0.9965124218666134,-0.0834445508438792,0.9965124218666133,-0.0834445508438792,-5.117799218680843e-19,-6.111783744365133e-18
11.678391959798995,1.25607396694702e-16,-0.0,0.996457795516147,-0.08409436220758598,0.996457795516147,-0.08409436220758598,-9.829894471134741e-17,2.1407965335260943e-18
11.768844221105528,-1.25607396694702e-16,0.0,0.9964027454331169,-0.08474413781110315,0.9964027454331168,-0.08474413781110314,0.0,0.0
11.859296482412061,-1.25607396694702e-16,-1.570092458683775e-17,0.9963472716409326,-0.08539387737812096,0.9963472716409327,-0.08539387737812096,-1.0474709600715213e-18,-1.2221541698699868e-17
11.949748743718594,-0.0,-1.570092458683775e-17,0.9962913741631838,-0.08604358063234478,0.9962913741631838,-0.0860435806323448,0.0,0.0
12.040201005025127,-1.25607396694702e-16,0.0,0.9962350530236402,-0.08669324729749564,0.9962350530236401,-0.08669324729749563,-5.31704741408615e-19,-6.110082593081438e-18
12.13065326633166,-1.25607396694702e-16,-1.570092458683775e-17,0.9961783082462516,-0.08734287709731,0.9961783082462516,-0.08734287709731,-9.829144211390252e-17,2.4612899731323563e-18
12.22110552763819,1.25607396694702e-16,-3.14018491736755e-17,0.9961211398551485,-0.0879924697555401,0.9961211398551486,-0.08799246975554015,5.396730983755224e-19,6.109383943836152e-18
12.311557788944723,-0.0,-1.570092458683775e-17,0.9960635478746407,-0.08864202499595383,0.9960635478746408,-0.08864202499595383,-1.0873138669422328e-18,-1.2218061444435773e-17
12.402010050251256,1.25607396694702e-16,-3.14018491736755e-17,0.9960055323292187,-0.08929154254233508,0.9960055323292187,-0.0892915425423351,-9.828643898222173e-17,2.6535736953201707e-18
12.492462311557789,-0.0,-1.570092458683775e-17,0.995947093243553,-0.08994102211848377,0.995947093243553,-0.0899410221184838,-5.516239084161798e-19,-6.108316485741129e-18
12.582914572864322,-2.51214793389404e-16,0.0,0.995888230642494,-0.09059046344821599,0.9958882306424938,-0.09059046344821596,-9.772728753898172e-17,8.889712718044503e-18
12.673366834170855,-0.0,0.0,0.9958289445510726,-0.091239866255364,0.9958289445510726,-0.091239866255364,0.0,0.0
12.763819095477388,1.25607396694702e-16,1.570092458683775e-17,0.9957692349944993,-0.0918892302637765,0.9957692349944997,-0.09188923026377652,-9.715203779607578e-17,1.5124387367174903e-17
12.85427135678392,-0.0,0.0,0.9957091019981654,-0.09253855519731873,0.9957091019981653,-0.09253855519731873,5.675550298937594e-19,6.106856844102004e-18
12.944723618090453,-1.25607396694702e-16,-1.570092458683775e-17,0.9956485455876412,-0.09318784077987251,0.995648545587641,-0.09318784077987251,0.0,0.0
13.035175879396986,1.25607396694702e-16,-1.570092458683775e-17,0.9955875657886779,-0.09383708673533632,0.9955875657886779,-0.09383708673533633,5.755191493281519e-19,6.106111441422422e-18
13.125628140703517,-0.0,0.0,0.9955261626272063,-0.09448629278762562,0.9955261626272065,-0.09448629278762563,-9.769175752271089e-17,9.272013484677386e-18
13.21608040201005,-1.25607396694702e-16,1.570092458683775e-17,0.9954643361293379,-0.09513545866067276,0.9954643361293378,-0.09513545866067273,0.0,0.0
13.306532663316583,-1.25607396694702e-16,0.0,0.9954020863213633,-0.0957845840784272,0.9954020863213631,-0.09578458407842719,5.874634887488302e-19,6.1049738636377665e-18
13.396984924623116,1.25607396694702e-16,-0.0,0.9953394132297535,-0.09643366876485557,0.9953394132297537,-0.09643366876485558,-9.826487609677824e-17,3.3585215269991086e-18
13.487437185929648,-0.0,-1.570092458683775e-17,0.9952763168811598,-0.09708271244394186,0.9952763168811599,-0.09708271244394188,-5.954251354562447e-19,-6.104202497819033e-18
13.577889447236181,-2.51214793389404e-16,0.0,0.9952127973024131,-0.09773171483968751,0.9952127973024129,-0.09773171483968748,-9.826041231924091e-17,3.4866763565403165e-18
13.668341708542714,-1.25607396694702e-16,0.0,0.9951488545205244,-0.09838067567611146,0.9951488545205243,-0.09838067567611146,0.0,0.0
13.758793969849247,-2.51214793389404e-16,-1.570092458683775e-17,0.9950844885626846,-0.09902959467725034,0.9950844885626843,-0.09902959467725031,-9.82557814051438e-17,3.6148252554012264e-18
13.84924623115578,-0.0,-3.14018491736755e-17,0.9950196994562645,-0.09967847156715864,0.9950196994562647,-0.09967847156715867,-9.764205789737985e-17,9.781526031295058e-18
13.939698492462313,-1.25607396694702e-16,-1.570092458683775e-17,0.9949544872288153,-0.10032730606990865,0.9949544872288152,-0.10032730606990865,-6.153247916422754e-19,-6.102228660670098e-18
14.030150753768845,2.51214793389404e-16,-1.570092458683775e-17,0.9948888519080674,-0.10097609790959075,0.9948888519080678,-0.10097609790959078,-9.762921772558852e-17,9.908863114697686e-18
14.120603015075377,-2.51214793389404e-16,-3.14018491736755e-17,0.9948227935219319,-0.10162484681031343,0.9948227935219316,-0.1016248468103134,-9.886930103340513e-17,-2.2303165711044954e-18
14.21105527638191,1.25607396694702e-16,-1.570092458683775e-17,0.994756312098499,-0.10227355249620347,0.994756312098499,-0.10227355249620347,-9.761621149087106e-17,1.0036183343568015e-17
14.301507537688442,1.25607396694702e-16,-0.0,0.9946894076660393,-0.10292221469140603,0.9946894076660394,-0.10292221469140604,0.0,0.0
14.391959798994975,-0.0,0.0,0.9946220802530032,-0.1035708331200847,0.9946220802530032,-0.1035708331200847,-6.352179063337529e-19,-6.10018995095941e-18
14.482412060301508,-0.0,-1.570092458683775e-17,0.994554329888021,-0.10421940750642178,0.994554329888021,-0.1042194075064218,-6.391957256809534e-19,-6.099774426204989e-18
14.57286432160804,-2.51214793389404e-16,1.570092458683775e-17,0.9944861565999025,-0.10486793757461821,0.9944861565999025,-0.10486793757461818,-9.758970092143241e-17,1.0290772371476806e-17
14.663316582914574,-2.51214793389404e-16,3.14018491736755e-17,0.9944175604176381,-0.10551642304889385,0.9944175604176377,-0.10551642304889378,-9.758296952465315e-17,1.0354408756022187e-17
14.753768844221106,-0.0,-1.570092458683775e-17,0.9943485413703972,-0.10616486365348743,0.9943485413703973,-0.10616486365348744,-6.511275460919213e-19,-6.098512289487783e-18
14.84422110552764,-0.0,-1.570092458683775e-17,0.9942790994875295,-0.10681325911265685,0.9942790994875295,-0.10681325911265685,-6.551042680477286e-19,-6.09808639036041e-18
14.934673366834172,-2.51214793389404e-16,0.0,0.9942092347985643,-0.10746160915067918,0.994209234798564,-0.10746160915067915,-9.690344565800926e-17,1.6642949280933856e-17
15.025125628140703,-1.25607396694702e-16,-3.14018491736755e-17,0.9941389473332108,-0.10810991349185077,0.9941389473332107,-0.10810991349185077,0.0,0.0
15.115577889447236,-0.0,-3.14018491736755e-17,0.9940682371213582,-0.10875817186048743,0.9940682371213581,-0.10875817186048745,-6.670327556968176e-19,-6.0967931348489025e-18
15.206030150753769,1.25607396694702e-16,-3.14018491736755e-17,0.9939971041930747,-0.10940638398092456,0.9939971041930749,-0.10940638398092459,-9.687070147473675e-17,1.683249051551576e-17
15.296482412060302,-1.25607396694702e-16,0.0,0.9939255485786095,-0.11005454957751716,0.9939255485786095,-0.11005454957751716,0.0,0.0
15.386934673366833,0.0,1.570092458683775e-17,0.9938535703083903,-0.11070266837464,0.9938535703083903,-0.11070266837464,1.3579173810249463e-18,1.2190953092008974e-17
15.477386934673365,-1.25607396694702e-16,-1.570092458683775e-17,0.9937811694130252,-0.11135074009668788,0.9937811694130251,-0.11135074009668787,-1.3658668538645834e-18,-1.219006499747917e-17
15.567839195979898,2.51214793389404e-16,-0.0,0.9937083459233017,-0.11199876446807543,0.993708345923302,-0.11199876446807544,-9.751337375408153e-17,1.09905259670766e-17
15.658291457286431,-1.25607396694702e-16,3.14018491736755e-17,0.9936350998701877,-0.11264674121323762,0.9936350998701876,-0.11264674121323758,0.0,0.0
15.748743718592964,1.25607396694702e-16,-3.14018491736755e-17,0.9935614312848297,-0.11329467005662947,0.9935614312848299,-0.1132946700566295,-9.888866868015573e-17,-1.0696754217150417e-18
15.839195979899497,0.0,1.570092458683775e-17,0.9934873401985548,-0.11394255072272651,0.9934873401985548,-0.11394255072272647,-1.3976589032261434e-18,-1.2186460786277757e-17
15.92964824120603,0.0,1.570092458683775e-17,0.9934128266428691,-0.11459038293602468,0.9934128266428692,-0.11459038293602465,-1.4056054381682676e-18,-1.2185546777122667e-17
16.020100502512562,-0.0,-3.14018491736755e-17,0.993337890649459,-0.11523816642104061,0.993337890649459,-0.11523816642104062,0.0,0.0
16.110552763819094,1.25607396694702e-16,-0.0,0.9932625322501899,-0.11588590090231153,0.9932625322501901,-0.11588590090231157,0.0,0.0
16.201005025125628,-0.0,0.0,0.9931867514771072,-0.11653358610439565,0.9931867514771073,-0.11653358610439565,-9.746218928492769e-17,1.1435531545367999e-17
16.29145728643216,-0.0,0.0,0.9931105483624362,-0.11718122175187204,0.9931105483624361,-0.11718122175187203,0.0,0.0
16.381909547738694,-1.25607396694702e-16,-4.710277376051325e-17,0.9930339229385808,-0.11782880756934086,0.9930339229385807,-0.11782880756934086,-1.4453290795337796e-18,-1.2180899012679927e-17
16.472361809045225,-0.0,-1.570092458683775e-17,0.9929568752381254,-0.11847634328142344,0.9929568752381256,-0.11847634328142345,-9.889290332808821e-17,-5.537780989128307e-19
16.56281407035176,-1.25607396694702e-16,0.0,0.9928794052938339,-0.11912382861276244,0.9928794052938338,-0.11912382861276243,0.0,0.0
16.65326633165829,-1.25607396694702e-16,0.0,0.9928015131386492,-0.11977126328802196,0.9928015131386491,-0.11977126328802194,0.0,0.0
16.743718592964825,-1.25607396694702e-16,-1.570092458683775e-17,0.9927231988056942,-0.12041864703188766,0.9927231988056939,-0.12041864703188762,-1.4770969499192977e-18,-1.2177087562541047e-17
16.834170854271356,2.51214793389404e-16,-1.570092458683775e-17,0.9926444623282712,-0.12106597956906677,0.9926444623282712,-0.12106597956906678,0.0,0.0
16.92462311557789,2.51214793389404e-16,-1.570092458683775e-17,0.9925653037398617,-0.12171326062428837,0.992565303739862,-0.1217132606242884,-9.740120613457049e-17,1.1943817039250505e-17
17.015075376884422,1.25607396694702e-16,-3.14018491736755e-17,0.9924857230741275,-0.12236048992230342,0.9924857230741277,-0.12236048992230346,-9.73933968218751e-17,1.2007330154241295e-17
17.105527638190953,-0.0,-1.570092458683775e-17,0.9924057203649091,-0.12300766718788488,0.9924057203649094,-0.12300766718788489,-9.889440086413008e-17,-1.0235509846663888e-19
17.195979899497488,-1.25607396694702e-16,-1.570092458683775e-17,0.9923252956462272,-0.12365479214582778,0.992325295646227,-0.12365479214582777,0.0,0.0
17.28643216080402,-2.51214793389404e-16,-1.570092458683775e-17,0.9922444489522808,-0.12430186452094955,0.9922444489522808,-0.12430186452094955,-1.5247298444115249e-18,-1.2171215050553235e-17
17.376884422110553,1.25607396694702e-16,-0.0,0.9921631803174495,-0.12494888403808978,0.9921631803174498,-0.12494888403808982,0.0,0.0
17.467336683417084,-1.25607396694702e-16,1.570092458683775e-17,0.992081489776292,-0.1255958504221107,0.9920814897762917,-0.12559585042211066,1.5406023249197764e-18,1.2169216136699378e-17
17.55778894472362,-1.25607396694702e-16,1.570092458683775e-17,0.9919993773635457,-0.12624276339789706,0.9919993773635456,-0.126242763397897,-9.889420892276926e-17,2.2009175607814233e-19
17.64824120603015,3.76822190084106e-16,-0.0,0.9919168431141285,-0.12688962269035634,0.9919168431141291,-0.1268896226903564,-9.733757218843195e-17,1.2451777479459887e-17
17.738693467336685,3.76822190084106e-16,-4.710277376051325e-17,0.9918338870631372,-0.1275364280244188,0.9918338870631376,-0.12753642802441886,-9.88938377703702e-17,3.490700347187637e-19
17.829145728643216,-2.51214793389404e-16,0.0,0.9917505092458478,-0.1281831791250377,0.9917505092458475,-0.12818317912503766,-9.732124971641867e-17,1.257871517964582e-17
17.91959798994975,-0.0,-3.14018491736755e-17,0.9916667096977155,-0.1288298757171894,0.9916667096977158,-0.12882987571718946,-9.73130264015085e-17,1.2642176019795447e-17
18.01005025125628,-0.0,-1.570092458683775e-17,0.9915824884543758,-0.1294765175258733,0.9915824884543758,-0.1294765175258733,-1.5882039355000882e-18,-1.2163095213164897e-17
18.100502512562816,-0.0,-4.710277376051325e-17,0.9914978455516421,-0.13012310427611226,0.9914978455516422,-0.13012310427611232,-1.5961351931597376e-18,-1.2162056953920655e-17
18.190954773869347,-0.0,0.0,0.9914127810255083,-0.13076963569295244,0.9914127810255083,-0.13076963569295244,-1.6040657720806972e-18,-1.216101352289734e-17
18.28140703517588,-0.0,-4.710277376051325e-17,0.9913272949121469,-0.13141611150146357,0.991327294912147,-0.1314161115014636,-9.889171503319988e-17,7.360004305859691e-19
18.371859296482413,-1.25607396694702e-16,-1.570092458683775e-17,0.9912413872479101,-0.13206253142673904,0.9912413872479102,-0.13206253142673904,-9.889121405854149e-17,8.004878944477248e-19
18.462311557788944,-1.25607396694702e-16,-4.710277376051325e-17,0.9911550580693294,-0.13270889519389595,0.9911550580693291,-0.13270889519389595,0.0,0.0
18.55276381909548,-1.25607396694702e-16,3.14018491736755e-17,0.9910683074131147,-0.13335520252807534,0.9910683074131146,-0.13335520252807528,-1.6357812329342072e-18,-1.2156788089920504e-17
18.64321608040201,-1.25607396694702e-16,0.0,0.9909811353161562,-0.13400145315444226,0.9909811353161561,-0.13400145315444223,-1.6437083675816947e-18,-1.2155718806701424e-17
18.733668341708544,-1.25607396694702e-16,1.570092458683775e-17,0.9908935418155227,-0.13464764679818575,0.9908935418155226,-0.13464764679818572,-1.651634803260531e-18,-1.21546443543985e-17
18.824120603015075,-0.0,-1.570092458683775e-17,0.9908055269484624,-0.1352937831845193,0.9908055269484622,-0.13529378318451926,-9.722851786774903e-17,1.3276484292800715e-17
18.91457286432161,-0.0,0.0,0.9907170907524027,-0.13593986203868041,0.9907170907524027,-0.13593986203868041,-9.721983955496728e-17,1.3339884513840307e-17
19.00502512562814,-0.0,-1.570092458683775e-17,0.9906282332649501,-0.13658588308593145,0.99062823326495,-0.13658588308593148,1.67540988278035e-18,1.2151389987566637e-17
19.095477386934675,1.25607396694702e-16,-3.14018491736755e-17,0.9905389545238902,-0.13723184605155916,0.9905389545238901,-0.13723184605155916,0.0,0.0
19.185929648241206,2.51214793389404e-16,-4.710277376051325e-17,0.9904492545671875,-0.1378777506608749,0.9904492545671878,-0.137877750660875,-9.55023002023933e-17,2.56792456060022e-17
19.27638190954774,-0.0,-1.570092458683775e-17,0.9903591334329865,-0.13852359663921496,0.9903591334329866,-0.13852359663921499,0.0,0.0
19.366834170854272,-1.25607396694702e-16,0.0,0.9902685911596099,-0.13916938371194057,0.9902685911596097,-0.13916938371194054,-9.717582794069435e-17,1.3656799990361652e-17
19.457286432160803,-1.25607396694702e-16,-3.14018491736755e-17,0.9901776277855598,-0.13981511160443802,0.9901776277855596,-0.13981511160443802,0.0,0.0
19.547738693467338,-1.25607396694702e-16,0.0,0.9900862433495173,-0.14046078004211865,0.9900862433495171,-0.14046078004211862,0.0,0.0
19.63819095477387,-1.25607396694702e-16,-4.710277376051325e-17,0.9899944378903427,-0.1411063887504192,0.9899944378903426,-0.14110638875041923,-1.7308599753838617e-18,-1.2143615633363358e-17
19.728643216080403,2.51214793389404e-16,-3.14018491736755e-17,0.9899022114470751,-0.1417519374548017,0.9899022114470754,-0.14175193745480172,-9.713987481421529e-17,1.3910228000099896e-17
19.819095477386934,-1.25607396694702e-16,0.0,0.9898095640589331,-0.14239742588075385,0.989809564058933,-0.1423974258807538,-9.713078325387535e-17,1.3973570281959586e-17
19.90954773869347,-0.0,-3.14018491736755e-17,0.9897164957653136,-0.1430428537537889,0.9897164957653137,-0.1430428537537889,-9.712165038975322e-17,1.403690662171438e-17
20.0,1.25607396694702e-16,3.14018491736755e-17,0.9896230066057932,-0.14368822079944576,0.9896230066057933,-0.14368822079944576,-9.534994660167859e-17,2.6239296520647745e-17
