1.0,0.7180004864774735,-0.6915868635954274,-6.801773220101634e-23,-2.2945830775536832e-21,-1.8991771612526203e-21,1.0398647367175918e-21,0.9116254412274992,-0.4094279624757715
1.065326633165829,0.6765709242806164,-0.7331262766240473,-5.5393527335361106e-24,3.2511928292739888e-24,-2.3009084591049677e-24,-5.5642864025952365e-24,0.8871660864692491,-0.45948192810065164
1.1306532663316582,0.6305381958955011,-0.775414302057194,-3.8192578660985562e-25,-3.71313323302602e-26,-2.702318993659279e-25,2.2859661793658337e-25,0.8617445970693857,-0.5049821771760714
1.1959798994974873,0.5777627295834773,-0.819249057702492,6.950058970401414e-26,3.3451896211925493e-26,-3.8921152611771775e-26,-5.76601547489338e-26,0.8349398022250702,-0.5475594670822119
1.2613065326633166,0.5164310303900481,-0.8646262563863059,1.1584917004407147e-26,9.270636027108645e-27,-1.2767655566698125e-26,2.6847572378227128e-27,0.8064088499966868,-0.588116401669282
1.3266331658291457,0.4447727359723032,-0.9109738394958513,-7.383177214578767e-27,-1.1280284667070566e-26,7.086436303716252e-27,-9.121198621838451e-27,0.7757255787382455,-0.6273202675990056
1.3919597989949748,0.3606188817433562,-0.9573586851045974,-2.5445952169905064e-26,-3.0648466489330245e-26,-8.451332959169748e-27,-3.21888797376324e-26,0.7421600809688212,-0.6659024122357238
1.457286432160804,0.26085123157642487,-1.0025127886904894,-1.2360838238588772e-25,-6.438044282564817e-26,-1.135557504899846e-25,5.9918422678960745e-27,0.7040906413576085,-0.7051292541856753
1.5226130653266332,0.12992392477056397,-1.0487541113913508,2.1197022794391687e-26,-5.211990060969183e-26,-4.0006693848763657e-26,2.0422134836573715e-26,0.6565889462131513,-0.7484360134136713
1.5879396984924623,0.028319878091622286,-1.06949361983345,1.924970840388309e-26,-2.8478823701875725e-26,2.633077784785213e-26,-5.512742585862179e-27,0.5724438516457225,-0.8127102218298361
1.6532663316582914,-0.13232317836201218,-1.0913134142941645,1.4229289411337537e-24,-1.647607225740811e-25,1.4154073058019879e-25,-1.0919469369258415e-24,1.0020589164162645,0.04830970276379661
1.7185929648241205,-0.31175166208325106,-1.0916020575496255,5.286726772003269e-28,-4.419053335700071e-28,-5.17675680202238e-28,-6.044973916314693e-29,0.6631994346464106,-0.7425343784600364
1.7839195979899496,-0.513346414500579,-1.0622339870629076,2.240860465150497e-28,3.287756823798802e-29,-1.5358124674945848e-28,-7.025277102121557e-29,0.590055773705111,-0.8000045413803758
1.849246231155779,-0.7342496963995485,-0.9915312711777784,-8.190378140211192e-31,1.4281113866985717e-31,5.872460558815179e-31,-1.7313243903611177e-31,0.5351490571339147,-0.8362546991847967
1.914572864321608,-0.965971146697328,-0.8660207321439508,-9.220694535684115e-32,1.9039086391691569e-32,4.741805185280319e-32,-4.95337588553694e-32,0.4824226476450936,-0.8662665220768537
1.979899497487437,-1.1927058159943589,-0.6725091159574865,-1.7406900978722612e-31,1.0642798375384062e-32,1.8776570027810484e-32,-1.2429746365260577e-31,0.4276967035484995,-0.8929442264038802
2.0452261306532664,-1.3908907102251904,-0.40040535411009504,-4.084191329034622e-33,-1.012895775104119e-33,-1.7310807406566965e-33,-2.449999919047112e-33,0.36285285972003073,-0.919194714224684
2.1105527638190953,-1.5318842396382042,-0.03419842319387007,5.302480844635554e-32,3.5131489032501653e-32,4.4608895652485613e-32,5.156603464724877e-33,0.2748699941544847,-0.9462522757547804
2.1758793969849246,-1.5323134567787802,0.7321996915442881,-6.40175746240624e-31,-4.220498776201692e-31,-3.9422296566792388e-31,3.6920063274132127e-31,0.06232019151538707,-0.9751074527450172
2.241206030150754,-1.5096279183372745,0.36901294911903243,-7.954545097498964e-32,-2.9827220422185287e-31,-1.9826254030000034e-31,9.081609893523335e-32,0.7940636308875707,-0.6112488563531274
2.306532663316583,-1.399012032008151,0.81947667867405,-1.594233992613756e-33,-2.0237813292806037e-33,-1.0573718444026216e-33,1.4928106209016905e-33,0.38642618719610006,-0.9125119233607519
2.371859296482412,-1.2004012508725883,1.1262099458118477,-4.9818465531581156e-33,-4.728173092583005e-33,-1.6379862451829252e-33,4.630483690097678e-33,0.276828550753305,-0.9478219104856562
2.437185929648241,-0.9587121736889438,1.344008799417981,-5.747594729133366e-35,-1.0614058410331973e-34,2.553467087058057e-35,8.329030086508511e-35,0.20163125792896786,-0.9641548339014883
2.5025125628140703,-0.7035152441229368,1.4845058868446201,-2.0194594987518454e-36,-6.99846776117726e-36,3.7891750845500265e-36,3.7317918411216435e-36,0.1363079554650934,-0.9734137174872685
2.567839195979899,-0.45570612779194875,1.561136022440137,6.798609575917931e-36,3.2443158228338874e-37,-1.78338450074713e-36,-4.713476043910147e-36,0.07458904567547166,-0.9780527910003652
2.6331658291457285,-0.22729860228792864,1.5888833675562772,1.6539576462223905e-38,4.478593683255386e-38,1.6267062491068008e-38,-3.2044760076255485e-38,0.014071609092242596,-0.9787636551300024
2.698492462311558,-0.01687905703480119,1.5816119878100183,4.446931738707094e-39,-7.733613109691414e-40,2.3741833735589636e-39,2.520720834542193e-39,-0.046493026365773946,-0.975661805596844
2.7638190954773867,0.14916124432493222,1.5507207779357055,1.4563149065796877e-41,-6.093190881354152e-41,-4.4103925746198585e-41,2.1600428988233196e-41,-0.10804256451260998,-0.968540191382435
2.829145728643216,0.30207696037877957,1.504764971757964,2.925725331157181e-41,1.528024986505262e-41,1.1296083012945158e-41,2.3980966723568944e-41,-0.1716628708064667,-0.9568397653600534
2.894472361809045,0.43245905121732336,1.4498969696061754,5.804525686455625e-43,-9.454052807276178e-43,-7.465875521771114e-43,5.2947171571835915e-43,-0.23913814449167164,-0.9393544846053484
2.959798994974874,0.5437560794113784,1.3903561170144474,1.2976444684887875e-42,5.2924890674693265e-43,1.0807984816023432e-42,5.0016217237903575e-43,-0.31417121066384235,-0.9132636672340185
3.025125628140703,0.6389132091769901,1.3289747990648497,6.17797679472608e-42,3.6596395691487686e-42,-6.274614478375418e-42,-5.727717088298202e-43,-0.4062642322136472,-0.8704287774052956
3.0904522613065324,0.7205287029595329,1.267590973371702,2.353047423914217e-45,-9.05573471024681e-44,-6.537549596445314e-44,-4.998044618712594e-44,-0.5484789353828894,-0.7754981917310808
3.1557788944723617,0.790837787323781,1.2073569354825937,-6.139392886246721e-44,2.6661244791098237e-44,-9.132652672795204e-47,-6.316197633798785e-44,-0.8844709627422231,-0.1664756783626099
3.2211055276381906,0.8517279984855631,1.1489605006694539,1.853437561731229e-46,-6.053922018038699e-45,-3.29797807702218e-45,-4.9510958655760236e-45,0.20823465609568184,-0.9879923660816208
3.28643216080402,0.9047757974219852,1.0927792047608154,6.962128295137613e-44,-3.7159999063790077e-44,-6.65629553192658e-44,4.489821030312923e-44,-0.22282365622604014,-0.9615178096572139
3.3517587939698488,0.95129039276323,1.0389860238504145,-4.342970892164117e-47,-1.749039757526138e-46,-1.3392356326230697e-46,-1.3556687484201454e-46,-0.36006273326979826,-0.9113522351744431
3.417085427135678,0.9923568166693643,0.9876210856455,5.796788255904236e-48,-1.7090093689240893e-47,1.9024632696736264e-47,5.817335959077423e-48,-0.44417208810817854,-0.8696278385277921
3.482412060301508,1.028874661954789,0.93863995427133,4.408729291146882e-50,-2.151253032865984e-49,-5.161189914392035e-50,2.4751631993984833e-49,-0.5087599194593412,-0.8313032927841895
3.5477386934673367,1.0615913156123566,0.8919459387157882,-1.1243199353195566e-50,-2.578692363534611e-50,-2.4987323741240266e-50,2.2876609165635225e-50,-0.5633410985700165,-0.7941504941943456
3.613065326633166,1.0911297495324797,0.8474115220264915,-1.0415654303451265e-50,-7.364893192342335e-51,-1.5269019789108617e-50,5.06649119048911e-51,-0.6116418568106553,-0.7571872785623777
3.678391959798995,1.1180116447744508,0.8048920606601327,-2.0991871223161116e-50,-3.2875200919073195e-51,-2.808845651525801e-50,5.005070202649868e-52,-0.6554728749490167,-0.7199084441768071
3.7437185929648242,1.1426820914218987,0.7642254443223767,-1.1241456529076471e-48,2.622138421933474e-49,-1.5703638058570637e-48,-3.1531770053649697e-49,-0.6959222620371253,-0.6819160241403811
3.8090452261306535,1.1654740077691152,0.7253177092953702,9.101634726848898e-50,-5.470517796567867e-50,1.459890014034347e-49,5.145341536236845e-50,-0.7338562014027894,-0.6426140057361891
3.8743718592964824,1.1867538869982024,0.6879368011981812,2.1451546415752317e-50,-2.1120775096340562e-50,4.243117402443165e-50,1.8129313567546025e-50,-0.7702602151967333,-0.6007029940653903
3.9396984924623117,1.2067627020471863,0.6519805218920417,-8.268996040098301e-50,1.1160391225702182e-49,-2.0756257098007658e-49,-8.442719960645383e-50,-0.8067296618497017,-0.5528553090827422
4.005025125628141,1.2257327497991417,0.6173066647507305,3.0972292469240824e-51,-4.8830962695169274e-51,9.458747264403478e-51,2.667560454013476e-51,-0.846747467054337,-0.48887139447363226
4.0703517587939695,1.2438625263816117,0.5837833577368736,-5.216275641274203e-51,8.311094097923419e-51,-1.7572899072679558e-50,-6.915479573421366e-52,-0.8999259220835103,-0.363319370892764
4.135678391959798,1.2613240051309664,0.5512861344823728,1.233052626380559e-52,-4.0270214999094594e-52,6.261326419044099e-52,-4.928302872555072e-52,-0.7619386141249765,0.4614271451612222
4.201005025125628,1.2782671937217502,0.5196974915170648,-2.5122886248438795e-53,5.748294744900942e-54,-4.90982521916267e-53,1.5641041419813717e-53,-0.5890389576935717,-0.8851177760805564
4.266331658291457,1.29482379172356,0.48890647881469385,-6.435958179975102e-53,-7.650362787637102e-54,-7.653313253363728e-53,1.1376033603974424e-52,-0.767441409082301,-0.7145997913295238
4.331658291457286,1.311110235081381,0.45880819567578907,4.833217513148912e-55,5.12697229874498e-55,-3.823676059865076e-55,-1.5320806787027207e-54,-0.8159284537999645,-0.6678925268859331
4.396984924623116,1.3272302885590326,0.4293031974717908,-2.4436019455468585e-55,4.516246261643189e-55,-1.2207279802409101e-54,1.5664521662728485e-56,-0.8385210197836209,-0.6600790535898075
4.4623115577889445,1.343277315238778,0.40029682429037594,2.0939552310723058e-55,1.7931036512479446e-55,-1.912583659403135e-55,-6.695845306287621e-55,-0.8475057741826308,-0.6777431901168834
4.527638190954773,1.3593363397937557,0.371698452353319,-1.5063663226974496e-54,2.5857349108525803e-54,-7.98893650771219e-54,9.589679450302185e-55,-0.8434193946345657,-0.7198071389676555
4.592964824120603,1.3754860192910503,0.3434206564690506,-1.3536712039318998e-54,9.165903874327633e-56,-1.824054596701332e-54,3.4370522832654075e-54,-0.8214369700053019,-0.7893395746684052
4.658291457286432,1.391800640246348,0.3153782578035537,-3.968742842448798e-54,-3.280119079495037e-54,3.415677557773342e-54,1.5411652999794708e-53,-0.7705597677301088,-0.8909530689352911
4.723618090452261,1.408352273534827,0.2874872157834529,5.542092681691207e-55,2.2999578115583094e-54,-5.366801762281549e-54,-5.624089900497871e-54,-0.6700580385459358,-1.0272882734324331
4.78894472361809,1.4252132415699186,0.2596633041858446,1.9042229181354684e-54,-5.496775227270569e-54,1.9034992660574676e-53,7.732772182185475e-54,-0.4848687713143959,-1.189595929053332
4.8542713567839195,1.4424590874381928,0.23182048870048388,3.2025139665187046e-53,-3.1124914368063913e-53,1.7005334946958974e-52,9.067777224988489e-55,-0.16864289246686687,-1.3354197486888968
4.919597989949748,1.460172287800108,0.2038688962680136,6.093493158386297e-50,1.8267043266972078e-50,2.4837072331804404e-49,8.3505338072368515e-50,0.29719095648057225,-1.3595337768342926
4.984924623115577,1.4784470314392655,0.17571222795481758,-1.804634944400061e-51,-1.4556755171411137e-51,-1.0358869867566476e-50,-3.8946633773929464e-52,0.8115308762266973,-1.1299328654805563
5.050251256281406,1.4973955021661973,0.1472444232207177,3.326217306626792e-55,8.413505311128923e-55,4.393610321673041e-54,-3.303984122548674e-55,1.1568481005143822,-0.6591267493228109
5.115577889447236,1.517156286464695,0.11834532054634903,-4.97181749028621e-58,3.5821526638888885e-57,1.9006806004065436e-56,-3.084382002498963e-57,1.2305302250325607,-0.14852604332296043
5.180904522613065,1.5379058072055838,0.08887497938016312,-1.1517781838618448e-58,1.6539204610586565e-58,1.1307885561684085e-57,-3.294903741204175e-58,1.1264067129048878,0.24350267990155455
5.246231155778894,1.5598741326642587,0.0586662214812293,-5.783034634154529e-59,3.3434896941590734e-59,3.864364743446417e-58,-1.8930635613304812e-58,0.9664715488159145,0.49777726597129035
5.311557788944723,1.5833672394194434,0.02751481121934063,6.405647856265223e-59,-6.325702576691989e-60,-3.581668630014005e-58,2.8739826276558525e-58,0.8137540381538952,0.6532789844408566
5.376884422110552,1.6087990257512301,-0.004833475572664075,1.5621837011008026e-57,5.265307624115439e-58,-7.787097461265877e-57,1.0518382768547653e-56,0.6877339868941462,0.7482659847327324
5.442211055276381,1.6367384617528504,-0.038699821427537355,-1.5414927601839447e-61,-1.4130267049003037e-61,6.635420420554077e-61,-1.7312223325077186e-60,0.589855373009309,0.8078441615965863
5.50753768844221,1.6679809540910815,-0.07449438665006199,6.516881415222752e-64,1.4417489246696525e-63,-1.5949335418674384e-63,1.558243151789671e-62,0.5162718793044209,0.8466960949803776
5.57286432160804,1.7036597381144731,-0.1127440564581174,6.216224142482003e-67,1.3336110758938379e-65,1.8831162272895127e-65,1.4502165688543269e-64,0.4625048990548373,0.8731369127383112
5.63819095477387,1.745425828400389,-0.1541248652086768,1.9517276294707295e-67,1.165385942690254e-67,-2.2801104855046307e-66,1.417103598265795e-66,0.4248601147861638,0.8918408371583032
5.703517587939698,1.7957499586022019,-0.1994919828615606,2.564485392462461e-67,-5.257447860004423e-70,-3.0786740343921557e-66,-4.405304306616528e-67,0.40082692048084995,0.9053783391477628
5.768844221105528,1.858450393332903,-0.24988068819109202,5.3591723282572266e-67,6.1190483503771104e-68,-6.219181739996092e-66,-9.431440545454858e-67,0.38943188265207057,0.9149666122817638
5.834170854271357,1.939655139558296,-0.30638975416399683,-2.384497602963826e-65,8.976398107361922e-68,2.3930207412961772e-64,7.671621958017804e-65,0.3925048328849991,0.920541131889622
5.899497487437186,2.04962015636,-0.3696548427235933,-1.3899009522702415e-64,3.4199255998968353e-65,1.170984981462413e-63,5.83772628700068e-64,0.4208119310369784,0.919111942665107
5.964824120603016,2.2061751897725626,-0.43791669112089077,1.7347933929999324e-65,-8.891086434727636e-66,-1.3774087458224984e-64,-6.363738081358009e-65,0.549129460243482,0.8857711520901425
6.030150753768845,2.4402051872383947,-0.5002164804400973,-1.3730158119299254e-64,6.6836872230119465e-65,9.146714521211734e-64,4.247567101448745e-64,-0.43053758569519773,1.0412091733446975
6.0954773869346734,2.7892753117046096,-0.5150293996544434,3.036229606606553e-65,-2.0973112911933127e-65,-2.0737386874969686e-64,-1.020327983698999e-65,0.1747288945770931,0.9979664755982196
6.160804020100502,2.657870040586924,-0.4842613615455258,7.073243113817151e-65,-4.650503070308991e-65,-3.606134589806121e-64,1.9245789524236048e-64,0.2451450262991399,0.9904714193063597
6.226130653266332,4.18103128276159,1.3672768010522263,3.076298828276176e-66,2.376037747276188e-66,-1.4656823810759693e-65,7.002115932241151e-66,0.2776663028949921,0.9901624196929072
6.291457286432161,3.030124855245853,2.4262893448412366,-8.686002506148942e-68,3.702336204839702e-67,-9.630932428461162e-67,9.97944530438671e-67,0.30021414926813716,0.9918795751464987
6.35678391959799,1.8360608683406257,2.1825049821318836,-1.3930732131432722e-67,9.690006332496736e-68,-3.264649492096096e-67,4.357177482980782e-67,0.31915951652517216,0.9942949716813362
6.42211055276382,1.3780147483050285,1.6612060412512495,8.150786019735739e-67,-2.249240944191713e-67,1.351970034879744e-66,-1.9889682587901582e-66,0.33662879938570234,0.9969304289636709
6.4874371859296485,1.2407918174344992,1.285467252555847,1.9401068074150254e-67,-2.856111331806154e-68,2.818588041820183e-67,-4.1064379313221794e-67,0.3534484838363218,0.9995863531617438
6.552763819095477,1.210451652082231,1.0365042777857605,-5.970386092285893e-69,1.1029361940631853e-69,-8.805650197089133e-69,1.071318493167228e-68,0.36992850023882823,1.0021835404495252
6.618090452261307,1.217891987851397,0.8669043461415581,-1.7328746734437902e-69,7.296564065765654e-70,-3.0822165163192103e-69,2.3725699280272096e-69,0.38611144073783404,1.0047155488639403
6.683417085427136,1.2411014551485828,0.746973976206974,6.552794755883187e-70,-7.43395673723657e-70,1.8274452882896693e-69,-3.995196876276483e-70,0.40182533546248156,1.0072490519420603
6.748743718592965,1.274339976546006,0.6604774563917379,-4.137821931724482e-70,5.403086323125687e-69,-8.611167395787724e-69,-3.8021135676982573e-69,0.4165851995923435,1.009975638375241
6.814070351758794,1.321336266990256,0.6002415102914862,-7.079863982665607e-72,1.6852426671713675e-71,-2.941026932137593e-71,-2.8141766296895265e-72,0.4291702258539678,1.0133965108682053
6.8793969849246235,1.407450263306317,0.5670578616628512,8.533798828629572e-72,2.163773649165108e-70,-2.6835527897169302e-70,-1.9563433326755884e-70,0.4358594174020556,1.0190712855759854
6.944723618090452,1.7018440720048034,0.4752943040366922,2.4323727507669683e-70,-1.1617784719397791e-70,4.0026199258356245e-70,1.523452794075101e-70,0.41528781596661396,1.0355240753652055
7.010050251256281,1.2042161623285803,-0.1272303436014363,-9.337165109585824e-78,1.2985210317526564e-77,-5.058297473708154e-78,-2.6312953141532613e-77,0.6807546253669853,0.8790258823342587
7.075376884422111,1.3034296795213698,0.042809240162580725,-2.827288861969872e-72,-1.4810328897043042e-72,1.6488311366143488e-72,4.193826830631673e-72,0.7431107456316078,0.9166430916176206
7.14070351758794,1.3574889826841283,0.012933776448942742,-1.6778056424937666e-74,1.5166972872645887e-74,-2.608971837169318e-74,2.361937565614691e-74,0.7083082976224807,0.937164442061188
7.206030150753769,1.4480710145663627,-0.2665077833190158,-1.30424921828888e-74,2.546756340143144e-74,-4.735508025144046e-74,7.884210071634814e-74,0.6051012655176577,0.9577403584376779
7.271356783919598,1.7749426562799135,1.0841834233643044,4.8748040117593896e-73,8.301006929361864e-73,1.4404961876724646e-72,-7.573214485022846e-73,0.42145100302951816,1.0942448221523715
7.336683417085427,1.3504470756713807,0.34147273455425353,1.176395037151986e-75,1.1786368577141472e-75,-9.678758701517009e-76,-1.7068914143566697e-75,0.5496765485087418,1.0334733294912568
7.402010050251256,1.3787656662550707,0.18180828096496296,1.9391685630417482e-75,1.2707229577612167e-75,-1.7890088336165745e-75,-2.1305544317502187e-75,0.5885839073442501,1.0203241258196338
7.467336683417085,1.4006252061365956,0.08556390328276284,5.698659863705678e-75,2.0372753562375148e-75,-4.871986834574756e-75,-6.141637405115027e-75,0.6150218882500464,1.013941867898429
7.532663316582915,1.4158079912536217,0.005509950733535465,3.3861108770227533e-74,1.388670698793415e-74,-3.921709209318515e-74,-3.4640477814751487e-74,0.6374260454740783,1.0095527356769056
7.597989949748744,1.4253246470700514,-0.06887116655642007,4.4219857596771616e-73,3.2536971073296e-73,-8.035299820150506e-73,-3.436779833809344e-73,0.6578224322481415,1.0059404979252948
7.663316582914573,1.4297804104995566,-0.14076767264610324,-2.423005441780169e-71,-3.3807272511407248e-71,7.340500214803733e-71,4.547956882011784e-72,0.6762992403849194,1.0028577740467677
7.728643216080402,1.4296786934293695,-0.21112212976972716,-6.618315653460417e-70,-1.9471784398920975e-69,3.878810842476198e-69,-9.403786505616412e-70,0.6874132542678232,1.0019936975639825
7.793969849246231,1.4255542185773518,-0.28003886089243224,-1.3824912394000156e-73,-8.476005521424276e-72,1.6364289863527303e-71,-6.831776851259426e-72,0.7434052363499999,0.9881953037560235
7.85929648241206,1.4180021393628677,-0.3472950225667819,6.3393051377943814e-74,-3.814553588354269e-73,7.31322924782273e-73,-4.440419204783851e-73,0.7483459393031363,0.9878268039580655
7.924623115577889,1.4076603859673262,-0.4125584194646905,3.0891007457769625e-74,-9.455605315363932e-74,1.8671593567862457e-73,-1.332310212680445e-73,0.7662014884123063,0.9842092821031589
7.989949748743719,1.3951740851343108,-0.4754864623513256,2.784292716449408e-74,-5.93264205506387e-74,1.2369339886042625e-73,-9.552218613647821e-74,0.786074908591427,0.9799794057490542
8.055276381909547,1.381157327913367,-0.5357696505882045,-1.591103578687581e-71,1.5541437314506571e-72,-3.809206721650663e-71,-1.0150835614771302e-71,0.8073522112214224,0.9754666902193785
8.120603015075377,1.3661603662777082,-0.593147802766443,-1.2510165669506031e-74,1.68473764095647e-74,-4.258407283504303e-74,3.2867689491513294e-74,0.8305332123299584,0.9709123589056494
8.185929648241206,1.3506460106959939,-0.647413589205016,-6.343960893704816e-75,7.017552205256053e-75,-2.0477461647434573e-74,1.4910395712571081e-74,0.857173631320845,0.9668519664082835
8.251256281407034,1.3349763404267745,-0.6984112252000273,-6.425225506617177e-75,5.467753708739429e-75,-1.953480269415951e-74,1.2879509760115761e-74,0.8915733751687043,0.9652282983787644
8.316582914572864,1.3194092385843634,-0.746034234811966,-1.2854976765349983e-74,7.581643247011231e-75,-3.827290243636941e-74,1.7885641378816782e-74,0.9488021540517334,0.9778438319643077
8.381909547738694,1.3041033381390865,-0.7902237089371389,-6.048578912729157e-74,-4.680929574010849e-75,-1.6431757210074676e-73,-7.059197741065203e-74,1.02068935212762,1.175221757203603
8.447236180904522,1.2891294550331482,-0.8309670230402575,-1.0604153392157788e-74,-6.057169076767797e-74,1.2230859952448471e-73,-1.528067300949395e-73,0.7571366247298547,1.0204229654273949
8.512562814070352,1.2744863504601103,-0.8682963178677056,-1.5906855284929773e-74,-5.8536441980273585e-74,2.0481755191846107e-73,-6.2138951477164035e-74,0.8320610852751026,0.9533747788560928
8.57788944723618,1.2601186520258771,-0.9022859672520059,-4.82281996781734e-74,-7.102745829490911e-74,3.3744241737055567e-73,5.8537531593771295e-74,0.8718923457435982,0.9345821745871223
8.64321608040201,1.245934953951456,-0.9330485346414493,-1.2705779323077964e-73,-6.888896404714342e-74,5.1219629516468274e-73,4.214946485824144e-73,0.8998987858452924,0.922760143713894
8.708542713567839,1.2318244814985695,-0.9607291387111649,-3.1165635811101914e-73,1.1290477104551958e-73,8.929094026761255e-74,1.776536406727828e-72,0.9229481988828084,0.9127235480358068
8.773869346733667,1.2176711874346517,-0.9854985371667268,-5.776365479496024e-73,2.5455151610607596e-72,-1.285794083507834e-71,1.0445897729557043e-71,0.9434198175060736,0.9032116327238033
8.839195979899497,1.2033646689759325,-1.0075454930785919,-1.3069498645783617e-71,-5.0101748181182e-71,3.6651256107703554e-70,-1.243102003838517e-70,0.9623085299099227,0.8937935472308728
8.904522613065327,1.1888077713259348,-1.0270690764712562,-3.856490553658107e-71,-6.752424984671213e-71,6.341610695000012e-70,-1.6766636233275172e-70,0.980167877262952,0.8842928450829397
8.969849246231155,1.1739211181830564,-1.0442714967029065,-4.853191426046666e-70,-5.361183281238705e-70,5.985606403388065e-69,-1.7549813543106914e-69,0.9972309044037304,0.8746223301895418
9.035175879396984,1.1586450512569595,-1.059351910099899,1.2029393492540402e-68,9.518945166963724e-69,-1.1323241373175706e-67,4.007198929703245e-68,1.0136672922294663,0.8647382524202877
9.100502512562812,1.142939572779347,-1.072501458797676,-3.412353123574312e-68,-2.315081642780775e-68,2.4910040059677016e-67,-1.0832533185762615e-67,1.0295757118314741,0.8546161307401404
9.165829145728642,1.126782891269392,-1.0838996174058602,-2.1111109922353043e-68,-1.5495443620182606e-68,1.2352450596960322e-67,-6.9311279646296105e-68,1.0450184907680669,0.8442417553233069
9.231155778894472,1.1101691058335668,-1.0937117816656092,-3.839983903909907e-68,-3.964800710706047e-68,1.9048900325777543e-67,-1.5539317878976594e-67,1.060035746585874,0.8336065608390387
9.2964824120603,1.0931054617746294,-1.1020879385860112,-6.329441132485186e-68,-1.484823560010224e-67,3.1635009042004925e-67,-5.0907894693089094e-67,1.074653246452592,0.8227051642264965
9.36180904522613,1.075609497263562,-1.1091622083467332,1.782849114735534e-67,-5.819204100739284e-67,-1.5341021737496047e-67,-1.905797589588485e-66,1.0888870259408798,0.8115339641829296
9.42713567839196,1.057706295365528,-1.1150530352516193,5.493453376012024e-66,3.174278656046862e-66,-1.668589538424358e-65,3.7835874186496837e-66,1.102746191709468,0.8000902908855125
9.492462311557787,1.0394259672346444,-1.1198638164749137,-1.046313185212724e-65,1.788876482167639e-64,-1.4148340630261629e-64,3.9619560400914544e-64,1.116234646118831,0.7883718528980868
9.557788944723617,1.0208014239193715,-1.123683782171087,-4.96381333744239e-62,2.1489395668946584e-62,6.6738739316644225e-62,9.00630250441619e-62,1.1293521352010525,0.7763763478707935
9.623115577889447,1.0018664447614185,-1.12658896975515,4.4880795004916206e-60,-6.681342638560216e-60,4.0193072038416416e-60,1.4384312277356858e-59,1.142094843900008,0.7641011619399514
9.688442211055275,0.9826540157673603,-1.1286431615007202,-3.503531684095968e-61,6.503260721641709e-61,-2.036148209542818e-61,1.2303255659739781e-60,1.1544556623806437,0.7515431121599677
9.753768844221105,0.9631948767552989,-1.1298986615490831,-1.3723847250124786e-59,-1.2297030150828383e-60,1.6323743956560415e-59,1.387322819163799e-59,1.1664241857522872,0.7386982012826414
9.819095477386934,0.9435165919522158,-1.1303972382504195,6.49645157626517e-58,5.9200652463507944e-58,-1.2538862661102594e-57,-2.1886396650620996e-58,1.1779864667020123,0.7255613615040842
9.884422110552762,0.9236410832016694,-1.1301689010113345,9.396717871423927e-57,1.835308711110209e-56,-2.809270742276883e-56,2.170271479560554e-57,1.1891245044501648,0.7121261667572641
9.949748743718594,0.9035855334480077,-1.1292340000480878,-2.587852971410054e-56,-1.0342913294352897e-55,1.3625611427618038e-55,-2.840479400564583e-56,1.1998154153279232,0.6983844935407377
10.015075376884422,0.8833593600430382,-1.1276004009571738,-1.3095303544550718e-54,-2.5748258845270967e-53,3.0954939961055184e-53,-9.940705725657373e-54,1.2100301810964122,0.6843261094020182
10.080402010050252,0.862963398257704,-1.125262523342296,-1.1950017228659766e-54,5.727745869748226e-54,-6.349707713136143e-54,3.388802299678189e-54,1.219731798157131,0.6699381673712651
10.145728643216081,0.8423878982346928,-1.122198215424091,-2.3382344592460064e-53,2.548566209060015e-53,-2.386342003201063e-53,3.4378391545164583e-53,1.2288725322752623,0.6552045860528541
10.21105527638191,0.8216100060616139,-1.1183638040759387,-5.743732725515703e-52,-1.3232879610839912e-52,2.7632064133746564e-52,6.501387738531073e-52,1.2373897780975602,0.6401053037000269
10.27638190954774,0.8005903471359653,-1.113686092472154,-3.0059196173119953e-50,-3.331419099377501e-50,4.47243717014545e-50,2.949735733044438e-50,1.2451996628249613,0.624615439264823
10.341708542713569,0.7792683216795967,-1.1080492965174564,1.361185958716224e-48,2.424628020253564e-48,-3.1289644415267e-48,-1.119109040960463e-48,1.252187113433516,0.6087047547553349
10.407035175879397,0.7575556554423456,-1.1012732139491272,5.566579610253978e-46,-4.007055271340471e-46,2.330261832824674e-47,8.232559833496194e-46,1.2581922015880496,0.5923400583195676
10.472361809045227,0.7353278806686832,-1.0930754633465645,-2.351498775005808e-47,-5.729481832502542e-47,7.04017335365694e-47,2.572300760911179e-47,1.2629904660616786,0.5754926644948364
10.537688442211056,0.7124144163472199,-1.0830032090921788,-5.182584568801155e-46,-2.1307577480858528e-45,2.6620595988733216e-45,3.253919763844698e-46,1.2662389615494951,0.5581389265863183
10.603015075376884,0.6885922318031401,-1.0703028607022176,1.619596291428545e-44,8.836092853666634e-44,-1.1124980464604828e-43,2.1742729143677237e-45,1.2673987259979373,0.5402918156714753
10.668341708542714,0.663605291311079,-1.053655010881869,-2.644168046876765e-44,-2.11545854525075e-43,2.629029131052776e-43,-5.192166651275732e-44,1.2656181794534767,0.5220983817419527
10.733668341708544,0.6373026756860173,-1.0305950305443867,2.698194350181354e-43,3.772375179667668e-42,-4.404284476607548e-42,1.9904811069510517e-42,1.2595316317824612,0.504082839800417
10.798994974874372,0.6103053234419941,-0.9961558774320766,-1.6524947056177306e-43,-4.061641368978192e-42,3.948555380167814e-42,-3.5210758011345725e-42,1.2470759295239047,0.48780843785824546
10.864321608040202,0.5872152590297162,-0.9396657922948037,1.0807459840328991e-42,1.6216399931033495e-41,-8.978648272732011e-42,1.961991123211485e-41,1.2262355143522048,0.4773463125609513
10.929648241206031,0.5930110587336774,-0.8406388543331639,4.1261865563443705e-42,2.1626521193787802e-41,4.488874109469704e-42,2.952467731786723e-41,1.2015516104345334,0.4783137492150211
10.99497487437186,0.7306335188120334,-0.7206445599524387,1.1391513038005465e-40,7.908038021367177e-40,7.0388676097590465e-40,8.569554528731714e-40,1.2350622695802667,0.45192201608744
11.06030150753769,0.9545237518777103,-0.8570472652643041,4.051627553711239e-39,-2.816915464489589e-39,-2.610255378920408e-39,-6.515920790316395e-39,1.3357717834108531,0.6031233040131253
11.125628140703519,0.9039782852474189,-1.0545805446344354,1.6074725288838947e-41,-9.583072322050954e-42,-2.6942318532288555e-41,-4.5273873490752647e-42,1.3495216482731378,0.5812624861514624
11.190954773869347,0.8053315958791094,-1.1132556694911475,2.5548256029726244e-42,-3.2254481150468085e-43,-2.4692076465978936e-42,2.971149493125428e-42,1.3704007797636837,0.5424400527761316
11.256281407035177,0.7360308364803007,-1.123510597718864,6.3858649780456655e-43,-1.0901888402823519e-42,-1.8639130408032153e-42,5.743445380505782e-43,1.3816293909736301,0.5067432681902864
11.321608040201005,0.687120212209067,-1.1206861042258167,3.1099860308457435e-42,-1.4986004404486935e-42,-2.600866525573183e-42,4.834963220203812e-42,1.3872719141607308,0.47616500637485176
11.386934673366834,0.6497737375228891,-1.1141507659403649,-8.189802376442747e-44,1.4094422351684494e-43,2.2097920896349744e-43,-1.5045214322160242e-43,1.3901152624218744,0.44965993605823606
11.452261306532664,0.619239272032373,-1.1066183646095011,2.6295306413093524e-43,-1.98695696510307e-43,-2.622265703602156e-43,4.925165908293753e-43,1.3914569534967103,0.4260903366394527
11.517587939698492,0.5929735634983065,-1.0989545299991996,-3.685668727307745e-43,1.7583780001820836e-42,2.8376787384325187e-42,-1.3520448417933416e-42,1.3918841289402182,0.4046525878520038
11.582914572864322,0.5695367203333781,-1.091447770217118,1.0873284046090387e-42,5.6807371544482715e-43,1.5979114866660784e-42,1.540885471753813e-42,1.3916762574351522,0.3848281321393929
11.648241206030152,0.5480616133786487,-1.0841910953679506,-9.091403263614839e-42,-1.429036355270458e-41,-3.1358822706635884e-41,-4.783844271043463e-42,1.3909828833042093,0.3662921218113779
11.71356783919598,0.5279950503892406,-1.0772093707907102,2.3537858963909525e-40,-8.066125054181389e-41,9.079296231128453e-41,4.740971183031844e-40,1.3899038701216648,0.3488465991573341
11.77889447236181,0.5089648847445681,-1.0705050946364023,5.206270962962272e-40,-1.0161875507051657e-39,-1.0238264600518884e-39,2.0553520393343948e-39,1.3885298041218546,0.3323785346098115
11.84422110552764,0.49070796247197196,-1.0640755392724888,-5.089309562829986e-40,-8.15910123500559e-39,-1.3037948569468994e-38,1.0993891379435053e-38,1.3869678313727125,0.3168355627071656
11.909547738693467,0.473029021175241,-1.0579191656405509,-2.7653423681867274e-38,-5.462231605769449e-38,-1.202946110198038e-37,5.572762072208379e-38,1.3853658140747305,0.3022147774807743
11.974874371859297,0.4557761416082411,-1.0520378561929997,-3.662874152591066e-37,-3.8339276871492774e-37,-1.1419889536774462e-36,3.4314202793849357e-37,1.3839439193140741,0.28856389835354185
12.040201005025127,0.4388254592635692,-1.046437502848124,-1.048102536277212e-35,-1.0682569266111296e-35,-3.157032101978837e-35,1.502152499046768e-35,1.3830410795006947,0.2759989443887093
12.105527638190955,0.42207126633089853,-1.0411279749773488,4.2407351343740235e-35,-8.416833677180396e-36,9.797380575532493e-35,3.756544039201271e-35,1.3831703291895,0.26474653876897103
12.170854271356784,0.4054193624751727,-1.0361228942748713,3.4887082523184958e-34,4.573633175312548e-35,8.747001460002309e-34,-1.4693622862599184e-34,1.3849928704571288,0.255193135540213
12.236180904522614,0.3887824240446609,-1.0314394010741932,8.038052629473545e-33,-4.599433303477501e-33,2.363624267653413e-32,5.37031588225654e-33,1.388790265387553,0.24767082273321028
12.301507537688442,0.3720766609121098,-1.0270980027098506,-1.1166904098851733e-31,3.8735410155906114e-31,-9.174833169778672e-31,-5.979882692531968e-31,1.392658418520993,0.2408095254519528
12.366834170854272,0.3552193129400194,-1.0231225701991884,-1.8832064990881955e-31,4.066333118765452e-31,-1.1814386333254317e-30,4.481965929236324e-31,1.3913544465804897,0.22936162254572595
12.4321608040201,0.3381266991748277,-1.0195405684307235,-1.4441629569681082e-28,-7.566100101483846e-29,4.773482124731729e-28,-1.0105971865254408e-29,1.3815356075342533,0.21205172508535078
12.49748743718593,0.320712611686138,-1.016383661531143,9.930786174587516e-30,-9.805768978112109e-30,-4.2501540497248564e-29,-7.331743598903113e-31,1.3675308868001883,0.19608099315232433
12.56281407035176,0.30288682156954994,-1.0136888844376395,-4.2518784883535144e-30,-1.2258560335287501e-29,-3.9544173515319655e-29,-1.1546988271187092e-29,1.3550015221228442,0.18436392860788453
12.628140703517587,0.2845530973463753,-1.0114999880023443,-9.054278910813171e-29,-1.0506863587137395e-29,-2.077956298091175e-28,-2.198757211610726e-28,1.3453275378491096,0.17551021084166485
12.693467336683417,0.26560323624733795,-1.009858239856382,4.719755264788437e-28,-7.331909633024292e-28,2.9519671289151096e-28,3.0195079587693406e-27,1.3379112800621755,0.16821781802243466
12.758793969849247,0.24581548864657882,-1.008283003683951,1.8032752157575972e-28,8.579913037062227e-29,6.797187419701219e-28,-2.6647273496530156e-28,1.332051910059259,0.16186095461223504
12.824120603015075,0.2255595036539073,-1.0100795851496267,-6.3050937486163995e-28,-8.587325680574356e-28,-1.339667307473054e-27,3.8742622448947e-27,1.3272895618376939,0.15616678554527122
12.889447236180905,0.20408295484803632,-1.0149551500103133,4.634628682589459e-25,-1.1777269685708856e-25,1.7039773816214074e-24,-9.245993497797424e-25,1.3233443733521881,0.15101997141406184
12.954773869346734,0.1856227566994073,-0.9966143540116605,-9.761532159379224e-26,3.516707836844709e-26,1.3467237863596278e-25,4.224007950200298e-25,1.3200162536646596,0.14640857375641445
13.020100502512562,0.159757189693091,-1.005455680728225,3.744300698802948e-25,2.332147995921364e-25,-5.870043141293419e-26,1.9847001090323535e-24,1.3170564829020464,0.1425149605679063
13.085427135678392,0.1350778602762972,-1.0091479885884684,8.717321582522362e-24,5.838410190354667e-26,3.702543331427595e-23,1.8213808250398096e-23,1.313697380091538,0.14052480085322208
13.150753768844222,0.1095457691499398,-1.0133076039894053,2.1107756397441326e-21,-1.0893093354256405e-21,6.2358771841759585e-21,-1.0002532590499605e-20,1.3130477532084242,0.1838662591697676
13.21608040201005,0.08312476871306075,-1.019065719283952,3.31294521523912e-20,5.4833316481586155e-21,1.0000506930122914e-19,-1.4410622835676716e-19,1.3214918430220381,0.12014494319945221
13.28140703517588,0.055808129136027694,-1.0278728160208663,2.2104113480709475e-20,2.2099388284069352e-20,-1.1590489343639445e-19,-9.899201940288749e-20,1.3183876540507815,0.11863094213825746
13.34673366834171,0.026627429434806303,-1.0425071209277341,-1.589198002712911e-18,-1.2091127564072636e-18,9.641244572564208e-18,-1.8620879953639896e-18,1.3180331502098976,0.1149377841637386
13.412060301507537,-0.009654901058081719,-1.0665333179594503,6.841022929474718e-20,7.31471208257059e-20,1.8513946778340315e-19,4.291294241803795e-19,1.3186373819306845,0.11051661893469153
13.477386934673367,-0.06443058099782555,-1.0955028929895785,2.264041312882135e-18,1.3333887314785917e-17,-5.492419009161923e-17,-1.7725520889777252e-17,1.3198514319817685,0.10558787379357173
13.542713567839195,-0.13604569904019256,-1.1116582492381961,2.319729870674219e-16,1.043125150200568e-16,6.083878675663047e-16,-7.509157463299947e-16,1.321519625097678,0.10017504361712364
13.608040201005025,-0.20699857759450516,-1.114409670194723,-8.880664887948243e-15,-4.8863184504985825e-15,1.0633675297846185e-14,-3.1961121906969694e-14,1.3235290545136815,0.0942531989924858
13.673366834170855,-0.27456837870468226,-1.1155703639704764,-1.0958767339593803e-12,2.750827143176914e-13,-2.9149210770085033e-12,-1.4239598741776434e-12,1.325775916602561,0.08778802873115185
13.738693467336683,-0.3440039409538886,-1.1196361176017278,3.915404917981763e-12,-5.95127130603364e-12,1.3203834298609413e-11,-1.1513799908241524e-11,1.3281568013820857,0.0807505136907914
13.804020100502512,-0.41926126765814015,-1.126713082301909,-4.5974931058924756e-10,-1.2239265329195462e-9,-9.824735971405236e-10,-2.552669768248234e-9,1.3305680098374784,0.07312398383610189
13.869346733668342,-0.5028851691062556,-1.1361354034398286,-6.7979561173770265e-9,-7.3152891159942295e-9,-1.3607052664470114e-8,-1.1292414409757124e-8,1.3329087817565037,0.0649081446402044
13.93467336683417,-0.596623050862584,-1.1468991277279559,7.359916807386502e-8,7.720577917540819e-8,1.0416621852250981e-7,1.2087119732780185e-7,1.3350881864231587,0.05612253056394897
14.0,-0.7049309953923997,-1.1608733556870285,3.596058868272786e-7,1.6133744347448674e-7,-7.155174204106689e-8,4.975183476043184e-7,1.3370387340928835,0.04681311170716142
